Date,Close,t Standardized Residuals,Conditional Volatility,Mu
1985-01-03,164.57000732421875,-0.7118090841720073,0.007886597770681292,0.0007644499133471556
1985-01-04,163.67999267578125,-0.7977166329649182,0.00775619852214377,0.0007644499133471556
1985-01-07,164.24000549316406,0.34525645356679724,0.007678636444783053,0.0007644499133471556
1985-01-08,163.99000549316406,-0.3086681574449997,0.007411753245363152,0.0007644499133471556
1985-01-09,165.17999267578125,0.9041555186044308,0.007151214744639483,0.0007644499133471556
1985-01-10,168.30999755859375,2.5171686755367806,0.007153794996966642,0.0007644499133471556
1985-01-11,167.91000366210938,-0.35626442665724717,0.008824370129158866,0.0007644499133471556
1985-01-14,170.50999450683594,1.71813747502741,0.008498342380353716,0.0007644499133471556
1985-01-15,170.80999755859375,0.10692248324309125,0.009291307117086261,0.0007644499133471556
1985-01-16,171.19000244140625,0.16402011947561979,0.008887944860213208,0.0007644499133471556
1985-01-17,170.72999572753906,-0.40578158105050677,0.00851487318373355,0.0007644499133471556
1985-01-18,171.32000732421875,0.3266503811357228,0.00822105064654485,0.0007644499133471556
1985-01-21,175.22999572753906,2.753023761487957,0.007919193154484265,0.0007644499133471556
1985-01-22,175.47999572753906,0.06530834910144766,0.010124734558019963,0.0007644499133471556
1985-01-23,177.3000030517578,0.9879796766394593,0.00966996452900291,0.0007644499133471556
1985-01-24,176.7100067138672,-0.4226887193411162,0.009694300331994999,0.0007644499133471556
1985-01-25,177.35000610351562,0.30497912359769613,0.00934738376212343,0.0007644499133471556
1985-01-28,177.39999389648438,-0.05375506812391389,0.00897831766969042,0.0007644499133471556
1985-01-29,179.17999267578125,1.0733422396522205,0.008589395412838052,0.0007644499133471556
1985-01-30,179.38999938964844,0.0467899444276905,0.008696464745661226,0.0007644499133471556
1985-01-31,179.6300048828125,0.06878418372592704,0.008323915620816795,0.0007644499133471556
1985-02-01,178.6300048828125,-0.7958930653278382,0.007974692025380516,0.0007644499133471556
1985-02-04,180.3500061035156,1.117732402811995,0.00788948809308301,0.0007644499133471556
1985-02-05,180.61000061035156,0.08414484604939702,0.008035224273335962,0.0007644499133471556
1985-02-06,180.42999267578125,-0.2286514189891449,0.0077043624265373525,0.0007644499133471556
1985-02-07,181.82000732421875,0.9324142873583273,0.007410790278285848,0.0007644499133471556
1985-02-08,182.19000244140625,0.17081908952577468,0.007425605016317891,0.0007644499133471556
1985-02-11,180.5099945068359,-1.4044969498796394,0.007140218014084934,0.0007644499133471556
1985-02-12,180.55999755859375,-0.06480638596139937,0.007522073436906962,0.0007644499133471556
1985-02-13,183.3500061035156,2.0174767090467,0.007221574771869458,0.0007644499133471556
1985-02-14,182.41000366210935,-0.7150972749064264,0.008256858404690553,0.0007644499133471556
1985-02-15,181.6000061035156,-0.6426148286992842,0.008115080260626701,0.0007644499133471556
1985-02-19,181.3300018310547,-0.28367748280340555,0.007939875608385855,0.0007644499133471556
1985-02-20,181.17999267578125,-0.20829200110270368,0.007643422948173189,0.0007644499133471556
1985-02-21,180.19000244140625,-0.8494492905324238,0.007350124970603542,0.0007644499133471556
1985-02-22,179.36000061035156,-0.7356794438731296,0.007314803368725282,0.0007644499133471556
1985-02-25,179.22999572753906,-0.20637526706176132,0.007217624745963456,0.0007644499133471556
1985-02-26,181.1699981689453,1.4391122199883637,0.006949759319105101,0.0007644499133471556
1985-02-27,180.7100067138672,-0.44950283582754974,0.007356312281233954,0.0007644499133471556
1985-02-28,181.17999267578125,0.2568127879624335,0.007137293880316331,0.0007644499133471556
1985-03-01,183.22999572753903,1.5236807571982525,0.006882510785591601,0.0007644499133471556
1985-03-04,182.05999755859375,-0.973808370963884,0.007363185031583521,0.0007644499133471556
1985-03-05,182.22999572753903,0.02279997269956757,0.007406257637526948,0.0007644499133471556
1985-03-06,180.6499938964844,-1.331991293201455,0.007111629187812907,0.0007644499133471556
1985-03-07,179.50999450683594,-0.9550233920982593,0.007429124456204538,0.0007644499133471556
1985-03-08,179.10000610351562,-0.40906291561960745,0.007458492895509288,0.0007644499133471556
1985-03-11,178.7899932861328,-0.34575903141340997,0.007221497111976834,0.0007644499133471556
1985-03-12,179.66000366210938,0.5858898080563067,0.0069805806535543045,0.0007644499133471556
1985-03-13,178.19000244140625,-1.3149578014451038,0.00682929569878896,0.0007644499133471556
1985-03-14,177.83999633789062,-0.38314527372776286,0.007126830153641076,0.0007644499133471556
1985-03-15,176.52999877929688,-1.182160471252982,0.006900816335265792,0.0007644499133471556
1985-03-18,176.8800048828125,0.17141811895278403,0.0070954433656049256,0.0007644499133471556
1985-03-19,179.5399932861328,2.0733516254321565,0.006830473274401197,0.0007644499133471556
1985-03-20,179.0800018310547,-0.4224603045239509,0.007881907989588583,0.0007644499133471556
1985-03-21,179.35000610351562,0.09731078807905666,0.007626538776986993,0.0007644499133471556
1985-03-22,179.0399932861328,-0.3407041139689548,0.007321546046315786,0.0007644499133471556
1985-03-25,177.97000122070312,-0.9554648568601397,0.007073680741100952,0.0007644499133471556
1985-03-26,178.42999267578125,0.25554393065735165,0.007109825916223679,0.0007644499133471556
1985-03-27,179.5399932861328,0.7930042799644934,0.006856470718430202,0.0007644499133471556
1985-03-28,179.5399932861328,-0.11233998060050078,0.006804789437036344,0.0007644499133471556
1985-03-29,180.66000366210935,0.8324213339133304,0.006552445165862294,0.0007644499133471556
1985-04-01,181.27000427246097,0.3990789365898018,0.0065309739494812035,0.0007644499133471556
1985-04-02,180.52999877929688,-0.7654302672961852,0.006343025587595628,0.0007644499133471556
1985-04-03,179.11000061035156,-1.3756733780109016,0.006296019530307843,0.0007644499133471556
1985-04-04,179.02999877929688,-0.18267869923594118,0.006630290332247846,0.0007644499133471556
1985-04-08,178.02999877929688,-0.9952856115962648,0.006395916934685049,0.0007644499133471556
1985-04-09,178.2100067138672,0.03805142422498234,0.0064688612985638605,0.0007644499133471556
1985-04-10,179.4199981689453,0.9627209214931741,0.006234722877067134,0.0007644499133471556
1985-04-11,180.19000244140625,0.5591214732979549,0.006292009190710892,0.0007644499133471556
1985-04-12,180.5399932861328,0.19076651526455907,0.006164653579492669,0.0007644499133471556
1985-04-15,180.9199981689453,0.2244736101104102,0.005961332793330932,0.0007644499133471556
1985-04-16,181.1999969482422,0.1353971602090853,0.005775544801300087,0.0007644499133471556
1985-04-17,181.67999267578125,0.3363115301195756,0.005593120171931937,0.0007644499133471556
1985-04-18,180.83999633789065,-0.9907460280759496,0.005449090955668296,0.0007644499133471556
1985-04-19,181.11000061035156,0.13134531658359677,0.005538779579090466,0.0007644499133471556
1985-04-22,180.6999969482422,-0.5641385461682439,0.005372534939843481,0.0007644499133471556
1985-04-23,181.8800048828125,1.0846731935435898,0.005296088457193125,0.0007644499133471556
1985-04-24,182.2599945068359,0.24325503523159936,0.005437105180820185,0.0007644499133471556
1985-04-25,183.42999267578125,1.0652845965531836,0.0052891260918402,0.0007644499133471556
1985-04-26,182.17999267578125,-1.4026231757876744,0.005420104507143693,0.0007644499133471556
1985-04-29,180.6300048828125,-1.618046237636991,0.005753143287064893,0.0007644499133471556
1985-04-30,179.8300018310547,-0.8313583715832271,0.006258728977227608,0.0007644499133471556
1985-05-01,178.3699951171875,-1.4275068970015592,0.006246136600629219,0.0007644499133471556
1985-05-02,179.00999450683594,0.4255716033264303,0.00661973774752908,0.0007644499133471556
1985-05-03,180.0800018310547,0.8074849393479189,0.0064337018366993895,0.0007644499133471556
1985-05-06,179.99000549316406,-0.19744323955926693,0.00640352322010197,0.0007644499133471556
1985-05-07,180.7599945068359,0.566551101904298,0.00618546132559512,0.0007644499133471556
1985-05-08,180.6199951171875,-0.2537476750510119,0.0060660822914581055,0.0007644499133471556
1985-05-09,181.9199981689453,1.0901193649297467,0.005877540057363714,0.0007644499133471556
1985-05-10,184.27999877929688,2.016062807896643,0.0060141298900214316,0.0007644499133471556
1985-05-13,184.61000061035156,0.14847361517053137,0.006901641955582666,0.0007644499133471556
1985-05-14,183.8699951171875,-0.7193453538119208,0.006646300510171398,0.0007644499133471556
1985-05-15,184.5399932861328,0.43749730658407454,0.0065664318436449475,0.0007644499133471556
1985-05-16,185.66000366210935,0.8277233191493468,0.00638668488875647,0.0007644499133471556
1985-05-17,187.4199981689453,1.36155893151392,0.0063681153384184865,0.0007644499133471556
1985-05-20,189.72000122070312,1.7081413150608644,0.006693111104790358,0.0007644499133471556
1985-05-21,189.63999938964844,-0.16163490148506787,0.007338901008519262,0.0007644499133471556
1985-05-22,188.55999755859375,-0.9175392645501077,0.007057724174589527,0.0007644499133471556
1985-05-23,187.6000061035156,-0.8300049075376663,0.007070592515099465,0.0007644499133471556
1985-05-24,188.2899932861328,0.41336136517717403,0.007032038008273078,0.0007644499133471556
1985-05-28,187.86000061035156,-0.44734769794227924,0.00681960355070614,0.0007644499133471556
1985-05-29,187.67999267578125,-0.2599477323495087,0.006628685824585063,0.0007644499133471556
1985-05-30,187.75,-0.06112019303565379,0.006405495954556425,0.0007644499133471556
1985-05-31,189.5500030517578,1.4211041315279254,0.006176266263704753,0.0007644499133471556
1985-06-03,189.32000732421875,-0.3024072390313898,0.006542714575941297,0.0007644499133471556
1985-06-04,190.0399932861328,0.4786974554377255,0.006332491048799291,0.0007644499133471556
1985-06-05,190.16000366210935,-0.021553627974005722,0.006177549020592096,0.0007644499133471556
1985-06-06,191.05999755859375,0.6636785776247633,0.005962539659603257,0.0007644499133471556
1985-06-07,189.67999267578125,-1.3607940570514194,0.005888877006679074,0.0007644499133471556
1985-06-10,189.5099945068359,-0.2677914666674483,0.006202917833940995,0.0007644499133471556
1985-06-11,189.0399932861328,-0.5405693424598585,0.006007771598888688,0.0007644499133471556
1985-06-12,187.61000061035156,-1.419137705827569,0.005889283283270647,0.0007644499133471556
1985-06-13,185.3300018310547,-2.0800196024952844,0.006245981296230552,0.0007644499133471556
1985-06-14,187.1000061035156,1.2092699346922262,0.007228151505651169,0.0007644499133471556
1985-06-17,186.52999877929688,-0.512465410363893,0.0074456504296717,0.0007644499133471556
1985-06-18,187.33999633789065,0.4926389223328105,0.007243846650624202,0.0007644499133471556
1985-06-19,186.6300048828125,-0.6474746340876438,0.007045071031589272,0.0007644499133471556
1985-06-20,186.72999572753903,-0.03308343766486551,0.006916540028235634,0.0007644499133471556
1985-06-21,189.61000061035156,2.185608196955154,0.006653152207902294,0.0007644499133471556
1985-06-24,189.1499938964844,-0.40888187148361893,0.007810239558780174,0.0007644499133471556
1985-06-25,189.7400054931641,0.3110763793566105,0.00755433182145372,0.0007644499133471556
1985-06-26,190.05999755859375,0.12635051345211507,0.007286128749949265,0.0007644499133471556
1985-06-27,191.22999572753903,0.7670165630623662,0.007004569575869958,0.0007644499133471556
1985-06-28,191.8500061035156,0.35655621713775454,0.006934471317256021,0.0007644499133471556
1985-07-01,192.42999267578125,0.3357996266829998,0.006712677952313867,0.0007644499133471556
1985-07-02,192.0099945068359,-0.45382257777595514,0.00649909861790684,0.0007644499133471556
1985-07-03,191.4499969482422,-0.5823919458875076,0.006327720279076108,0.0007644499133471556
1985-07-05,192.52000427246097,0.774809265042323,0.006206630389900966,0.0007644499133471556
1985-07-08,191.92999267578125,-0.6214630255797863,0.006169043572745114,0.0007644499133471556
1985-07-09,191.0500030517578,-0.8830451378587739,0.006069841590122686,0.0007644499133471556
1985-07-10,192.3699951171875,1.0052642830465677,0.006088882156714377,0.0007644499133471556
1985-07-11,192.94000244140625,0.3554515314969404,0.00617312559559974,0.0007644499133471556
1985-07-12,193.2899932861328,0.17475724817536137,0.005996287910544376,0.0007644499133471556
1985-07-15,192.72000122070312,-0.6407189335600828,0.005802391909934296,0.0007644499133471556
1985-07-16,194.72000122070312,1.6689739307328824,0.005727963018570141,0.0007644499133471556
1985-07-17,195.6499938964844,0.6376263446908972,0.006273630429566682,0.0007644499133471556
1985-07-18,194.3800048828125,-1.178315832347118,0.0061755396801582065,0.0007644499133471556
1985-07-19,195.1300048828125,0.48485081958684123,0.0063659725775341855,0.0007644499133471556
1985-07-22,194.3500061035156,-0.7679570085723237,0.006211010886545699,0.0007644499133471556
1985-07-23,192.5500030517578,-1.6319337548069073,0.00617014169637318,0.0007644499133471556
1985-07-24,191.5800018310547,-0.8664640037231702,0.006711000671757027,0.0007644499133471556
1985-07-25,192.05999755859375,0.2592694003098591,0.0067029702322028584,0.0007644499133471556
1985-07-26,192.3999938964844,0.15509420334350216,0.006475071765505014,0.0007644499133471556
1985-07-29,189.6000061035156,-2.4688071980974504,0.0062476869078016105,0.0007644499133471556
1985-07-30,189.92999267578125,0.12709235641729,0.007667437783681717,0.0007644499133471556
1985-07-31,190.9199981689453,0.6023114572113892,0.007362449973593006,0.0007644499133471556
1985-08-01,192.11000061035156,0.756786701234122,0.007200437518533562,0.0007644499133471556
1985-08-02,191.47999572753903,-0.5688535339081557,0.007118239191548725,0.0007644499133471556
1985-08-05,190.6199951171875,-0.7572726659815104,0.006953770375357608,0.0007644499133471556
1985-08-06,187.92999267578125,-2.1767005573000993,0.0068805181593697305,0.0007644499133471556
1985-08-07,187.67999267578125,-0.25996320930092887,0.008061210408353692,0.0007644499133471556
1985-08-08,188.9499969482422,0.7712905584887921,0.007752743483076661,0.0007644499133471556
1985-08-09,188.32000732421875,-0.5357975655494164,0.0076599473704600865,0.0007644499133471556
1985-08-12,187.6300048828125,-0.5947886918110995,0.0074567116959002085,0.0007644499133471556
1985-08-13,187.3000030517578,-0.34646619380459953,0.007287258433685841,0.0007644499133471556
1985-08-14,187.41000366210935,-0.025178470130829862,0.007042760806051464,0.0007644499133471556
1985-08-15,187.2599945068359,-0.23115810232721593,0.006771138175504956,0.0007644499133471556
1985-08-16,186.1000061035156,-1.067912077043181,0.006534479564849682,0.0007644499133471556
1985-08-19,186.3800048828125,0.11111520592608155,0.0066505766783951994,0.0007644499133471556
1985-08-20,188.0800018310547,1.2976358480267731,0.006408067032792956,0.0007644499133471556
1985-08-21,189.16000366210935,0.7421781216872495,0.006684882119100209,0.0007644499133471556
1985-08-22,187.36000061035156,-1.5611683423413099,0.006614138694574736,0.0007644499133471556
1985-08-23,187.1699981689453,-0.25000280174050815,0.007116192298836143,0.0007644499133471556
1985-08-26,187.30999755859375,-0.0024411137553815507,0.00686147768098088,0.0007644499133471556
1985-08-27,188.1000061035156,0.5217687530615265,0.00660126454088389,0.0007644499133471556
1985-08-28,188.8300018310547,0.48234779052022997,0.00644541238261982,0.0007644499133471556
1985-08-29,188.92999267578125,-0.037398280696666675,0.006285360741441322,0.0007644499133471556
1985-08-30,188.6300048828125,-0.38815489728206914,0.006063396352639991,0.0007644499133471556
1985-09-03,187.91000366210935,-0.7776956139431814,0.0059004522909421805,0.0007644499133471556
1985-09-04,187.3699951171875,-0.619886874692756,0.005875827995490449,0.0007644499133471556
1985-09-05,187.27000427246097,-0.22420553258486262,0.005790431940749807,0.0007644499133471556
1985-09-06,188.2400054931641,0.7838112238102688,0.0056159888591601785,0.0007644499133471556
1985-09-09,188.25,-0.1269103116427478,0.005605193344399022,0.0007644499133471556
1985-09-10,186.8999938964844,-1.46515859261415,0.005433974744135067,0.0007644499133471556
1985-09-11,185.02999877929688,-1.8621738912087389,0.0058105015181781905,0.0007644499133471556
1985-09-12,183.69000244140625,-1.2301590555735453,0.006529927918161805,0.0007644499133471556
1985-09-13,182.91000366210935,-0.7427870032703697,0.006758019096882314,0.0007644499133471556
1985-09-16,182.8800048828125,-0.13889266671691503,0.0066848149614928635,0.0007644499133471556
1985-09-17,181.36000061035156,-1.4141800809580818,0.006442367006421443,0.0007644499133471556
1985-09-18,181.7100067138672,0.17083431906546398,0.006811202441925335,0.0007644499133471556
1985-09-19,183.38999938964844,1.2855827882691853,0.0065639746697117975,0.0007644499133471556
1985-09-20,182.0500030517578,-1.1849804999127873,0.0068339419170088565,0.0007644499133471556
1985-09-23,184.3000030517578,1.6384555249759147,0.007030425764229987,0.0007644499133471556
1985-09-24,182.6199951171875,-1.3004213467841035,0.007629732256907309,0.0007644499133471556
1985-09-25,180.66000366210935,-1.45709428060408,0.007930222858860582,0.0007644499133471556
1985-09-26,181.2899932861328,0.32375978367714364,0.008390912765935421,0.0007644499133471556
1985-09-30,182.0800018310547,0.4435964763803113,0.00807893945068831,0.0007644499133471556
1985-10-01,185.07000732421875,1.9849816398085685,0.007820505865695363,0.0007644499133471556
1985-10-02,184.05999755859375,-0.7017233809140438,0.008887894292125107,0.0007644499133471556
1985-10-03,184.36000061035156,0.09914158581204804,0.00871625257967518,0.0007644499133471556
1985-10-04,183.22000122070312,-0.8348138416385986,0.008345810142615805,0.0007644499133471556
1985-10-07,181.8699951171875,-0.9861026105112058,0.008274954132379622,0.0007644499133471556
1985-10-08,181.8699951171875,-0.0919504510678194,0.00831371575092464,0.0007644499133471556
1985-10-09,182.52000427246097,0.35186903130488706,0.007966629664819905,0.0007644499133471556
1985-10-10,182.77999877929688,0.08574625930957934,0.007685557248743641,0.0007644499133471556
1985-10-11,184.27999877929688,1.0044071879137593,0.007376138336946535,0.0007644499133471556
1985-10-14,186.3699951171875,1.4130708933393767,0.007439920803462651,0.0007644499133471556
1985-10-15,186.0800018310547,-0.29615853753188476,0.00783928167394431,0.0007644499133471556
1985-10-16,187.97999572753903,1.2440660008515674,0.007551370211549299,0.0007644499133471556
1985-10-17,187.66000366210935,-0.31638990346747053,0.007801029595690301,0.0007644499133471556
1985-10-18,187.0399932861328,-0.5417291117151091,0.007520036072175526,0.0007644499133471556
1985-10-21,186.9600067138672,-0.16273764933758372,0.0073258130818912625,0.0007644499133471556
1985-10-22,188.0399932861328,0.7090262619870231,0.007045570333041111,0.0007644499133471556
1985-10-23,189.08999633789065,0.6916901133324073,0.006945238002828749,0.0007644499133471556
1985-10-24,188.5,-0.5685810631476679,0.006840741107099272,0.0007644499133471556
1985-10-25,187.52000427246097,-0.8934849875420628,0.006689455012757623,0.0007644499133471556
1985-10-28,187.7599945068359,0.0768314387806247,0.006697039761385466,0.0007644499133471556
1985-10-29,189.22999572753903,1.0906743352062107,0.0064494152020940585,0.0007644499133471556
1985-10-30,190.07000732421875,0.5568769414803485,0.00658104129102151,0.0007644499133471556
1985-10-31,189.82000732421875,-0.32316442503216486,0.0064382721668359,0.0007644499133471556
1985-11-01,191.52999877929688,1.3150056256339235,0.006238532049182757,0.0007644499133471556
1985-11-04,191.25,-0.341334881802843,0.006525630009088658,0.0007644499133471556
1985-11-05,192.3699951171875,0.8023902934686138,0.006324419620979207,0.0007644499133471556
1985-11-06,192.7599945068359,0.2002756984944779,0.006295510814075185,0.0007644499133471556
1985-11-07,192.6199951171875,-0.24503804492212233,0.006084779223833717,0.0007644499133471556
1985-11-08,193.72000122070312,0.8364916586002876,0.005893738555682998,0.0007644499133471556
1985-11-11,197.27999877929688,2.959003385266414,0.005895822750821575,0.0007644499133471556
1985-11-12,198.0800018310547,0.4195439384529634,0.007824009114844812,0.0007644499133471556
1985-11-13,197.1000061035156,-0.7560955381114037,0.0075707410502974595,0.0007644499133471556
1985-11-14,199.05999755859375,1.2214072930212994,0.007475458486940711,0.0007644499133471556
1985-11-15,198.11000061035156,-0.7200831159486885,0.007705068035336961,0.0007644499133471556
1985-11-18,198.7100067138672,0.2978811726766998,0.007585656401944465,0.0007644499133471556
1985-11-19,198.6699981689453,-0.13207363171520028,0.007312675076653001,0.0007644499133471556
1985-11-20,198.9900054931641,0.1201995339335894,0.0070299967594883,0.0007644499133471556
1985-11-21,201.41000366210935,1.6741096987448918,0.0067639533726448,0.0007644499133471556
1985-11-22,201.52000427246097,-0.029594717797849276,0.007381260955406749,0.0007644499133471556
1985-11-25,200.3500061035156,-0.9293074499165213,0.00708832756376882,0.0007644499133471556
1985-11-26,200.6699981689453,0.11697637979003835,0.007107770093819818,0.0007644499133471556
1985-11-27,202.5399932861328,1.2449470267653138,0.006836560902380682,0.0007644499133471556
1985-11-29,202.1699981689453,-0.3663003977428086,0.007078605745123779,0.0007644499133471556
1985-12-02,200.4600067138672,-1.3514347574617356,0.006850948107138949,0.0007644499133471556
1985-12-03,200.86000061035156,0.17118654051655524,0.007178963940773064,0.0007644499133471556
1985-12-04,204.22999572753903,2.297680961048305,0.006908786798991563,0.0007644499133471556
1985-12-05,203.8800048828125,-0.3008166009064163,0.008242993550914105,0.0007644499133471556
1985-12-06,202.9900054931641,-0.6478093511847394,0.007933376570284718,0.0007644499133471556
1985-12-09,204.25,0.6981822026667921,0.007768086897830531,0.0007644499133471556
1985-12-10,204.38999938964844,-0.010380477302573608,0.007634830622269072,0.0007644499133471556
1985-12-11,206.30999755859375,1.1719517479009718,0.007325813371352173,0.0007644499133471556
1985-12-12,206.72999572753903,0.16891282573521435,0.007514191331024477,0.0007644499133471556
1985-12-13,209.94000244140625,2.0273338318522978,0.007223163606770362,0.0007644499133471556
1985-12-16,212.02000427246097,1.0996154386618433,0.00827052124438161,0.0007644499133471556
1985-12-17,210.6499938964844,-0.8626691231364192,0.008400811232026231,0.0007644499133471556
1985-12-18,209.80999755859375,-0.5702434044550512,0.008347420933184746,0.0007644499133471556
1985-12-19,210.02000427246097,0.029035673888158853,0.00812748745514183,0.0007644499133471556
1985-12-20,210.94000244140625,0.4630528822859009,0.007788548621686666,0.0007644499133471556
1985-12-23,208.57000732421875,-1.5974428603229234,0.007551721072772962,0.0007644499133471556
1985-12-24,207.13999938964844,-0.9390563381554612,0.008140418006331758,0.0007644499133471556
1985-12-26,207.6499938964844,0.20802282851898848,0.008146223989104464,0.0007644499133471556
1985-12-27,209.61000061035156,1.1031708426912883,0.007823152329184015,0.0007644499133471556
1985-12-30,210.67999267578125,0.5438153658820412,0.00795719662288056,0.0007644499133471556
1985-12-31,211.27999877929688,0.2685495483183544,0.00774327292809864,0.0007644499133471556
1986-01-02,209.58999633789065,-1.179821074304372,0.007454933975827716,0.0007644499133471556
1986-01-03,210.8800048828125,0.7021531805037332,0.007650183452935816,0.0007644499133471556
1986-01-06,210.6499938964844,-0.24666574157943563,0.007523399559735432,0.0007644499133471556
1986-01-07,213.8000030517578,1.9435554455137467,0.007243736490068633,0.0007644499133471556
1986-01-08,207.97000122070312,-3.4674810513819816,0.008193734286570286,0.0007644499133471556
1986-01-09,206.11000061035156,-0.8303755205799687,0.01173960967621408,0.0007644499133471556
1986-01-10,205.9600067138672,-0.12882468662777036,0.011585139409637134,0.0007644499133471556
1986-01-13,206.72000122070312,0.2640219414783621,0.011055023661262733,0.0007644499133471556
1986-01-14,206.63999938964844,-0.10880696266667782,0.010583243485309066,0.0007644499133471556
1986-01-15,208.2599945068359,0.6970558535490317,0.01010633070818156,0.0007644499133471556
1986-01-16,209.1699981689453,0.36355079412392644,0.009890191773509416,0.0007644499133471556
1986-01-17,208.42999267578125,-0.45299891654570273,0.00951115147137557,0.0007644499133471556
1986-01-20,207.52999877929688,-0.5543213561935444,0.009185586156075,0.0007644499133471556
1986-01-21,205.7899932861328,-1.0294526542549352,0.008921394099368788,0.0007644499133471556
1986-01-22,203.4900054931641,-1.3354017567114564,0.00898887391885605,0.0007644499133471556
1986-01-23,204.25,0.3167524307275247,0.009355550008249247,0.0007644499133471556
1986-01-24,206.42999267578125,1.0959734065835616,0.008989408583690937,0.0007644499133471556
1986-01-27,207.38999938964844,0.4251211815948253,0.009115728725362631,0.0007644499133471556
1986-01-28,209.80999755859375,1.2316876647918777,0.008798352331109299,0.0007644499133471556
1986-01-29,210.2899932861328,0.16797379846226093,0.00905320354806775,0.0007644499133471556
1986-01-30,209.3300018310547,-0.6158315586507009,0.008671178861486096,0.0007644499133471556
1986-01-31,211.77999877929688,1.2850883777517264,0.00845979285122906,0.0007644499133471556
1986-02-03,213.9600067138672,1.0815635821813687,0.008762008121031404,0.0007644499133471556
1986-02-04,212.7899932861328,-0.7039244001593605,0.008875712538965618,0.0007644499133471556
1986-02-05,212.9600067138672,0.003928859418619525,0.008705816558708546,0.0007644499133471556
1986-02-06,213.47000122070312,0.1953337122094825,0.008331778403275852,0.0007644499133471556
1986-02-07,214.55999755859375,0.5413655980226972,0.00799578873459303,0.0007644499133471556
1986-02-10,216.2400054931641,0.9043615360096007,0.007779045241432802,0.0007644499133471556
1986-02-11,215.9199981689453,-0.28906668623521353,0.007767816777399897,0.0007644499133471556
1986-02-12,215.97000122070312,-0.0712197590127388,0.007482408656361438,0.0007644499133471556
1986-02-13,217.3999938964844,0.8121404536809087,0.00718469554220219,0.0007644499133471556
1986-02-14,219.7599945068359,1.406553361078179,0.0071327690388684,0.0007644499133471556
1986-02-18,222.4499969482422,1.51696556498406,0.007516239717117865,0.0007644499133471556
1986-02-19,219.7599945068359,-1.6123213404752572,0.008019974884110931,0.0007644499133471556
1986-02-20,222.22000122070312,1.1981235441619076,0.008653048339989623,0.0007644499133471556
1986-02-21,224.6199951171875,1.1244427548899574,0.008873485280569363,0.0007644499133471556
1986-02-24,224.33999633789065,-0.22288754118752166,0.009025950065509268,0.0007644499133471556
1986-02-25,223.7899932861328,-0.37193499596763957,0.008655033043633,0.0007644499133471556
1986-02-26,224.0399932861328,0.04219730474185942,0.008342839355537226,0.0007644499133471556
1986-02-27,226.77000427246097,1.419960053119631,0.007991266726173278,0.0007644499133471556
1986-02-28,226.9199981689453,-0.012265858680579,0.008416233998065386,0.0007644499133471556
1986-03-03,225.4199981689453,-0.9177474094216395,0.008059574492437514,0.0007644499133471556
1986-03-04,224.3800048828125,-0.6692592727143377,0.008051746080998482,0.0007644499133471556
1986-03-05,224.33999633789065,-0.11944937809412742,0.007892656398964203,0.0007644499133471556
1986-03-06,225.1300048828125,0.3632315571688133,0.0075732489673575,0.0007644499133471556
1986-03-07,225.57000732421875,0.16237291481587668,0.007316982602249515,0.0007644499133471556
1986-03-10,226.5800018310547,0.5262114996954835,0.007037240895608541,0.0007644499133471556
1986-03-11,231.69000244140625,3.139276590811798,0.006860733587394293,0.0007644499133471556
1986-03-12,232.5399932861328,0.31002083544194964,0.009346122380574837,0.0007644499133471556
1986-03-13,233.19000244140625,0.22575010251295843,0.008978547851576563,0.0007644499133471556
1986-03-14,236.5500030517578,1.572613530776236,0.008610877637812238,0.0007644499133471556
1986-03-17,234.6699981689453,-0.9470266583192504,0.009232898232568003,0.0007644499133471556
1986-03-18,235.77999877929688,0.4285555751637272,0.009227385829717874,0.0007644499133471556
1986-03-19,235.6000061035156,-0.17158898341842468,0.008905781046621571,0.0007644499133471556
1986-03-20,236.5399932861328,0.3770595671482242,0.008532791958093507,0.0007644499133471556
1986-03-21,233.33999633789065,-1.7481760540486238,0.008228660161517352,0.0007644499133471556
1986-03-24,235.3300018310547,0.8550727247755645,0.009037524366060033,0.0007644499133471556
1986-03-25,234.72000122070312,-0.37482651327003874,0.008963940379643124,0.0007644499133471556
1986-03-26,237.3000030517578,1.177260635140293,0.008636496022943902,0.0007644499133471556
1986-03-27,238.97000122070312,0.7070683099445494,0.008837052722048934,0.0007644499133471556
1986-03-31,238.8999938964844,-0.12196081678066067,0.008670385344898604,0.0007644499133471556
1986-04-01,235.13999938964844,-2.0022618246042256,0.008304807916959034,0.0007644499133471556
1986-04-02,235.7100067138672,0.1752433956021082,0.009453911666628494,0.0007644499133471556
1986-04-03,232.47000122070312,-1.6138465734892702,0.009050132024766825,0.0007644499133471556
1986-04-04,228.69000244140625,-1.759888051209614,0.00974962825199563,0.0007644499133471556
1986-04-07,228.6300048828125,-0.09594334503098687,0.010702540691638618,0.0007644499133471556
1986-04-08,233.52000427246097,1.9964029496315256,0.010217525088920341,0.0007644499133471556
1986-04-09,233.75,0.018971803502509887,0.011594755008435997,0.0007644499133471556
1986-04-10,236.44000244140625,0.9659037685089522,0.011054795050855633,0.0007644499133471556
1986-04-11,235.97000122070312,-0.24940142806314589,0.011043452085197318,0.0007644499133471556
1986-04-14,237.27999877929688,0.45151880324444044,0.010568197432770612,0.0007644499133471556
1986-04-15,237.72999572753903,0.11089508140842316,0.010191928853116382,0.0007644499133471556
1986-04-16,242.22000122070312,1.8430453352085514,0.009737362905886776,0.0007644499133471556
1986-04-17,243.02999877929688,0.23802939741651746,0.010813909835085803,0.0007644499133471556
1986-04-18,242.3800048828125,-0.3326812548664045,0.010347967205938184,0.0007644499133471556
1986-04-21,244.7400054931641,0.8983867039247863,0.009934733410969588,0.0007644499133471556
1986-04-22,242.4199981689453,-1.0417272116428693,0.009877003606737121,0.0007644499133471556
1986-04-23,241.75,-0.35498736996125924,0.009949838692745685,0.0007644499133471556
1986-04-24,242.02000427246097,0.03678097995991528,0.00956474723830831,0.0007644499133471556
1986-04-25,242.2899932861328,0.03834369331347932,0.009140829753493116,0.0007644499133471556
1986-04-28,243.0800018310547,0.28493681617924654,0.008741716183402701,0.0007644499133471556
1986-04-29,240.5099945068359,-1.356284761813304,0.008400462167453188,0.0007644499133471556
1986-04-30,235.52000427246097,-2.476888573671833,0.008773201324675746,0.0007644499133471556
1986-05-01,235.16000366210935,-0.21388712827911976,0.010726005374729553,0.0007644499133471556
1986-05-02,234.7899932861328,-0.22800702107325085,0.010259026214486853,0.0007644499133471556
1986-05-05,237.72999572753903,1.1892816472267875,0.009820751071202546,0.0007644499133471556
1986-05-06,237.2400054931641,-0.2815264866078987,0.01004416231207424,0.0007644499133471556
1986-05-07,236.0800018310547,-0.5883018350739532,0.00963114732909078,0.0007644499133471556
1986-05-08,237.1300048828125,0.3922035824060339,0.009365917115454658,0.0007644499133471556
1986-05-09,237.8500061035156,0.25125394674652873,0.009023794874430752,0.0007644499133471556
1986-05-12,237.5800018310547,-0.2194581759126398,0.008658970559788579,0.0007644499133471556
1986-05-13,236.41000366210935,-0.686217011369391,0.00830825391265658,0.0007644499133471556
1986-05-14,237.5399932861328,0.49137208633492696,0.008148511011787448,0.0007644499133471556
1986-05-15,234.42999267578125,-1.7640417706429836,0.007904261457168832,0.0007644499133471556
1986-05-16,232.7599945068359,-0.9090362284696349,0.008705481801400966,0.0007644499133471556
1986-05-19,233.1999969482422,0.1295244856236353,0.008678940377870642,0.0007644499133471556
1986-05-20,236.11000061035156,1.3997314632718567,0.008313672812252936,0.0007644499133471556
1986-05-21,235.4499969482422,-0.408265630915147,0.008728843745876878,0.0007644499133471556
1986-05-22,240.1199951171875,2.2404813569980204,0.008424870105824916,0.0007644499133471556
1986-05-23,241.3500061035156,0.43731409661270726,0.00993555768523257,0.0007644499133471556
1986-05-27,244.75,1.380016417531233,0.00958296142981043,0.0007644499133471556
1986-05-28,246.6300048828125,0.6875024980863176,0.01001818368003751,0.0007644499133471556
1986-05-29,247.97999572753903,0.47908593689988704,0.009798603167921315,0.0007644499133471556
1986-05-30,247.3500061035156,-0.3492967045095484,0.009470939874145377,0.0007644499133471556
1986-06-02,245.0399932861328,-1.1140286455872175,0.009108721914315271,0.0007644499133471556
1986-06-03,245.5099945068359,0.12449058606043666,0.009251881814540935,0.0007644499133471556
1986-06-04,243.94000244140625,-0.8110333397563936,0.00885266161837643,0.0007644499133471556
1986-06-05,245.6499938964844,0.7107739110209501,0.008752404013630581,0.0007644499133471556
1986-06-06,245.6699981689453,-0.07950515808305442,0.00859087889624246,0.0007644499133471556
1986-06-09,239.9600067138672,-2.9516485756816966,0.008226366731559137,0.0007644499133471556
1986-06-10,239.5800018310547,-0.21649368664743707,0.010851691648729228,0.0007644499133471556
1986-06-11,241.1300048828125,0.5477085118173166,0.010378475797574907,0.0007644499133471556
1986-06-12,241.4900054931641,0.07230869231024667,0.010059783752891516,0.0007644499133471556
1986-06-13,245.72999572753903,1.7317571061237607,0.009609210045595925,0.0007644499133471556
1986-06-16,246.1300048828125,0.08202832145543386,0.010509379376417747,0.0007644499133471556
1986-06-17,244.3500061035156,-0.799550870381224,0.010033974056863775,0.0007644499133471556
1986-06-18,244.9900054931641,0.18711145670544452,0.00989419478469344,0.0007644499133471556
1986-06-19,244.05999755859375,-0.482461342467517,0.009467658065153808,0.0007644499133471556
1986-06-20,247.5800018310547,1.4803262856110662,0.009156922374138416,0.0007644499133471556
1986-06-23,245.2599945068359,-1.0498455843027223,0.00969606352443915,0.0007644499133471556
1986-06-24,247.02999877929688,0.6572720779956177,0.00977750640291102,0.0007644499133471556
1986-06-25,248.92999267578125,0.7224758076911616,0.009546992761920269,0.0007644499133471556
1986-06-26,248.7400054931641,-0.16313300188684465,0.00936632445386037,0.0007644499133471556
1986-06-27,249.6000061035156,0.29970171755335046,0.00896563005208658,0.0007644499133471556
1986-06-30,250.83999633789065,0.48644962218470283,0.008615815538732466,0.0007644499133471556
1986-07-01,252.0399932861328,0.48017663555180273,0.0083470480448576,0.0007644499133471556
1986-07-02,252.6999969482422,0.22880799477248284,0.008088764425758737,0.0007644499133471556
1986-07-03,251.7899932861328,-0.5624931705695897,0.007772667049752008,0.0007644499133471556
1986-07-07,244.0500030517578,-4.22259464765917,0.007575128053453109,0.0007644499133471556
1986-07-08,241.58999633789065,-0.8913438965323442,0.012223705661007521,0.0007644499133471556
1986-07-09,242.82000732421875,0.35593940836603505,0.012119897227024265,0.0007644499133471556
1986-07-10,243.0099945068359,0.0015193192296474574,0.011626233530568401,0.0007644499133471556
1986-07-11,242.22000122070312,-0.3627302045436647,0.01108430696683449,0.0007644499133471556
1986-07-14,238.11000061035156,-1.6795266898055543,0.010644727958301292,0.0007644499133471556
1986-07-15,233.66000366210935,-1.6998783780656277,0.011547956335606837,0.0007644499133471556
1986-07-16,235.0099945068359,0.3980058947267132,0.012553859747188152,0.0007644499133471556
1986-07-17,236.07000732421875,0.309816488938083,0.012058458489303859,0.0007644499133471556
1986-07-18,236.36000061035156,0.04010677221199506,0.01154959325449318,0.0007644499133471556
1986-07-21,236.2400054931641,-0.11552463162636159,0.0110128746317306,0.0007644499133471556
1986-07-22,238.17999267578125,0.7052383391545383,0.01051268567797855,0.0007644499133471556
1986-07-23,238.6699981689453,0.12544878755285552,0.010288879839304052,0.0007644499133471556
1986-07-24,237.9499969482422,-0.38509797320854783,0.009830568941806722,0.0007644499133471556
1986-07-25,240.22000122070312,0.9226212187267891,0.009462356138672327,0.0007644499133471556
1986-07-28,236.0099945068359,-1.9554006898387104,0.009433090354841751,0.0007644499133471556
1986-07-29,234.5500030517578,-0.6544928843127538,0.01064916980603723,0.0007644499133471556
1986-07-30,236.58999633789065,0.7602384773637234,0.010385454408895343,0.0007644499133471556
1986-07-31,236.1199951171875,-0.2697407816207288,0.010206057642331566,0.0007644499133471556
1986-08-01,234.91000366210935,-0.6034175261996113,0.009781124503543865,0.0007644499133471556
1986-08-04,235.9900054931641,0.40159644530905964,0.009518328660071136,0.0007644499133471556
1986-08-05,237.02999877929688,0.39607718319110585,0.009171964379614636,0.0007644499133471556
1986-08-06,236.83999633789065,-0.17716918129613904,0.008841085980343426,0.0007644499133471556
1986-08-07,237.0399932861328,0.009398775534402316,0.008472681010343765,0.0007644499133471556
1986-08-08,236.8800048828125,-0.17745474187533739,0.008112606252797458,0.0007644499133471556
1986-08-11,240.67999267578125,1.9456074860641444,0.007786804743303182,0.0007644499133471556
1986-08-12,243.33999633789065,1.1621547009223596,0.008799996650783466,0.0007644499133471556
1986-08-13,245.6699981689453,0.975259651378241,0.008987439664105468,0.0007644499133471556
1986-08-14,246.25,0.17690534176076594,0.009008578407484202,0.0007644499133471556
1986-08-15,247.1499938964844,0.33412766225303253,0.008630488934635404,0.0007644499133471556
1986-08-18,247.3800048828125,0.01995241447265122,0.008308303462369883,0.0007644499133471556
1986-08-19,246.5099945068359,-0.5387554175267191,0.007958244374655908,0.0007644499133471556
1986-08-20,249.77000427246097,1.5982008878444036,0.007742157673281322,0.0007644499133471556
1986-08-21,249.6699981689453,-0.13963141696762163,0.008342842075229956,0.0007644499133471556
1986-08-22,250.19000244140625,0.16454867585264027,0.007998548062443463,0.0007644499133471556
1986-08-25,247.80999755859375,-1.344500437334817,0.007677777514552591,0.0007644499133471556
1986-08-26,252.83999633789065,2.4103112475310446,0.008019752458393935,0.0007644499133471556
1986-08-27,253.3000030517578,0.10842907274893804,0.009713778743835938,0.0007644499133471556
1986-08-28,252.83999633789065,-0.2780634039956507,0.009286212466913017,0.0007644499133471556
1986-08-29,252.92999267578125,-0.045838507194071114,0.008913278667969243,0.0007644499133471556
1986-09-02,248.52000427246097,-2.152226000305364,0.008527844737881703,0.0007644499133471556
1986-09-03,250.0800018310547,0.5536082129087336,0.00992232695704153,0.0007644499133471556
1986-09-04,253.8300018310547,1.4667789487706604,0.009626150499138487,0.0007644499133471556
1986-09-05,250.47000122070312,-1.3855117774582228,0.010169564209516193,0.0007644499133471556
1986-09-08,248.13999938964844,-0.9510159016919011,0.01063127029528101,0.0007644499133471556
1986-09-09,247.6699981689453,-0.2507326330776999,0.010610278046192585,0.0007644499133471556
1986-09-10,247.05999755859375,-0.3180020999808169,0.010158565628552958,0.0007644499133471556
1986-09-11,235.17999267578125,-5.132580613360056,0.009750361203812138,0.0007644499133471556
1986-09-12,230.6699981689453,-1.1196609218234004,0.017976413214983535,0.0007644499133471556
1986-09-15,231.94000244140625,0.26005183570016366,0.018173947337440998,0.0007644499133471556
1986-09-16,231.72000122070312,-0.09882739729596035,0.017337565476559336,0.0007644499133471556
1986-09-17,231.67999267578125,-0.056818616968776006,0.016493253020521025,0.0007644499133471556
1986-09-18,232.30999755859375,0.12436928416520371,0.015688348128114003,0.0007644499133471556
1986-09-19,232.2100067138672,-0.08000508882418358,0.014936080729506179,0.0007644499133471556
1986-09-22,234.92999267578125,0.7653410755838018,0.014217128959951243,0.0007644499133471556
1986-09-23,235.6699981689453,0.1707769931890929,0.013939216388881535,0.0007644499133471556
1986-09-24,236.27999877929688,0.13699020806594991,0.01328980921057054,0.0007644499133471556
1986-09-25,231.8300018310547,-1.5612113700752042,0.012668134001625203,0.0007644499133471556
1986-09-26,232.22999572753903,0.07100858394265595,0.013511595014364941,0.0007644499133471556
1986-09-29,229.91000366210935,-0.8396087082404377,0.012868789199303067,0.0007644499133471556
1986-09-30,231.32000732421875,0.4212536399644745,0.012699406266356586,0.0007644499133471556
1986-10-01,233.6000061035156,0.7407460896896485,0.012208990829566028,0.0007644499133471556
1986-10-02,233.9199981689453,0.05053122841111646,0.011961746374294216,0.0007644499133471556
1986-10-03,233.7100067138672,-0.14580522652892206,0.01140260488850925,0.0007644499133471556
1986-10-06,234.77999877929688,0.3494094619877953,0.01088519772122578,0.0007644499133471556
1986-10-07,234.41000366210935,-0.22406759491681394,0.01045048764717888,0.0007644499133471556
1986-10-08,236.67999267578125,0.8872047166669894,0.010000851270556532,0.0007644499133471556
1986-10-09,235.8500061035156,-0.4306493248874115,0.009932446006331341,0.0007644499133471556
1986-10-10,235.47999572753903,-0.24375835146393432,0.009577187784397895,0.0007644499133471556
1986-10-13,235.91000366210935,0.11546619012034373,0.009179968189704409,0.0007644499133471556
1986-10-14,235.3699951171875,-0.34792152768171525,0.008783930408624635,0.0007644499133471556
1986-10-15,238.8000030517578,1.6202415130640606,0.00845751757720314,0.0007644499133471556
1986-10-16,239.52999877929688,0.25065919879675863,0.00912721603753062,0.0007644499133471556
1986-10-17,238.83999633789065,-0.4167488072535252,0.00875649401869879,0.0007644499133471556
1986-10-20,235.97000122070312,-1.5204006739547675,0.008454102267263296,0.0007644499133471556
1986-10-21,235.8800048828125,-0.12722575007497064,0.009006915301114079,0.0007644499133471556
1986-10-22,236.2599945068359,0.09802568193610536,0.008622215190107068,0.0007644499133471556
1986-10-23,239.27999877929688,1.4456514936919387,0.008257238407040214,0.0007644499133471556
1986-10-24,238.2599945068359,-0.5776391267316819,0.008718882749664397,0.0007644499133471556
1986-10-27,238.77000427246097,0.16188693045364544,0.008486306747654875,0.0007644499133471556
1986-10-28,239.2599945068359,0.1580061418930605,0.00813633239531851,0.0007644499133471556
1986-10-29,240.94000244140625,0.7983965945542958,0.007806516607067802,0.0007644499133471556
1986-10-30,243.7100067138672,1.3802845027061141,0.007727842694995634,0.0007644499133471556
1986-10-31,243.97999572753903,0.042290419137861496,0.008105048532613098,0.0007644499133471556
1986-11-03,245.8000030517578,0.8583485540108398,0.0077678495454731955,0.0007644499133471556
1986-11-04,246.1999969482422,0.11149718682631866,0.007727028085094039,0.0007644499133471556
1986-11-05,246.5800018310547,0.10487278102319547,0.007416992191521536,0.0007644499133471556
1986-11-06,245.8699951171875,-0.5119662103389552,0.007125510627674189,0.0007644499133471556
1986-11-07,245.77000427246097,-0.16877504188819836,0.006939499984040267,0.0007644499133471556
1986-11-10,246.1300048828125,0.1046183843962933,0.006683958493488255,0.0007644499133471556
1986-11-11,247.0800018310547,0.4795677637957207,0.006438833229208334,0.0007644499133471556
1986-11-12,246.63999938964844,-0.40565825205469325,0.006278307012597364,0.0007644499133471556
1986-11-13,243.02000427246097,-2.5464524133495767,0.006106718850857664,0.0007644499133471556
1986-11-14,244.5,0.6993269669877354,0.007588863565889221,0.0007644499133471556
1986-11-17,243.2100067138672,-0.811270613678604,0.00746293955831688,0.0007644499133471556
1986-11-18,236.77999877929688,-3.723043567002238,0.00740209182683035,0.0007644499133471556
1986-11-19,237.66000366210935,0.2664304490229367,0.011054335344560913,0.0007644499133471556
1986-11-20,242.0500030517578,1.6572149544227646,0.010583287800177081,0.0007644499133471556
1986-11-21,245.86000061035156,1.2975223089983272,0.011447581064069304,0.0007644499133471556
1986-11-24,247.4499969482422,0.4802427765863183,0.01183111689966014,0.0007644499133471556
1986-11-25,248.1699981689453,0.18760975373931263,0.011412033755581743,0.0007644499133471556
1986-11-26,248.77000427246097,0.15138131451904052,0.010901968066245136,0.0007644499133471556
1986-11-28,249.22000122070312,0.10014313636623416,0.010413130108386088,0.0007644499133471556
1986-12-01,249.0500030517578,-0.14548226356650595,0.009944879312485022,0.0007644499133471556
1986-12-02,254.0,1.989346115952686,0.009508715039888075,0.0007644499133471556
1986-12-03,253.8500061035156,-0.1256312117238822,0.010786742212365768,0.0007644499133471556
1986-12-04,253.0399932861328,-0.38449245006725374,0.01030049584922162,0.0007644499133471556
1986-12-05,251.1699981689453,-0.8257558152579232,0.009908509036593578,0.0007644499133471556
1986-12-08,251.16000366210935,-0.08213110225973481,0.009792179636412495,0.0007644499133471556
1986-12-09,249.27999877929688,-0.8846077799317009,0.009357698566939512,0.0007644499133471556
1986-12-10,250.9600067138672,0.6400620674847143,0.009299696449341165,0.0007644499133471556
1986-12-11,248.1699981689453,-1.315899122192112,0.009076723683533523,0.0007644499133471556
1986-12-12,247.3500061035156,-0.43228897851516257,0.009424425760205893,0.0007644499133471556
1986-12-15,248.2100067138672,0.29758123017980115,0.009094581779697103,0.0007644499133471556
1986-12-16,250.0399932861328,0.7532454866448977,0.008737177081198717,0.0007644499133471556
1986-12-17,247.55999755859375,-1.2476216154983293,0.008602256471979555,0.0007644499133471556
1986-12-18,246.77999877929688,-0.44195893915021667,0.00886998780091313,0.0007644499133471556
1986-12-19,249.72999572753903,1.2972027883702972,0.008571227872889848,0.0007644499133471556
1986-12-22,248.75,-0.5284063658801164,0.008887839571167351,0.0007644499133471556
1986-12-23,246.33999633789065,-1.2174742430268797,0.008624531783672545,0.0007644499133471556
1986-12-24,246.75,0.10137936167976845,0.008863221646834552,0.0007644499133471556
1986-12-26,246.9199981689453,-0.008926834240768037,0.008484319836007916,0.0007644499133471556
1986-12-29,244.6699981689453,-1.220955339338767,0.008123543389233202,0.0007644499133471556
1986-12-30,243.3699951171875,-0.7287275873863873,0.008359649581203395,0.0007644499133471556
1986-12-31,242.1699981689453,-0.6941473045183904,0.008222170648054779,0.0007644499133471556
1987-01-02,246.4499969482422,2.0761867206699858,0.008069948322559705,0.0007644499133471556
1987-01-05,252.19000244140625,2.3959154771327995,0.009290482442105367,0.0007644499133471556
1987-01-06,252.77999877929688,0.14026541301125692,0.011209528335094344,0.0007644499133471556
1987-01-07,255.3300018310547,0.8664677671124692,0.010701890338048019,0.0007644499133471556
1987-01-08,257.2799987792969,0.645512750933286,0.010601956343086798,0.0007644499133471556
1987-01-09,258.7300109863281,0.4698751031698257,0.010333933797861627,0.0007644499133471556
1987-01-12,260.29998779296875,0.5297305264331846,0.009977197006236609,0.0007644499133471556
1987-01-13,259.95001220703125,-0.2182738213559098,0.009666130440542457,0.0007644499133471556
1987-01-14,262.6400146484375,1.0293919080523137,0.009258405074284964,0.0007644499133471556
1987-01-15,265.489990234375,1.0756097966356097,0.009323417801407668,0.0007644499133471556
1987-01-16,266.2799987792969,0.23400848803133037,0.009430400784211052,0.0007644499133471556
1987-01-19,269.3399963378906,1.1795025684418319,0.009039129416911665,0.0007644499133471556
1987-01-20,269.0400085449219,-0.20322895747319863,0.009245036579428706,0.0007644499133471556
1987-01-21,267.8399963378906,-0.5909678356490627,0.00885797020075916,0.0007644499133471556
1987-01-22,273.9100036621094,2.5092798788615687,0.008626130264712172,0.0007644499133471556
1987-01-23,270.1000061035156,-1.3933360435858881,0.01060172471165344,0.0007644499133471556
1987-01-26,269.6099853515625,-0.23269690860873313,0.011088747668156256,0.0007644499133471556
1987-01-27,273.75,1.3646517620373242,0.010606673155439832,0.0007644499133471556
1987-01-28,275.3999938964844,0.47439017815270257,0.011055947887778814,0.0007644499133471556
1987-01-29,274.239990234375,-0.46730469830453764,0.010668444515933635,0.0007644499133471556
1987-01-30,274.0799865722656,-0.13094277440684005,0.010295063132036588,0.0007644499133471556
1987-02-02,276.45001220703125,0.797548650016441,0.00983711958264764,0.0007644499133471556
1987-02-03,275.989990234375,-0.2504765328352379,0.009700984892453102,0.0007644499133471556
1987-02-04,279.6400146484375,1.3307544679313517,0.009298534492354387,0.0007644499133471556
1987-02-05,281.1600036621094,0.4816121311265572,0.009668260185817547,0.0007644499133471556
1987-02-06,280.0400085449219,-0.5087704319643512,0.009347800746743892,0.0007644499133471556
1987-02-09,278.1600036621094,-0.8283597190520927,0.009054556248898149,0.0007644499133471556
1987-02-10,275.07000732421875,-1.3318899137492917,0.008961186129992683,0.0007644499133471556
1987-02-11,277.5400085449219,0.8768344590324284,0.00932332252309911,0.0007644499133471556
1987-02-12,275.6199951171875,-0.8322359826490227,0.009259945584780917,0.0007644499133471556
1987-02-13,279.70001220703125,1.5200420332456017,0.00916429013273106,0.0007644499133471556
1987-02-17,285.489990234375,2.022583927557386,0.009752314340620908,0.0007644499133471556
1987-02-18,285.4200134277344,-0.09083759213858641,0.011114244424532975,0.0007644499133471556
1987-02-19,285.57000732421875,-0.022541673358922532,0.010605603597872127,0.0007644499133471556
1987-02-20,285.4800109863281,-0.10666865690122923,0.01012149151570209,0.0007644499133471556
1987-02-23,282.3800048828125,-1.208087224933262,0.009670463676616982,0.0007644499133471556
1987-02-24,282.8800048828125,0.1013526922435666,0.009912395041017336,0.0007644499133471556
1987-02-25,284.0,0.33643824146113943,0.009472738662721272,0.0007644499133471556
1987-02-26,282.9599914550781,-0.4868234126702996,0.009106327387482044,0.0007644499133471556
1987-02-27,284.20001220703125,0.40936181958772067,0.008814437083205357,0.0007644499133471556
1987-03-02,283.0,-0.5872949795915186,0.008506476402777881,0.0007644499133471556
1987-03-03,284.1199951171875,0.38434316779669064,0.008287696137658706,0.0007644499133471556
1987-03-04,288.6199951171875,1.8690053103614908,0.007998805648141394,0.0007644499133471556
1987-03-05,290.5199890136719,0.6485989867674485,0.008937735082331364,0.0007644499133471556
1987-03-06,290.6600036621094,-0.03236075833238031,0.008733449167524688,0.0007644499133471556
1987-03-09,288.29998779296875,-1.0668670086517882,0.008358210850472503,0.0007644499133471556
1987-03-10,290.8599853515625,0.9545215830950946,0.008460771672223612,0.0007644499133471556
1987-03-11,290.30999755859375,-0.31360886008659244,0.008472790431895288,0.0007644499133471556
1987-03-12,291.2200012207031,0.29008399292539855,0.00815363986801778,0.0007644499133471556
1987-03-13,289.8900146484375,-0.6807954340503184,0.007846495305742567,0.0007644499133471556
1987-03-16,288.2300109863281,-0.844955281877897,0.007701272031601345,0.0007644499133471556
1987-03-17,292.4700012207031,1.8081002703977205,0.007653801701637768,0.0007644499133471556
1987-03-18,292.7799987792969,0.03475549831192647,0.008485511410511588,0.0007644499133471556
1987-03-19,294.0799865722656,0.45117697751329433,0.008125135373982639,0.0007644499133471556
1987-03-20,298.1700134277344,1.6585151623704322,0.007867034053923543,0.0007644499133471556
1987-03-23,301.1600036621094,1.0785344094203535,0.008542526289629123,0.0007644499133471556
1987-03-24,301.6400146484375,0.09569381343859358,0.008654215064220993,0.0007644499133471556
1987-03-25,300.3800048828125,-0.5973579310654218,0.008287151672576104,0.0007644499133471556
1987-03-26,300.92999267578125,0.13174616333516048,0.008082582837332914,0.0007644499133471556
1987-03-27,296.1300048828125,-2.1725356280011936,0.007752941463648879,0.0007644499133471556
1987-03-30,289.20001220703125,-2.698123895936633,0.009059806720719063,0.0007644499133471556
1987-03-31,291.70001220703125,0.683997594567325,0.011466321484543431,0.0007644499133471556
1987-04-01,292.3800048828125,0.13969408043418377,0.011195708106730295,0.0007644499133471556
1987-04-02,293.6300048828125,0.3276058082274668,0.010688746050944904,0.0007644499133471556
1987-04-03,300.4100036621094,2.1512100629803887,0.010256219489991687,0.0007644499133471556
1987-04-06,301.95001220703125,0.3651702518296561,0.01190899524740634,0.0007644499133471556
1987-04-07,296.69000244140625,-1.604434346174583,0.01142963578341908,0.0007644499133471556
1987-04-08,297.260009765625,0.09413579181509604,0.012268753020137198,0.0007644499133471556
1987-04-09,292.8599853515625,-1.3403272597276215,0.011696419858588231,0.0007644499133471556
1987-04-10,292.489990234375,-0.1670170158820759,0.012146273514536147,0.0007644499133471556
1987-04-13,285.6199951171875,-2.1163213028078722,0.011592122432874967,0.0007644499133471556
1987-04-14,279.1600036621094,-1.7672799282025633,0.013377383626727477,0.0007644499133471556
1987-04-15,284.44000244140625,1.2256639816937005,0.014663714269443786,0.0007644499133471556
1987-04-16,286.9100036621094,0.5251918480010563,0.015007462534460624,0.0007644499133471556
1987-04-20,286.0899963378906,-0.25039130050751174,0.014483756301415693,0.0007644499133471556
1987-04-21,293.07000732421875,1.687737725745108,0.013829535966391195,0.0007644499133471556
1987-04-22,287.19000244140625,-1.4028708768301998,0.014992069090354904,0.0007644499133471556
1987-04-23,286.82000732421875,-0.1311332883081506,0.015660472106057467,0.0007644499133471556
1987-04-24,281.5199890136719,-1.3021144695503244,0.01491102603964356,0.0007644499133471556
1987-04-27,281.8299865722656,0.021836716025377775,0.015391542054081012,0.0007644499133471556
1987-04-28,282.510009765625,0.11237180694133785,0.014643603713568992,0.0007644499133471556
1987-04-29,284.57000732421875,0.46618131085636083,0.013944922097849269,0.0007644499133471556
1987-04-30,288.3599853515625,0.9285961948582478,0.013424461739957247,0.0007644499133471556
1987-05-01,288.0299987792969,-0.143090597857383,0.013344423320982145,0.0007644499133471556
1987-05-04,289.3599853515625,0.30205724624719377,0.012720932919596598,0.0007644499133471556
1987-05-05,295.3399963378906,1.6172752246328521,0.01217556258357019,0.0007644499133471556
1987-05-06,295.4700012207031,-0.024787940373531474,0.013085378346606136,0.0007644499133471556
1987-05-07,294.7099914550781,-0.2679914101548966,0.012462973741948373,0.0007644499133471556
1987-05-08,293.3699951171875,-0.4464939043983013,0.011918748496086878,0.0007644499133471556
1987-05-11,291.57000732421875,-0.6028217735052105,0.011477529947395393,0.0007644499133471556
1987-05-12,293.29998779296875,0.462068352096601,0.011148448327295123,0.0007644499133471556
1987-05-13,293.9800109863281,0.14430912201401067,0.010750470143895187,0.0007644499133471556
1987-05-14,294.239990234375,0.011637294773254307,0.010268930264908938,0.0007644499133471556
1987-05-15,287.42999267578125,-2.4664700788116662,0.009803828936998882,0.0007644499133471556
1987-05-18,286.6499938964844,-0.29126904538627285,0.01195402929292839,0.0007644499133471556
1987-05-19,279.6199951171875,-2.236549405888001,0.011443908554142337,0.0007644499133471556
1987-05-20,278.2099914550781,-0.43269186148231475,0.013450166357023487,0.0007644499133471556
1987-05-21,280.1700134277344,0.483775498254646,0.012931548483977467,0.0007644499133471556
1987-05-22,282.1600036621094,0.5064262387980475,0.012466256273454615,0.0007644499133471556
1987-05-26,289.1099853515625,1.9583384794356717,0.012034915971606226,0.0007644499133471556
1987-05-27,288.7300109863281,-0.15331333440240935,0.013564406299103373,0.0007644499133471556
1987-05-28,290.760009765625,0.48269071136584357,0.012931126960319532,0.0007644499133471556
1987-05-29,290.1000061035156,-0.24363496284545977,0.012465189372462675,0.0007644499133471556
1987-06-01,289.8299865722656,-0.14233512549428312,0.011913181699399372,0.0007644499133471556
1987-06-02,288.4599914550781,-0.4840735239374529,0.011367176629730313,0.0007644499133471556
1987-06-03,293.4700012207031,1.4998525203279902,0.010970795383872675,0.0007644499133471556
1987-06-04,295.0899963378906,0.40786802987162546,0.011622653244076585,0.0007644499133471556
1987-06-05,293.45001220703125,-0.5670541334857171,0.011176223014659387,0.0007644499133471556
1987-06-08,296.7200012207031,0.9521284737034718,0.010835910346395312,0.0007644499133471556
1987-06-09,297.2799987792969,0.10367325139121095,0.01081343833165328,0.0007644499133471556
1987-06-10,297.4700012207031,-0.012159028985237791,0.010323008876274607,0.0007644499133471556
1987-06-11,298.7300109863281,0.3513365491440123,0.009854820403683129,0.0007644499133471556
1987-06-12,301.6199951171875,0.9356008725286092,0.009473365102539813,0.0007644499133471556
1987-06-15,303.1400146484375,0.45082343321362045,0.009454727404505384,0.0007644499133471556
1987-06-16,304.760009765625,0.49998778675563776,0.009130963855901416,0.0007644499133471556
1987-06-17,304.80999755859375,-0.0678946716496719,0.008843696914150705,0.0007644499133471556
1987-06-18,305.69000244140625,0.2503052257560239,0.0084634707722243,0.0007644499133471556
1987-06-19,306.9700012207031,0.4199324370366353,0.008130004175510998,0.0007644499133471556
1987-06-22,309.6499938964844,1.0085571903789239,0.007860863931292216,0.0007644499133471556
1987-06-23,308.42999267578125,-0.5948494245864976,0.007921614976293363,0.0007644499133471556
1987-06-24,306.8599853515625,-0.7589301139037682,0.007731633652819378,0.0007644499133471556
1987-06-25,308.9599914550781,0.7934159395092633,0.007632530464467289,0.0007644499133471556
1987-06-26,307.1600036621094,-0.8744364237808974,0.007556232073577881,0.0007644499133471556
1987-06-29,307.8999938964844,0.21800986428695954,0.007530800565413844,0.0007644499133471556
1987-06-30,304.0,-1.864779111721686,0.0072457823715430724,0.0007644499133471556
1987-07-01,302.94000244140625,-0.5252903492189548,0.00810480749927656,0.0007644499133471556
1987-07-02,305.6300048828125,1.0253600058552348,0.007876269673431725,0.0007644499133471556
1987-07-06,304.9200134277344,-0.3887311883946363,0.00794943868245701,0.0007644499133471556
1987-07-07,307.3999938964844,0.9552014858739207,0.0076799191451914165,0.0007644499133471556
1987-07-08,308.2900085449219,0.27600933857692705,0.007705047200915912,0.0007644499133471556
1987-07-09,307.5199890136719,-0.44003800032572976,0.0074204636844061025,0.0007644499133471556
1987-07-10,308.3699951171875,0.27738650344028815,0.007195032433878915,0.0007644499133471556
1987-07-13,307.6300048828125,-0.45629971975596373,0.0069406502523454774,0.0007644499133471556
1987-07-14,310.67999267578125,1.3491485425624619,0.006745878433119967,0.0007644499133471556
1987-07-15,310.4200134277344,-0.22654927796882487,0.00706957631756539,0.0007644499133471556
1987-07-16,312.70001220703125,0.9618095131487262,0.006813813981528341,0.0007644499133471556
1987-07-17,314.5899963378906,0.7671025963692385,0.006858846121634275,0.0007644499133471556
1987-07-20,311.3900146484375,-1.6174008222311278,0.00679389360788596,0.0007644499133471556
1987-07-21,308.54998779296875,-1.3490835910564059,0.007358163469716576,0.0007644499133471556
1987-07-22,308.4700012207031,-0.13301290384835435,0.007696375664765753,0.0007644499133471556
1987-07-23,307.80999755859375,-0.39327008094951327,0.0073902041401803075,0.0007644499133471556
1987-07-24,309.2699890136719,0.5547124610613737,0.007152344761763216,0.0007644499133471556
1987-07-27,310.6499938964844,0.5282742841304667,0.006980768904697967,0.0007644499133471556
1987-07-28,312.3299865722656,0.679948680270649,0.0068078246512718234,0.0007644499133471556
1987-07-29,315.6499938964844,1.4632701886512982,0.006703654237879565,0.0007644499133471556
1987-07-30,318.04998779296875,0.956128424279733,0.007122609453269603,0.0007644499133471556
1987-07-31,318.6600036621094,0.1608910530495346,0.007158263156620791,0.0007644499133471556
1987-08-03,317.57000732421875,-0.6084166163777317,0.006888167447400403,0.0007644499133471556
1987-08-04,316.2300109863281,-0.7396723481283828,0.006750161454235916,0.0007644499133471556
1987-08-05,318.45001220703125,0.9334112222994917,0.0066757645623125176,0.0007644499133471556
1987-08-06,322.0899963378906,1.5806832038764387,0.006706614669583551,0.0007644499133471556
1987-08-07,323.0,0.28443815799954464,0.007231361281923975,0.0007644499133471556
1987-08-10,328.0,2.092369118235215,0.006976223803404022,0.0007644499133471556
1987-08-11,333.3299865722656,1.9028418099718378,0.008069452543276144,0.0007644499133471556
1987-08-12,332.3900146484375,-0.3961167207198411,0.009058889320106688,0.0007644499133471556
1987-08-13,334.6499938964844,0.6883287194700518,0.008733790791854254,0.0007644499133471556
1987-08-14,333.989990234375,-0.31994282777149,0.008559710718059518,0.0007644499133471556
1987-08-17,334.1099853515625,-0.04919436099601156,0.008237465527238152,0.0007644499133471556
1987-08-18,329.25,-1.9534159861137255,0.0078925050421998,0.0007644499133471556
1987-08-19,329.8299865722656,0.11151201313833271,0.008927638676871751,0.0007644499133471556
1987-08-20,334.8399963378906,1.6746047717926569,0.008545906284578445,0.0007644499133471556
1987-08-21,335.8999938964844,0.2579940700191218,0.009287940917118223,0.0007644499133471556
1987-08-24,333.3299865722656,-0.9478091959150456,0.008909998359308778,0.0007644499133471556
1987-08-25,336.7699890136719,1.0665360095007885,0.008909940372956358,0.0007644499133471556
1987-08-26,334.57000732421875,-0.8122718816729847,0.009009883380988957,0.0007644499133471556
1987-08-27,331.3800048828125,-1.1615192736423654,0.008906291442603515,0.0007644499133471556
1987-08-28,327.0400085449219,-1.5337623362437065,0.00909378445169834,0.0007644499133471556
1987-08-31,329.79998779296875,0.7879646148220917,0.009695117460434808,0.0007644499133471556
1987-09-01,323.3999938964844,-2.1307594312399583,0.009555698525532256,0.0007644499133471556
1987-09-02,321.67999267578125,-0.5508453869547955,0.011068692790056093,0.0007644499133471556
1987-09-03,320.2099914550781,-0.4984337527150465,0.0107229613445529,0.0007644499133471556
1987-09-04,316.70001220703125,-1.1373786391876692,0.010362830185770779,0.0007644499133471556
1987-09-08,313.55999755859375,-1.0184656568657864,0.010534199553657593,0.0007644499133471556
1987-09-09,313.9200134277344,0.03620353475130208,0.010580395152928159,0.0007644499133471556
1987-09-10,317.1300048828125,0.9317690408087542,0.01009813630711142,0.0007644499133471556
1987-09-11,321.9800109863281,1.431768964631276,0.010066719235042263,0.0007644499133471556
1987-09-14,323.0799865722656,0.2500022906597847,0.010583955678273107,0.0007644499133471556
1987-09-15,317.739990234375,-1.7201389457062854,0.010133467073736935,0.0007644499133471556
1987-09-16,314.8599853515625,-0.8924598571678208,0.011059106276304145,0.0007644499133471556
1987-09-17,314.92999267578125,-0.049391534252378154,0.010976179068820518,0.0007644499133471556
1987-09-18,314.8599853515625,-0.09422825704671074,0.010472118801552638,0.0007644499133471556
1987-09-21,310.5400085449219,-1.4579845012406216,0.009999937512651033,0.0007644499133471556
1987-09-22,319.5,2.6240908624235586,0.01054844526584793,0.0007644499133471556
1987-09-23,321.19000244140625,0.3423157212173495,0.01317827937260439,0.0007644499133471556
1987-09-24,319.7200012207031,-0.4238403805163678,0.012626662116866288,0.0007644499133471556
1987-09-25,320.1600036621094,0.05031026888047328,0.0121409763490534,0.0007644499133471556
1987-09-28,323.20001220703125,0.7506157874042859,0.011571875218763763,0.0007644499133471556
1987-09-29,321.69000244140625,-0.4799049319472629,0.011351118685081209,0.0007644499133471556
1987-09-30,321.8299865722656,-0.030072641189276647,0.010953221727543918,0.0007644499133471556
1987-10-01,327.3299865722656,1.548470140167232,0.010449624364126537,0.0007644499133471556
1987-10-02,328.07000732421875,0.13403968189816393,0.011144291945411023,0.0007644499133471556
1987-10-05,328.0799865722656,-0.06899238945536322,0.01063932322634068,0.0007644499133471556
1987-10-06,319.2200012207031,-2.771038189573663,0.010155531633007581,0.0007644499133471556
1987-10-07,318.5400085449219,-0.2229858854654109,0.012991366412387517,0.0007644499133471556
1987-10-08,314.1600036621094,-1.1776935166543732,0.012405698451304143,0.0007644499133471556
1987-10-09,311.07000732421875,-0.8422140353353711,0.012643913078639905,0.0007644499133471556
1987-10-12,309.3900146484375,-0.49510267064243046,0.012481807756343097,0.0007644499133471556
1987-10-13,314.5199890136719,1.3020568142375804,0.012042883049165698,0.0007644499133471556
1987-10-14,305.2300109863281,-2.4700527236044265,0.012447691921721477,0.0007644499133471556
1987-10-15,298.0799865722656,-1.6137832143081947,0.015162020934975713,0.0007644499133471556
1987-10-16,282.70001220703125,-3.303591349222569,0.01626714631401041,0.0007644499133471556
1987-10-19,224.83999633789065,-10.154570454871628,0.022626435748109183,0.0007644499133471556
1987-10-20,236.8300018310547,0.6937374285725333,0.07378745623093862,0.0007644499133471556
1987-10-21,258.3800048828125,1.2030243408151955,0.07175610973253574,0.0007644499133471556
1987-10-22,248.25,-0.5578337631907182,0.07306753034251309,0.0007644499133471556
1987-10-23,248.22000122070312,-0.012566250901200726,0.07045046501037286,0.0007644499133471556
1987-10-26,227.6699981689453,-1.3042185083413438,0.06684669779918741,0.0007644499133471556
1987-10-27,233.19000244140625,0.33684186490105605,0.06885108664255614,0.0007644499133471556
1987-10-28,233.27999877929688,-0.005760947239393822,0.06571639869999232,0.0007644499133471556
1987-10-29,244.77000427246097,0.758794539096492,0.062355638615032946,0.0007644499133471556
1987-10-30,251.7899932861328,0.45155465807486084,0.06092710622988624,0.0007644499133471556
1987-11-02,255.75,0.25400102322619117,0.05842722455050145,0.0007644499133471556
1987-11-03,250.82000732421875,-0.36364903872502113,0.05562856764040846,0.0007644499133471556
1987-11-04,248.9600067138672,-0.1544222091969942,0.05315143200803879,0.0007644499133471556
1987-11-05,254.47999572753903,0.419116766953063,0.050500276891203025,0.0007644499133471556
1987-11-06,250.41000366210935,-0.34918196277135827,0.048361866334716286,0.0007644499133471556
1987-11-09,243.1699981689453,-0.6517711484660647,0.046186854771604766,0.0007644499133471556
1987-11-10,239.0,-0.40319154371783017,0.044796767078299465,0.0007644499133471556
1987-11-11,241.8999938964844,0.2634791864070543,0.04287393890045732,0.0007644499133471556
1987-11-12,248.52000427246097,0.6424120197035413,0.040837498808715574,0.0007644499133471556
1987-11-13,245.63999938964844,-0.31375303550039163,0.03958764989856014,0.0007644499133471556
1987-11-16,246.7599945068359,0.10021269130703091,0.03776652578739316,0.0007644499133471556
1987-11-17,243.0399932861328,-0.44485017623023554,0.03586515555844097,0.0007644499133471556
1987-11-18,245.5500030517578,0.27650269967059427,0.03439439755403351,0.0007644499133471556
1987-11-19,240.0500030517578,-0.7144096902946343,0.03277924061645728,0.0007644499133471556
1987-11-20,242.0,0.22938123738272775,0.03193822056665083,0.0007644499133471556
1987-11-23,242.9900054931641,0.10913701022489436,0.030403405408200475,0.0007644499133471556
1987-11-24,246.38999938964844,0.45462502847666386,0.02888288231016464,0.0007644499133471556
1987-11-25,244.1000061035156,-0.3644521083912482,0.027718570480765717,0.0007644499133471556
1987-11-27,240.33999633789065,-0.6145877763802712,0.026502121741505503,0.0007644499133471556
1987-11-30,230.3000030517578,-1.692797912854883,0.025659413773836574,0.0007644499133471556
1987-12-01,232.0,0.2372017343674111,0.027782687562004593,0.0007644499133471556
1987-12-02,233.4499969482422,0.2065938964255817,0.026458123204195813,0.0007644499133471556
1987-12-03,225.2100067138672,-1.4574028499580454,0.025181114606931034,0.0007644499133471556
1987-12-04,223.9199981689453,-0.2461847758355475,0.026439258585082746,0.0007644499133471556
1987-12-07,228.7599945068359,0.8186908486002934,0.025186684480855263,0.0007644499133471556
1987-12-08,234.91000366210935,1.0412189285709434,0.02474468337102733,0.0007644499133471556
1987-12-09,238.88999938964844,0.6466666067986058,0.02479834994645681,0.0007644499133471556
1987-12-10,233.57000732421875,-0.9677501379737465,0.02406178203965889,0.0007644499133471556
1987-12-11,235.32000732421875,0.27977944630530077,0.023947512545343646,0.0007644499133471556
1987-12-14,242.19000244140625,1.2265068480943977,0.02283866671024978,0.0007644499133471556
1987-12-15,242.80999755859375,0.07678954824325501,0.023339535339701192,0.0007644499133471556
1987-12-16,248.0800018310547,0.933765263501372,0.022176449076973845,0.0007644499133471556
1987-12-17,242.97999572753903,-0.9786173019719989,0.02200718728357019,0.0007644499133471556
1987-12-18,249.16000366210935,1.1104685643091592,0.02192921808873029,0.0007644499133471556
1987-12-21,249.5399932861328,0.034309410280136954,0.022135940973222103,0.0007644499133471556
1987-12-22,249.9499969482422,0.04171270123473269,0.021030516674558363,0.0007644499133471556
1987-12-23,253.16000366210935,0.6003048100969438,0.01998381256899515,0.0007644499133471556
1987-12-24,252.02999877929688,-0.270771533459569,0.019344873583042356,0.0007644499133471556
1987-12-28,245.57000732421875,-1.4483589982897749,0.018455717364242827,0.0007644499133471556
1987-12-29,244.58999633789065,-0.24590076838887037,0.019370392270030824,0.0007644499133471556
1987-12-30,247.86000061035156,0.6777414386538747,0.018467660528826486,0.0007644499133471556
1987-12-31,247.0800018310547,-0.21792627077553803,0.01797096219812442,0.0007644499133471556
1988-01-04,255.94000244140625,2.0124272678434716,0.017126792082051766,0.0007644499133471556
1988-01-05,258.6300048828125,0.4988897705400679,0.01942510526364387,0.0007644499133471556
1988-01-06,258.8900146484375,0.012854585606287335,0.018699938376612248,0.0007644499133471556
1988-01-07,261.07000732421875,0.42874240296624694,0.01777484812431838,0.0007644499133471556
1988-01-08,243.3999938964844,-4.152752176701739,0.01706022658551738,0.0007644499133471556
1988-01-11,247.4900054931641,0.5857063314982957,0.027146016871968645,0.0007644499133471556
1988-01-12,245.4199981689453,-0.3492795576506102,0.026235798725412648,0.0007644499133471556
1988-01-13,245.80999755859375,0.03284020276445995,0.02507289190211743,0.0007644499133471556
1988-01-14,245.8800048828125,-0.020143494903201654,0.023813537478408066,0.0007644499133471556
1988-01-15,252.0500030517578,1.0619015553912243,0.022619244414671013,0.0007644499133471556
1988-01-18,251.8800048828125,-0.06334537486321123,0.022718936415315447,0.0007644499133471556
1988-01-19,249.32000732421875,-0.5086609204903023,0.0215861120043332,0.0007644499133471556
1988-01-20,242.6300048828125,-1.3454659099624988,0.02078389477452223,0.0007644499133471556
1988-01-21,243.13999938964844,0.06200213268848041,0.021536152237085826,0.0007644499133471556
1988-01-22,246.5,0.6332798154079538,0.020465103476714482,0.0007644499133471556
1988-01-25,252.1699981689453,1.1071630910862347,0.019849842144523563,0.0007644499133471556
1988-01-26,249.57000732421875,-0.5554338534038046,0.020035580323900612,0.0007644499133471556
1988-01-27,249.3800048828125,-0.07889013572549373,0.019344105094044453,0.0007644499133471556
1988-01-28,253.2899932861328,0.804361123038495,0.018390674732515162,0.0007644499133471556
1988-01-29,257.07000732421875,0.7777782953155651,0.01806292251747453,0.0007644499133471556
1988-02-01,255.0399932861328,-0.49094610920167736,0.0177056713835167,0.0007644499133471556
1988-02-02,255.57000732421875,0.07695181989182827,0.017043835904508402,0.0007644499133471556
1988-02-03,252.2100067138672,-0.8634885673135688,0.016211821892051906,0.0007644499133471556
1988-02-04,252.2100067138672,-0.047754521670178,0.01600790640574133,0.0007644499133471556
1988-02-05,250.9600067138672,-0.3764693609078014,0.0152282238847375,0.0007644499133471556
1988-02-08,249.1000061035156,-0.5620671649339077,0.014595397649794051,0.0007644499133471556
1988-02-09,251.72000122070312,0.6870080376969344,0.01411696267330622,0.0007644499133471556
1988-02-10,256.6600036621094,1.3564600748132365,0.013764100403534834,0.0007644499133471556
1988-02-11,255.9499969482422,-0.24709804570136182,0.014304504139739676,0.0007644499133471556
1988-02-12,257.6300048828125,0.42303310723971793,0.01365830483921453,0.0007644499133471556
1988-02-16,259.8299865722656,0.5896217722576216,0.013124690697427784,0.0007644499133471556
1988-02-17,259.2099914550781,-0.24783903592733877,0.01272381575445153,0.0007644499133471556
1988-02-18,257.9100036621094,-0.47635358915726267,0.012159580629051016,0.0007644499133471556
1988-02-19,261.6099853515625,1.1497706290584704,0.01172376285413326,0.0007644499133471556
1988-02-22,265.6400146484375,1.2184656218966223,0.011918945010355881,0.0007644499133471556
1988-02-23,265.0199890136719,-0.25408918777773176,0.01220540069080133,0.0007644499133471556
1988-02-24,264.42999267578125,-0.256480247793061,0.011670157956736314,0.0007644499133471556
1988-02-25,261.5799865722656,-1.0391594682432592,0.011163710508968812,0.0007644499133471556
1988-02-26,262.4599914550781,0.23102990815593105,0.011228391556027902,0.0007644499133471556
1988-02-29,267.82000732421875,1.8114463175538897,0.010738399146592616,0.0007644499133471556
1988-03-01,267.2200012207031,-0.253526633671655,0.011861856704562823,0.0007644499133471556
1988-03-02,267.9800109863281,0.18296590475277874,0.011344453590049135,0.0007644499133471556
1988-03-03,267.8800048828125,-0.10498238507162826,0.01083709900849174,0.0007644499133471556
1988-03-04,267.29998779296875,-0.2834095056806887,0.010345488231946446,0.0007644499133471556
1988-03-07,267.3800048828125,-0.04690377079782153,0.009916933451799545,0.0007644499133471556
1988-03-08,269.42999267578125,0.7255576167939428,0.009473063582729223,0.0007644499133471556
1988-03-09,269.05999755859375,-0.23004036884837428,0.00929682519348841,0.0007644499133471556
1988-03-10,263.8399963378906,-2.2840726174538775,0.008912150520130809,0.0007644499133471556
1988-03-11,264.94000244140625,0.3211880661639024,0.010573554824186022,0.0007644499133471556
1988-03-14,266.3699951171875,0.45525387893972447,0.010144794389799434,0.0007644499133471556
1988-03-15,266.1300048828125,-0.17015362290376848,0.009790104484686184,0.0007644499133471556
1988-03-16,268.6499938964844,0.9245758979159224,0.009366472794410642,0.0007644499133471556
1988-03-17,271.2200012207031,0.937482092885155,0.009340402188023192,0.0007644499133471556
1988-03-18,271.1199951171875,-0.12152264877213866,0.00932537923070438,0.0007644499133471556
1988-03-21,268.739990234375,-1.0739834494799978,0.008921577048786988,0.0007644499133471556
1988-03-22,268.8399963378906,-0.043463081336840896,0.009028111447840404,0.0007644499133471556
1988-03-23,268.9100036621094,-0.058370726770261804,0.00863581239255032,0.0007644499133471556
1988-03-24,263.3500061035156,-2.61959860681185,0.00826739085095251,0.0007644499133471556
1988-03-25,258.510009765625,-1.8672387147077403,0.01034361764818025,0.0007644499133471556
1988-03-28,258.05999755859375,-0.2176028655941878,0.011519880677060368,0.0007644499133471556
1988-03-29,260.07000732421875,0.6352173621652281,0.01101087226406246,0.0007644499133471556
1988-03-30,258.07000732421875,-0.791376900214345,0.010721072715673751,0.0007644499133471556
1988-03-31,258.8900146484375,0.22809291204803606,0.010556984760080036,0.0007644499133471556
1988-04-04,256.0899963378906,-1.1520754757311087,0.010102494935598892,0.0007644499133471556
1988-04-05,258.510009765625,0.8398954151055531,0.010288227238479447,0.0007644499133471556
1988-04-06,265.489990234375,2.543471727023921,0.010174389800036165,0.0007644499133471556
1988-04-07,266.1600036621094,0.1398895600017762,0.01255316801393253,0.0007644499133471556
1988-04-08,269.42999267578125,0.9561162568248391,0.011971863988836146,0.0007644499133471556
1988-04-11,270.1600036621094,0.16258890810090637,0.011940239805611187,0.0007644499133471556
1988-04-12,271.3699951171875,0.3250452223321753,0.011396401318778669,0.0007644499133471556
1988-04-13,271.5799865722656,0.0008301227405492834,0.010926779134053625,0.0007644499133471556
1988-04-14,259.75,-4.345808936305329,0.010424187171043788,0.0007644499133471556
1988-04-15,259.7699890136719,-0.040184379689743706,0.01710858952394184,0.0007644499133471556
1988-04-18,259.2099914550781,-0.1796321247865396,0.016269477057801143,0.0007644499133471556
1988-04-19,257.9200134277344,-0.3711912370011682,0.015499960601246752,0.0007644499133471556
1988-04-20,256.1300048828125,-0.5204107627790923,0.014851372599842263,0.0007644499133471556
1988-04-21,256.4200134277344,0.025622571178908444,0.014330350556248204,0.0007644499133471556
1988-04-22,260.1400146484375,0.999912022708501,0.013639976549535032,0.0007644499133471556
1988-04-25,262.510009765625,0.6085857413850253,0.01364599812586423,0.0007644499133471556
1988-04-26,263.92999267578125,0.34969881478932296,0.01324060839607355,0.0007644499133471556
1988-04-27,263.79998779296875,-0.099071512182969,0.012689264531444365,0.0007644499133471556
1988-04-28,262.6099853515625,-0.4370317344759954,0.01209444855187092,0.0007644499133471556
1988-04-29,261.3299865722656,-0.4854292397961386,0.011640235956321708,0.0007644499133471556
1988-05-02,261.55999755859375,0.01026650719232861,0.0112324792581097,0.0007644499133471556
1988-05-03,263.0,0.4411482098580501,0.010712701082665074,0.0007644499133471556
1988-05-04,260.32000732421875,-1.066052410478055,0.010324830539996315,0.0007644499133471556
1988-05-05,258.7900085449219,-0.6390515859111244,0.01042038959565745,0.0007644499133471556
1988-05-06,257.4800109863281,-0.5750312120390514,0.01015477935912815,0.0007644499133471556
1988-05-09,256.5400085449219,-0.44843707964110474,0.00986071131745151,0.0007644499133471556
1988-05-10,257.6199951171875,0.36111397755885466,0.00951647162548044,0.0007644499133471556
1988-05-11,253.30999755859375,-1.9262149268407167,0.009155798874182452,0.0007644499133471556
1988-05-12,253.8500061035156,0.13258370175475293,0.010296062311095793,0.0007644499133471556
1988-05-13,256.7799987792969,1.088774104985521,0.009838282348435144,0.0007644499133471556
1988-05-16,258.7099914550781,0.6752346990404491,0.009957393948544817,0.0007644499133471556
1988-05-17,255.38999938964844,-1.405730949646839,0.009731857985384472,0.0007644499133471556
1988-05-18,251.3500061035156,-1.6376688355947768,0.010203419215677292,0.0007644499133471556
1988-05-19,252.57000732421875,0.3702928423404298,0.011011832299570028,0.0007644499133471556
1988-05-20,253.02000427246097,0.09600620641746915,0.010578867559592905,0.0007644499133471556
1988-05-23,250.8300018310547,-0.936316842504067,0.010100830430841111,0.0007644499133471556
1988-05-24,253.5099945068359,0.9791468935019092,0.010073434679282569,0.0007644499133471556
1988-05-25,253.7599945068359,0.02193439049899023,0.010085466908300384,0.0007644499133471556
1988-05-26,254.6300048828125,0.275999122084493,0.009631057947308713,0.0007644499133471556
1988-05-27,253.4199981689453,-0.5983232101598543,0.009238812610046688,0.0007644499133471556
1988-05-31,262.1600036621094,3.68451269505872,0.008995052275232613,0.0007644499133471556
1988-06-01,266.69000244140625,1.2278292810883908,0.01333041678154742,0.0007644499133471556
1988-06-02,265.3299865722656,-0.43043711049348854,0.013653819386956277,0.0007644499133471556
1988-06-03,266.45001220703125,0.262705802639379,0.013124647163400645,0.0007644499133471556
1988-06-06,267.04998779296875,0.11835927154969095,0.012544489214507031,0.0007644499133471556
1988-06-07,265.1700134277344,-0.6545983848041196,0.011960204594202033,0.0007644499133471556
1988-06-08,271.5199890136719,1.9655711601890193,0.011650624100973226,0.0007644499133471556
1988-06-09,270.20001220703125,-0.4287911480285337,0.013147986517463593,0.0007644499133471556
1988-06-10,271.260009765625,0.24925993274103608,0.012640964328639523,0.0007644499133471556
1988-06-13,271.42999267578125,-0.011422778898335277,0.0120814900366762,0.0007644499133471556
1988-06-14,274.29998779296875,0.847093817080879,0.011514251516905794,0.0007644499133471556
1988-06-15,274.45001220703125,-0.019126564721689623,0.011380186851598932,0.0007644499133471556
1988-06-16,269.7699890136719,-1.6553138333533541,0.01085225389632436,0.0007644499133471556
1988-06-17,270.67999267578125,0.22186607466376349,0.011732893396509743,0.0007644499133471556
1988-06-20,268.94000244140625,-0.6432765598979793,0.011213557581390261,0.0007644499133471556
1988-06-21,271.6700134277344,0.8547333727024883,0.010921977278471892,0.0007644499133471556
1988-06-22,275.6600036621094,1.2783781664572353,0.010807163433764417,0.0007644499133471556
1988-06-23,274.82000732421875,-0.34224804061612973,0.01115074582473072,0.0007644499133471556
1988-06-24,273.7799987792969,-0.425792499252912,0.010699941326516178,0.0007644499133471556
1988-06-27,269.05999755859375,-1.7616392123885616,0.010305694554695828,0.0007644499133471556
1988-06-28,272.30999755859375,0.9940595639857677,0.011309453428646008,0.0007644499133471556
1988-06-29,270.9800109863281,-0.4998318702873821,0.011324820464060166,0.0007644499133471556
1988-06-30,273.5,0.7763219549361826,0.010938907412652363,0.0007644499133471556
1988-07-01,271.7799987792969,-0.6575518146648991,0.0107568112760031,0.0007644499133471556
1988-07-05,275.80999755859375,1.3301287639859458,0.010491355026563612,0.0007644499133471556
1988-07-06,272.0199890136719,-1.3404541806609196,0.010892659753346755,0.0007644499133471556
1988-07-07,271.7799987792969,-0.14551796416451923,0.011318819216777744,0.0007644499133471556
1988-07-08,270.0199890136719,-0.671977012239836,0.01080598166293522,0.0007644499133471556
1988-07-11,270.54998779296875,0.11341934186808653,0.010548812877627576,0.0007644499133471556
1988-07-12,267.8500061035156,-1.0714496199959225,0.010074373603099778,0.0007644499133471556
1988-07-13,269.32000732421875,0.4627310982207493,0.010175879388765359,0.0007644499133471556
1988-07-14,270.260009765625,0.27687209665120766,0.009823142134458056,0.0007644499133471556
1988-07-15,272.04998779296875,0.6195782354438935,0.009420736672159612,0.0007644499133471556
1988-07-18,270.510009765625,-0.7015472139365317,0.009181385894014396,0.0007644499133471556
1988-07-19,268.4700012207031,-0.9260944167664247,0.008999483889988415,0.0007644499133471556
1988-07-20,270.0,0.5476507738471771,0.008980775541887925,0.0007644499133471556
1988-07-21,266.6600036621094,-1.5147321332586963,0.008722305548990193,0.0007644499133471556
1988-07-22,263.5,-1.3667057021902624,0.009281833193617495,0.0007644499133471556
1988-07-25,264.67999267578125,0.3821447824861587,0.009691885763877518,0.0007644499133471556
1988-07-26,265.19000244140625,0.12439852959191107,0.009329596056711787,0.0007644499133471556
1988-07-27,262.5,-1.227882563299953,0.008925875833421821,0.0007644499133471556
1988-07-28,266.0199890136719,1.3679445409308042,0.009178676697448561,0.0007644499133471556
1988-07-29,272.0199890136719,2.246764607299096,0.009586963408214508,0.0007644499133471556
1988-08-01,272.2099914550781,-0.005858394719256436,0.011301165025004162,0.0007644499133471556
1988-08-02,272.05999755859375,-0.12207157693337314,0.010777484484102156,0.0007644499133471556
1988-08-03,272.9800109863281,0.25375852183884917,0.010291286023345234,0.0007644499133471556
1988-08-04,271.92999267578125,-0.46851130457919216,0.009857540773299393,0.0007644499133471556
1988-08-05,271.1499938964844,-0.38193970471338623,0.009522320907717178,0.0007644499133471556
1988-08-08,269.9800109863281,-0.5550131925627594,0.009168570918796448,0.0007644499133471556
1988-08-09,266.489990234375,-1.5468813488759157,0.008905460003644717,0.0007644499133471556
1988-08-10,261.8999938964844,-1.9067268771224883,0.009512848812493792,0.0007644499133471556
1988-08-11,262.75,0.23218389365222522,0.010663235919852139,0.0007644499133471556
1988-08-12,262.54998779296875,-0.14954630817110454,0.010203970257257597,0.0007644499133471556
1988-08-15,258.69000244140625,-1.5968658450135695,0.009753793959469563,0.0007644499133471556
1988-08-16,260.55999755859375,0.6146256633494129,0.010475089145781703,0.0007644499133471556
1988-08-17,260.7699890136719,0.004037426389045223,0.010191918150298306,0.0007644499133471556
1988-08-18,261.0299987792969,0.023855104133008852,0.009731167977217101,0.0007644499133471556
1988-08-19,260.239990234375,-0.40824464918183495,0.009297228636976797,0.0007644499133471556
1988-08-22,256.9800109863281,-1.4914919015290151,0.008964440861032688,0.0007644499133471556
1988-08-23,257.0899963378906,-0.035395993799137805,0.009508127467540895,0.0007644499133471556
1988-08-24,261.1300048828125,1.6316708204108987,0.009087453370827465,0.0007644499133471556
1988-08-25,259.17999267578125,-0.8418045045178733,0.009812329859011789,0.0007644499133471556
1988-08-26,259.67999267578125,0.11974770621189748,0.009710857408988454,0.0007644499133471556
1988-08-29,262.3299865722656,1.0111990615475441,0.009284696637895981,0.0007644499133471556
1988-08-30,262.510009765625,-0.008404065104694483,0.009333360590935673,0.0007644499133471556
1988-08-31,261.5199890136719,-0.5091656664173562,0.008922328333731,0.0007644499133471556
1988-09-01,258.3500061035156,-1.4984627755726492,0.008648791396672066,0.0007644499133471556
1988-09-02,264.4800109863281,2.4696542956957517,0.009185879732267093,0.0007644499133471556
1988-09-06,265.5899963378906,0.30533518694395123,0.011212684038609177,0.0007644499133471556
1988-09-07,265.8699951171875,0.026917784510065587,0.010745562377449306,0.0007644499133471556
1988-09-08,265.8800048828125,-0.07088243783569816,0.010253619172587478,0.0007644499133471556
1988-09-09,266.8399963378906,0.2900024332322807,0.009791871861984047,0.0007644499133471556
1988-09-12,266.4700012207031,-0.2290635569435039,0.009394739894305558,0.0007644499133471556
1988-09-13,267.42999267578125,0.31447995470721496,0.009004392843542425,0.0007644499133471556
1988-09-14,269.30999755859375,0.7209458488012667,0.008656476776237645,0.0007644499133471556
1988-09-15,268.1300048828125,-0.6062349737895965,0.008504322201571737,0.0007644499133471556
1988-09-16,270.6499938964844,1.035576421073485,0.008294940736231264,0.0007644499133471556
1988-09-19,268.82000732421875,-0.9016442939429397,0.008372329051389764,0.0007644499133471556
1988-09-20,269.7300109863281,0.3132911379405449,0.008346905726909751,0.0007644499133471556
1988-09-21,270.1600036621094,0.10310880556143218,0.00803462244726716,0.0007644499133471556
1988-09-22,269.17999267578125,-0.5708567263686132,0.00770520122934853,0.0007644499133471556
1988-09-23,269.760009765625,0.1847129251269206,0.007514295516418794,0.0007644499133471556
1988-09-26,268.8800048828125,-0.5580317611022183,0.0072253223425187895,0.0007644499133471556
1988-09-27,268.260009765625,-0.4357851727134411,0.007051537787203133,0.0007644499133471556
1988-09-28,269.0799865722656,0.33421262894616993,0.006844557225011114,0.0007644499133471556
1988-09-29,272.5899963378906,1.8414627258512846,0.006622826533347804,0.0007644499133471556
1988-09-30,271.9100036621094,-0.4409952789320518,0.007397196253537728,0.0007644499133471556
1988-10-03,271.3800048828125,-0.378559627073923,0.0071733002314772745,0.0007644499133471556
1988-10-04,270.6199951171875,-0.5139968316438197,0.006943458814385069,0.0007644499133471556
1988-10-05,271.8599853515625,0.562568826913808,0.006767384072658437,0.0007644499133471556
1988-10-06,272.3900146484375,0.178814353828769,0.0066174370005092,0.0007644499133471556
1988-10-07,278.07000732421875,3.1133009744608526,0.006383430476396639,0.0007644499133471556
1988-10-10,278.239990234375,-0.017687980770348485,0.00866923718099241,0.0007644499133471556
1988-10-11,277.92999267578125,-0.22647871575008283,0.00829750533108278,0.0007644499133471556
1988-10-12,273.9800109863281,-1.8921810623567108,0.007968875791658291,0.0007644499133471556
1988-10-13,275.2200012207031,0.41987306799319934,0.008934083947874564,0.0007644499133471556
1988-10-14,275.5,0.02926727028319785,0.008623845157819813,0.0007644499133471556
1988-10-17,276.4100036621094,0.306867308218927,0.008255051495527911,0.0007644499133471556
1988-10-18,279.3800048828125,1.2487837694285862,0.007946248316437107,0.0007644499133471556
1988-10-19,276.9700012207031,-1.1490189343714008,0.008205372363908942,0.0007644499133471556
1988-10-20,282.8800048828125,2.428877092937631,0.00837800536544437,0.0007644499133471556
1988-10-21,283.6600036621094,0.19555480469493422,0.010171594382824545,0.0007644499133471556
1988-10-24,282.2799987792969,-0.5797141472418176,0.009731207886968801,0.0007644499133471556
1988-10-25,282.3800048828125,-0.0433780330028704,0.00945715654033341,0.0007644499133471556
1988-10-26,281.3800048828125,-0.4770116609155208,0.009039742290429458,0.0007644499133471556
1988-10-27,277.2799987792969,-1.7655235684838246,0.008746818749007373,0.0007644499133471556
1988-10-28,278.5299987792969,0.38804157335444256,0.009621385670072676,0.0007644499133471556
1988-10-31,278.9700012207031,0.08786301831398684,0.009264813851743152,0.0007644499133471556
1988-11-01,279.05999755859375,-0.04986854965627557,0.008861291033671387,0.0007644499133471556
1988-11-02,279.05999755859375,-0.09015698075340026,0.008479098423205841,0.0007644499133471556
1988-11-03,279.20001220703125,-0.03236137436293104,0.008121998037116655,0.0007644499133471556
1988-11-04,276.30999755859375,-1.4350210984463267,0.007783474091142936,0.0007644499133471556
1988-11-07,273.92999267578125,-1.145952113331127,0.008216130698688649,0.0007644499133471556
1988-11-08,275.1499938964844,0.4387434245982848,0.008386128759615117,0.0007644499133471556
1988-11-09,273.3299865722656,-0.912537705543961,0.00811037606909756,0.0007644499133471556
1988-11-10,273.69000244140625,0.06814487476326236,0.008097905630872676,0.0007644499133471556
1988-11-11,267.9200134277344,-2.8435025492579076,0.007762278694119377,0.0007644499133471556
1988-11-14,267.7200012207031,-0.15006858048794544,0.010070500572209802,0.0007644499133471556
1988-11-15,268.3399963378906,0.16085591583544678,0.009627913288693822,0.0007644499133471556
1988-11-16,263.82000732421875,-1.9270758467515667,0.009211982639587673,0.0007644499133471556
1988-11-17,264.6000061035156,0.21117611051871324,0.010359811278518824,0.0007644499133471556
1988-11-18,266.4700012207031,0.6333518868820679,0.009912257250348867,0.0007644499133471556
1988-11-21,266.2200012207031,-0.17626530325831502,0.009662038822152956,0.0007644499133471556
1988-11-22,267.2099914550781,0.3187474149015982,0.009246647590722145,0.0007644499133471556
1988-11-23,269.0,0.6652588745941154,0.008886909713926036,0.0007644499133471556
1988-11-25,267.2300109863281,-0.8472638669400718,0.008693959321943515,0.0007644499133471556
1988-11-28,268.6400146484375,0.5216412038332277,0.008622873327306714,0.0007644499133471556
1988-11-29,270.9100036621094,0.9141226697981557,0.008368655980204028,0.0007644499133471556
1988-11-30,273.70001220703125,1.1352034843299688,0.008352277760112273,0.0007644499133471556
1988-12-01,272.489990234375,-0.6102515896553288,0.008513259620011579,0.0007644499133471556
1988-12-02,271.80999755859375,-0.39287692025867005,0.008305518273005517,0.0007644499133471556
1988-12-05,274.92999267578125,1.3280442636201557,0.008018376895282838,0.0007644499133471556
1988-12-06,277.5899963378906,1.061198977172065,0.008353050506402225,0.0007644499133471556
1988-12-07,278.1300048828125,0.13951188438343412,0.008450937339077197,0.0007644499133471556
1988-12-08,276.5899963378906,-0.7798350405736938,0.008100233229595976,0.0007644499133471556
1988-12-09,277.0299987792969,0.10311754132955764,0.00800152131955535,0.0007644499133471556
1988-12-12,276.5199890136719,-0.3397319580243219,0.007674102100362339,0.0007644499133471556
1988-12-13,276.30999755859375,-0.20579739400908803,0.007406052365462705,0.0007644499133471556
1988-12-14,275.30999755859375,-0.6160173504825392,0.007126647101324341,0.0007644499133471556
1988-12-15,274.2799987792969,-0.6464264386299077,0.00698099321016013,0.0007644499133471556
1988-12-16,276.2900085449219,0.9536639742008846,0.006854764314625617,0.0007644499133471556
1988-12-19,278.9100036621094,1.2581437142129401,0.006893999943874741,0.0007644499133471556
1988-12-20,277.4700012207031,-0.8312246632564563,0.007147031131560448,0.0007644499133471556
1988-12-21,277.3800048828125,-0.1532098973454099,0.0071069084594095645,0.0007644499133471556
1988-12-22,276.8699951171875,-0.38086666322943336,0.006839166266078905,0.0007644499133471556
1988-12-23,277.8699951171875,0.4285565845236161,0.00662887172285833,0.0007644499133471556
1988-12-27,276.8299865722656,-0.7006301965954213,0.006443142067029395,0.0007644499133471556
1988-12-28,277.0799865722656,0.02172232051292461,0.006363220319196415,0.0007644499133471556
1988-12-29,279.3999938964844,1.2343589983768861,0.006135776043734597,0.0007644499133471556
1988-12-30,277.7200012207031,-1.0677861137425324,0.006364063479709003,0.0007644499133471556
1989-01-03,275.30999755859375,-1.4625715770275125,0.006481829478694917,0.0007644499133471556
1989-01-04,279.42999267578125,2.044339288402228,0.006892012164973275,0.0007644499133471556
1989-01-05,280.010009765625,0.16533806031292697,0.00791780179258135,0.0007644499133471556
1989-01-06,280.6700134277344,0.20913663376859656,0.007601959516903511,0.0007644499133471556
1989-01-09,280.9800109863281,0.04642580605099924,0.0073112738172635625,0.0007644499133471556
1989-01-10,280.3800048828125,-0.41322201503194256,0.007023193285798996,0.0007644499133471556
1989-01-11,282.010009765625,0.7388222860985888,0.006811208536761512,0.0007644499133471556
1989-01-12,283.1700134277344,0.4960501521430455,0.0067341085686192246,0.0007644499133471556
1989-01-13,283.8699951171875,0.25971074966168367,0.006562871764561432,0.0007644499133471556
1989-01-16,284.1400146484375,0.029368584406844127,0.006343731043936307,0.0007644499133471556
1989-01-17,283.54998779296875,-0.46474031993133935,0.006117705694162526,0.0007644499133471556
1989-01-18,286.5299987792969,1.6229474867800127,0.005970838373223941,0.0007644499133471556
1989-01-19,286.9100036621094,0.08639188542966883,0.006492532528401715,0.0007644499133471556
1989-01-20,286.6300048828125,-0.2781448800414069,0.006258745262846769,0.0007644499133471556
1989-01-23,284.5,-1.35659952874008,0.006061773301476182,0.0007644499133471556
1989-01-24,288.489990234375,2.064306559032198,0.0063763232811516,0.0007644499133471556
1989-01-25,289.1400146484375,0.20196947692583822,0.007358592992062207,0.0007644499133471556
1989-01-26,291.69000244140625,1.1319781160791131,0.007081499447685595,0.0007644499133471556
1989-01-27,293.82000732421875,0.8994791420510077,0.007238975082974461,0.0007644499133471556
1989-01-30,294.989990234375,0.4435218455027224,0.007236654980098889,0.0007644499133471556
1989-01-31,297.4700012207031,1.0833695435773716,0.0070220816571351695,0.0007644499133471556
1989-02-01,297.0899963378906,-0.28590950852247377,0.007144647681082542,0.0007644499133471556
1989-02-02,296.8399963378906,-0.23296789231431192,0.006894941646936281,0.0007644499133471556
1989-02-03,296.9700012207031,-0.04910354107059872,0.006650904615557718,0.0007644499133471556
1989-02-06,296.0400085449219,-0.6090375191200331,0.00640513647827791,0.0007644499133471556
1989-02-07,299.6300048828125,1.7948105171037037,0.006289988398916906,0.0007644499133471556
1989-02-08,298.6499938964844,-0.5781589509067363,0.006988644910265249,0.0007644499133471556
1989-02-09,296.05999755859375,-1.3864052255345678,0.006833947421084293,0.0007644499133471556
1989-02-10,292.0199890136719,-2.0170187718742754,0.0071909706062428715,0.0007644499133471556
1989-02-13,292.5400085449219,0.12341779331371823,0.008221936855137226,0.0007644499133471556
1989-02-14,291.80999755859375,-0.4139223324707515,0.007883100627093706,0.0007644499133471556
1989-02-15,294.239990234375,0.9873385883929243,0.007624922857076336,0.0007644499133471556
1989-02-16,294.80999755859375,0.1525924995304322,0.007673346886130611,0.0007644499133471556
1989-02-17,296.760009765625,0.7907324266107794,0.0073706874261933964,0.0007644499133471556
1989-02-21,295.9800109863281,-0.4651775475424022,0.007301067233180956,0.0007644499133471556
1989-02-22,290.9100036621094,-2.5447510761308694,0.0070900521869258605,0.0007644499133471556
1989-02-23,292.04998779296875,0.3581862249771694,0.008784746544623134,0.0007644499133471556
1989-02-24,287.1300048828125,-2.0982715542112973,0.008461410385505642,0.0007644499133471556
1989-02-27,287.82000732421875,0.16747976042300367,0.009766961633229819,0.0007644499133471556
1989-02-28,288.8599853515625,0.3041812881293509,0.009344200219231866,0.0007644499133471556
1989-03-01,287.1099853515625,-0.7622408430265002,0.0089750823093609,0.0007644499133471556
1989-03-02,289.95001220703125,1.0271675289000237,0.008838597098028936,0.0007644499133471556
1989-03-03,291.17999267578125,0.38952472567437063,0.008904752193409401,0.0007644499133471556
1989-03-06,294.80999755859375,1.3540619901000635,0.008585290364254282,0.0007644499133471556
1989-03-07,293.8699951171875,-0.44170145678792244,0.008960909117049911,0.0007644499133471556
1989-03-08,294.0799865722656,-0.005790602617931743,0.008657556533437305,0.0007644499133471556
1989-03-09,293.92999267578125,-0.15382124101783426,0.008286401662861502,0.0007644499133471556
1989-03-10,292.8800048828125,-0.5464953388500305,0.007947155179697829,0.0007644499133471556
1989-03-13,295.32000732421875,0.9737912636689069,0.007734823545755332,0.0007644499133471556
1989-03-14,295.1400146484375,-0.1768025075428065,0.007772057404039643,0.0007644499133471556
1989-03-15,296.6700134277344,0.5901234294684543,0.00746646448977431,0.0007644499133471556
1989-03-16,299.44000244140625,1.169247034136249,0.007294580508251446,0.0007644499133471556
1989-03-17,292.69000244140625,-3.150031692580225,0.0074807135866313094,0.0007644499133471556
1989-03-20,289.9200134277344,-1.0074859526985567,0.01019708264682416,0.0007644499133471556
1989-03-21,291.3299865722656,0.39933028283876437,0.010234836363770468,0.0007644499133471556
1989-03-22,290.489990234375,-0.3706805362793437,0.009851961636408427,0.0007644499133471556
1989-03-23,288.9800109863281,-0.6305574234729553,0.009477406468618282,0.0007644499133471556
1989-03-27,290.57000732421875,0.510982637190777,0.0092421277877229,0.0007644499133471556
1989-03-28,291.5899963378906,0.30595107029602664,0.008954723354643609,0.0007644499133471556
1989-03-29,292.3500061035156,0.21361173008911702,0.008607168484814827,0.0007644499133471556
1989-03-30,292.5199890136719,-0.02218150670478402,0.008258346453615426,0.0007644499133471556
1989-03-31,294.8699951171875,0.9147768303550491,0.00791134153022409,0.0007644499133471556
1989-04-03,296.3900146484375,0.5537665622650931,0.007904394706144607,0.0007644499133471556
1989-04-04,295.30999755859375,-0.5735932802062951,0.007697109386046056,0.0007644499133471556
1989-04-05,296.239990234375,0.3169809247397612,0.007507738682441144,0.0007644499133471556
1989-04-06,295.2900085449219,-0.5489556784930311,0.007243572591785042,0.0007644499133471556
1989-04-07,297.1600036621094,0.7852810119466844,0.007065398708139555,0.0007644499133471556
1989-04-10,297.1099853515625,-0.13320295126980383,0.007002736890890629,0.0007644499133471556
1989-04-11,298.489990234375,0.574156892665815,0.006739547244800735,0.0007644499133471556
1989-04-12,298.989990234375,0.13786390849511415,0.006595248405927796,0.0007644499133471556
1989-04-13,296.3999938964844,-1.4885132174833204,0.006358473895765803,0.0007644499133471556
1989-04-14,301.3599853515625,2.333001516632295,0.006785761569390803,0.0007644499133471556
1989-04-17,301.7200012207031,0.05274414610914228,0.008142597303480083,0.0007644499133471556
1989-04-18,306.0199890136719,1.7154484150148528,0.007803519086449798,0.0007644499133471556
1989-04-19,307.1499938964844,0.3420931358800534,0.008539587982800453,0.0007644499133471556
1989-04-20,306.19000244140625,-0.47355905339393806,0.008224582242362652,0.0007644499133471556
1989-04-21,309.6099853515625,1.2977950567093868,0.007969757155108203,0.0007644499133471556
1989-04-24,308.69000244140625,-0.4520242536527886,0.008274552800481097,0.0007644499133471556
1989-04-25,306.75,-0.8825957985431117,0.008009228365232539,0.0007644499133471556
1989-04-26,306.92999267578125,-0.022291264922797396,0.007978408083035142,0.0007644499133471556
1989-04-27,309.5799865722656,1.0240513426362832,0.0076484076882865504,0.0007644499133471556
1989-04-28,309.6400146484375,-0.07387950675852416,0.007722940577170348,0.0007644499133471556
1989-05-01,309.1199951171875,-0.3299766922478163,0.007410506217449899,0.0007644499133471556
1989-05-02,308.1199951171875,-0.559706486731615,0.0071549706836268575,0.0007644499133471556
1989-05-03,308.1600036621094,-0.09085088803360963,0.006985193773906892,0.0007644499133471556
1989-05-04,307.7699890136719,-0.30221988234531283,0.00671986012290901,0.0007644499133471556
1989-05-05,307.6099853515625,-0.1976456031310543,0.006498832902698398,0.0007644499133471556
1989-05-08,306.0,-0.9581442884822814,0.006274678322523206,0.0007644499133471556
1989-05-09,305.19000244140625,-0.5396213859549471,0.00632853048677951,0.0007644499133471556
1989-05-10,305.79998779296875,0.19898397311823623,0.006192771058694425,0.0007644499133471556
1989-05-11,306.95001220703125,0.4991513212504559,0.005988573054061158,0.0007644499133471556
1989-05-12,313.8399963378906,3.6584856211920593,0.00585868987779515,0.0007644499133471556
1989-05-15,316.1600036621094,0.7598678922617486,0.008686623114203753,0.0007644499133471556
1989-05-16,315.2799987792969,-0.4150466350456121,0.008557464971633294,0.0007644499133471556
1989-05-17,317.4800109863281,0.7488882903652104,0.00826462368126348,0.0007644499133471556
1989-05-18,317.9700012207031,0.09551909925036824,0.008142181109523269,0.0007644499133471556
1989-05-19,321.239990234375,1.212834249227609,0.0078056704507143936,0.0007644499133471556
1989-05-22,321.9800109863281,0.19132112051953706,0.008031204800059802,0.0007644499133471556
1989-05-23,318.32000732421875,-1.5814749487065605,0.007712247817119897,0.0007644499133471556
1989-05-24,319.1400146484375,0.21804458664573703,0.008293188419944926,0.0007644499133471556
1989-05-25,319.1700134277344,-0.08419338445459514,0.007963280399269114,0.0007644499133471556
1989-05-26,321.5899963378906,0.8889945783968113,0.007636787547360048,0.0007644499133471556
1989-05-30,319.04998779296875,-1.1411554688531198,0.007618671603775036,0.0007644499133471556
1989-05-31,320.5199890136719,0.49238926201398925,0.007783274254345388,0.0007644499133471556
1989-06-01,321.9700012207031,0.4961126384696719,0.007557325607439618,0.0007644499133471556
1989-06-02,325.5199890136719,1.3890359719098013,0.007343973045171125,0.0007644499133471556
1989-06-05,322.0299987792969,-1.4956752063634169,0.007717995652934106,0.0007644499133471556
1989-06-06,324.239990234375,0.7399855325904449,0.008209345865386252,0.0007644499133471556
1989-06-07,326.95001220703125,0.9351010800500703,0.00808349962344948,0.0007644499133471556
1989-06-08,326.75,-0.1701877066236431,0.008087474587242554,0.0007644499133471556
1989-06-09,326.69000244140625,-0.1221420730376907,0.007762156838369283,0.0007644499133471556
1989-06-12,326.239990234375,-0.2876004551255012,0.007450925313492726,0.0007644499133471556
1989-06-13,323.9100036621094,-1.1041926712405636,0.007183543487574925,0.0007644499133471556
1989-06-14,323.8299865722656,-0.13818005140801284,0.007320270660650557,0.0007644499133471556
1989-06-15,320.0799865722656,-1.7636653364512418,0.007037714201929883,0.0007644499133471556
1989-06-16,321.3500061035156,0.4114355553431377,0.007766752916733978,0.0007644499133471556
1989-06-19,321.8900146484375,0.12171717627440924,0.007513952307241829,0.0007644499133471556
1989-06-20,321.25,-0.3816539520232372,0.007217877532284144,0.0007644499133471556
1989-06-21,320.4800109863281,-0.4529080400947332,0.006986362891136296,0.0007644499133471556
1989-06-22,322.32000732421875,0.7307661132995011,0.00678809184572622,0.0007644499133471556
1989-06-23,328.0,2.4901961732649043,0.006708023666410745,0.0007644499133471556
1989-06-26,326.6000061035156,-0.6112403337595889,0.008248570643350195,0.0007644499133471556
1989-06-27,328.44000244140625,0.6027478041444068,0.008052341464869526,0.0007644499133471556
1989-06-28,325.80999755859375,-1.1200817273496542,0.00786036241073727,0.0007644499133471556
1989-06-29,319.67999267578125,-2.4673188193162736,0.008008028427550839,0.0007644499133471556
1989-06-30,317.9800109863281,-0.622963254491093,0.009786131280702996,0.0007644499133471556
1989-07-03,319.2300109863281,0.3313132866580456,0.009534505496038664,0.0007644499133471556
1989-07-05,320.6400146484375,0.3975353445723307,0.009163244830914893,0.0007644499133471556
1989-07-06,321.54998779296875,0.2342854496385235,0.008833329454248645,0.0007644499133471556
1989-07-07,324.9100036621094,1.136294855134095,0.008475588531484444,0.0007644499133471556
1989-07-10,327.07000732421875,0.6785896452244093,0.008637850008548713,0.0007644499133471556
1989-07-11,328.7799987792969,0.5259161940317617,0.008461695695727193,0.0007644499133471556
1989-07-12,329.80999755859375,0.2876361160096669,0.00821678244431589,0.0007644499133471556
1989-07-13,329.95001220703125,-0.04300910067785606,0.007905507258079229,0.0007644499133471556
1989-07-14,331.8399963378906,0.6526356977571179,0.007580491356831771,0.0007644499133471556
1989-07-17,332.44000244140625,0.1402115336858563,0.007431885827019972,0.0007644499133471556
1989-07-18,331.3500061035156,-0.5668229050484459,0.007142641822748264,0.0007644499133471556
1989-07-19,335.7300109863281,1.772823752169028,0.006976221600644022,0.0007644499133471556
1989-07-20,333.510009765625,-0.9596578358297204,0.007709903117403576,0.0007644499133471556
1989-07-21,335.8999938964844,0.8240457669917499,0.007737615548411311,0.0007644499133471556
1989-07-24,333.6700134277344,-0.9673099837711717,0.007676347433377928,0.0007644499133471556
1989-07-25,333.8800048828125,-0.01754996848795591,0.007709937269070092,0.0007644499133471556
1989-07-26,338.04998779296875,1.5747858127984802,0.007396349275915881,0.0007644499133471556
1989-07-27,341.989990234375,1.360950732015696,0.007952705942418876,0.0007644499133471556
1989-07-28,342.1499938964844,-0.0356710369597314,0.00831763505016664,0.0007644499133471556
1989-07-31,346.0799865722656,1.3374867658688347,0.007967371494083513,0.0007644499133471556
1989-08-01,343.75,-0.904910101469807,0.008309913134564645,0.0007644499133471556
1989-08-02,344.3399963378906,0.11467458504146723,0.008288077246574597,0.0007644499133471556
1989-08-03,344.739990234375,0.04990919200423713,0.00794444382480626,0.0007644499133471556
1989-08-04,343.9200134277344,-0.4129836915051656,0.007617298565477062,0.0007644499133471556
1989-08-07,349.4100036621094,2.044293956168491,0.007372945105797346,0.0007644499133471556
1989-08-08,349.3500061035156,-0.11065903026161672,0.008460002813321611,0.0007644499133471556
1989-08-09,346.94000244140625,-0.9483249759250236,0.00810575615720609,0.0007644499133471556
1989-08-10,348.25,0.37004022174774936,0.008118850870172185,0.0007644499133471556
1989-08-11,344.739990234375,-1.3905627129571243,0.007834656483314521,0.0007644499133471556
1989-08-14,343.05999755859375,-0.6868726490299935,0.008225075572511705,0.0007644499133471556
1989-08-15,344.7099914550781,0.49990964457737985,0.008068772652311795,0.0007644499133471556
1989-08-16,345.6600036621094,0.2538053110814846,0.007831729753055055,0.0007644499133471556
1989-08-17,344.45001220703125,-0.5668138142590319,0.0075353068227852395,0.0007644499133471556
1989-08-18,346.0299987792969,0.5186103305505367,0.007350500669404541,0.0007644499133471556
1989-08-21,340.6700134277344,-2.288481824799024,0.007155668229639319,0.0007644499133471556
1989-08-22,341.19000244140625,0.089285887308048,0.0085204720529628,0.0007644499133471556
1989-08-23,344.70001220703125,1.1604861164183158,0.00816084300273237,0.0007644499133471556
1989-08-24,351.5199890136719,2.256614639386498,0.008343302486941338,0.0007644499133471556
1989-08-25,350.5199890136719,-0.366283897923186,0.00986473189689372,0.0007644499133471556
1989-08-28,352.0899963378906,0.3904559128613604,0.009487958701892861,0.0007644499133471556
1989-08-29,349.8399963378906,-0.7851355534009495,0.009139017561679013,0.0007644499133471556
1989-08-30,350.6499938964844,0.17177375012968038,0.009013082763827814,0.0007644499133471556
1989-08-31,351.45001220703125,0.17541016473564158,0.00863394015709818,0.0007644499133471556
1989-09-01,353.7300109863281,0.6888750718079973,0.008277267214274572,0.0007644499133471556
1989-09-05,352.55999755859375,-0.5021568828456704,0.008120126914341998,0.0007644499133471556
1989-09-06,349.239990234375,-1.2974610103873556,0.007881490434249808,0.0007644499133471556
1989-09-07,348.3500061035156,-0.4051759029644053,0.008184217945450843,0.0007644499133471556
1989-09-08,348.760009765625,0.05208356955554899,0.007907400614560103,0.0007644499133471556
1989-09-11,347.6600036621094,-0.517432122542351,0.007582604705104484,0.0007644499133471556
1989-09-12,348.70001220703125,0.30132241339289945,0.007375945000248729,0.0007644499133471556
1989-09-13,345.4599914550781,-1.4193079984805108,0.007115862859080022,0.0007644499133471556
1989-09-14,343.1600036621094,-0.9912366891264202,0.007510280994185558,0.0007644499133471556
1989-09-15,345.05999755859375,0.6289826144241444,0.007563065304955192,0.0007644499133471556
1989-09-18,346.7300109863281,0.5488359862220482,0.00740412998526637,0.0007644499133471556
1989-09-19,346.54998779296875,-0.17785356395071777,0.0072182278477696815,0.0007644499133471556
1989-09-20,346.4700012207031,-0.14327967345062073,0.006946447535526607,0.0007644499133471556
1989-09-21,345.70001220703125,-0.44698153075069413,0.006687761769615819,0.0007644499133471556
1989-09-22,347.04998779296875,0.4817050246090396,0.006503968818800925,0.0007644499133471556
1989-09-25,344.2300109863281,-1.407326361642743,0.006340537806110292,0.0007644499133471556
1989-09-26,344.3299865722656,-0.07074584400259025,0.006700882262178336,0.0007644499133471556
1989-09-27,345.1000061035156,0.2277083816063497,0.006452713776319078,0.0007644499133471556
1989-09-28,348.6000061035156,1.4956916346395557,0.0062355452655123425,0.0007644499133471556
1989-09-29,349.1499938964844,0.12185168678584372,0.00666393157513632,0.0007644499133471556
1989-10-02,350.8699951171875,0.6462336952130534,0.006421374932267802,0.0007644499133471556
1989-10-03,354.7099914550781,1.6013543639738093,0.006319843921174727,0.0007644499133471556
1989-10-04,356.94000244140625,0.8042164021830236,0.0068423464233073215,0.0007644499133471556
1989-10-05,356.9700012207031,-0.1001049226589658,0.006796959711575841,0.0007644499133471556
1989-10-06,358.7799987792969,0.6560240137135829,0.006544251141245203,0.0007644499133471556
1989-10-09,359.79998779296875,0.3220615488728723,0.006441171926621429,0.0007644499133471556
1989-10-10,359.1300048828125,-0.42112971834725216,0.006241031825566357,0.0007644499133471556
1989-10-11,356.989990234375,-1.1095636412074696,0.006075506048708669,0.0007644499133471556
1989-10-12,355.3900146484375,-0.844796979363316,0.006222055282617555,0.0007644499133471556
1989-10-13,333.6499938964844,-10.275818359931863,0.0062172905214589345,0.0007644499133471556
1989-10-16,342.8500061035156,1.2880526094716775,0.020524068945999025,0.0007644499133471556
1989-10-17,341.1600036621094,-0.2700919616131936,0.02112582405909498,0.0007644499133471556
1989-10-18,341.760009765625,0.0492701667090657,0.020148679699122218,0.0007644499133471556
1989-10-19,347.1300048828125,0.7742465622923593,0.019149130942295232,0.0007644499133471556
1989-10-20,347.1600036621094,-0.03613990257050991,0.01876137352076666,0.0007644499133471556
1989-10-23,344.8299865722656,-0.42047160106460796,0.017834084856430742,0.0007644499133471556
1989-10-24,343.70001220703125,-0.2365032761911867,0.01711068713825974,0.0007644499133471556
1989-10-25,342.5,-0.2611923304230005,0.01631752194439287,0.0007644499133471556
1989-10-26,337.92999267578125,-0.9115747245843212,0.015574538722387591,0.0007644499133471556
1989-10-27,335.05999755859375,-0.6017197911323862,0.015445044089682829,0.0007644499133471556
1989-10-30,335.07000732421875,-0.04907417965436991,0.014968682468366714,0.0007644499133471556
1989-10-31,340.3599853515625,1.0459730868176533,0.014245013698826985,0.0007644499133471556
1989-11-01,341.20001220703125,0.11883181119727415,0.014310675908403507,0.0007644499133471556
1989-11-02,338.4800109863281,-0.6432626587109231,0.01363092092980672,0.0007644499133471556
1989-11-03,337.6199951171875,-0.2496072114902663,0.01325482766482854,0.0007644499133471556
1989-11-06,332.6099853515625,-1.2409487817742209,0.012663576404969354,0.0007644499133471556
1989-11-07,334.80999755859375,0.44852023634175925,0.01299419883103667,0.0007644499133471556
1989-11-08,338.1499938964844,0.73264502995283,0.012505260020476854,0.0007644499133471556
1989-11-09,336.57000732421875,-0.44499750429706475,0.012242412250911326,0.0007644499133471556
1989-11-10,339.1000061035156,0.5705642369887473,0.011785604135583527,0.0007644499133471556
1989-11-13,339.54998779296875,0.0491685226328462,0.011423132829872111,0.0007644499133471556
1989-11-14,337.989990234375,-0.4928740364159567,0.010893950122184597,0.0007644499133471556
1989-11-15,340.5400085449219,0.6416126909499849,0.010523307773303483,0.0007644499133471556
1989-11-16,340.5799865722656,-0.06309352539211056,0.010255582038196603,0.0007644499133471556
1989-11-17,341.6099853515625,0.23028600636061558,0.009793193950215728,0.0007644499133471556
1989-11-20,339.3500061035156,-0.7890514078732183,0.009381012838776686,0.0007644499133471556
1989-11-21,339.5899963378906,-0.006214905246944059,0.009251023876539395,0.0007644499133471556
1989-11-22,341.9100036621094,0.6833518665559695,0.008844796973224205,0.0007644499133471556
1989-11-24,343.9700012207031,0.6050958661494326,0.008663821636238925,0.0007644499133471556
1989-11-27,345.6099853515625,0.4725840874309476,0.00844724079378192,0.0007644499133471556
1989-11-28,345.7699890136719,-0.03686504707783826,0.008181106145969156,0.0007644499133471556
1989-11-29,343.6000061035156,-0.900613939951378,0.007839124056300759,0.0007644499133471556
1989-11-30,345.989990234375,0.7882284344110887,0.00782411116457435,0.0007644499133471556
1989-12-01,350.6300048828125,1.6226172719653098,0.007738889492601928,0.0007644499133471556
1989-12-04,351.4100036621094,0.17423435271324614,0.008365991440503866,0.0007644499133471556
1989-12-05,349.5799865722656,-0.7459002083982814,0.00802479704056179,0.0007644499133471556
1989-12-06,348.54998779296875,-0.4697692534567142,0.007908539079171823,0.0007644499133471556
1989-12-07,347.5899963378906,-0.4593733032612791,0.00766804047249253,0.0007644499133471556
1989-12-08,348.69000244140625,0.3221071412098369,0.0074360930372290275,0.0007644499133471556
1989-12-11,348.55999755859375,-0.15846745332144038,0.007177230465717631,0.0007644499133471556
1989-12-12,351.7300109863281,1.2003215696250482,0.006905684726722744,0.0007644499133471556
1989-12-13,352.75,0.2995873707422177,0.007114030760076817,0.0007644499133471556
1989-12-14,350.92999267578125,-0.8643688690734866,0.006868928708559573,0.0007644499133471556
1989-12-15,350.1400146484375,-0.44025215611304735,0.006855357861209375,0.0007644499133471556
1989-12-18,343.69000244140625,-2.906355295655644,0.006660393823182711,0.0007644499133471556
1989-12-19,342.4599914550781,-0.497324312175107,0.008746219705220075,0.0007644499133471556
1989-12-20,342.8399963378906,0.040653238364442276,0.008475778075186811,0.0007644499133471556
1989-12-21,344.7799987792969,0.6010498863535425,0.008116171011290932,0.0007644499133471556
1989-12-22,347.4200134277344,0.8665290862627713,0.007920660244177044,0.0007644499133471556
1989-12-26,346.80999755859375,-0.31997725046025,0.007881306308065147,0.0007644499133471556
1989-12-27,348.80999755859375,0.6563185061926584,0.007596665147329865,0.0007644499133471556
1989-12-28,350.6700134277344,0.6113231661488541,0.0074491603931847875,0.0007644499133471556
1989-12-29,353.3999938964844,0.9592750216619705,0.007287215828734137,0.0007644499133471556
1990-01-02,359.69000244140625,2.3050741301650244,0.007321917941143282,0.0007644499133471556
1990-01-03,358.760009765625,-0.38379621768489414,0.008737286731742117,0.0007644499133471556
1990-01-04,355.6700134277344,-1.1175307174275924,0.008424597035696696,0.0007644499133471556
1990-01-05,352.20001220703125,-1.2331776902488372,0.00857020986492248,0.0007644499133471556
1990-01-08,353.7900085449219,0.4238577997689177,0.008823384374964164,0.0007644499133471556
1990-01-09,349.6199951171875,-1.4813252689125775,0.008520177629956775,0.0007644499133471556
1990-01-10,347.30999755859375,-0.8186038253938248,0.009031890940038168,0.0007644499133471556
1990-01-11,348.5299987792969,0.30699269204335766,0.00893216844706813,0.0007644499133471556
1990-01-12,339.92999267578125,-2.998916845043811,0.00858612123525332,0.0007644499133471556
1990-01-15,337.0,-0.8258701429526946,0.011407619170770626,0.0007644499133471556
1990-01-16,340.75,0.9151832204824819,0.011256423938260152,0.0007644499133471556
1990-01-17,337.3999938964844,-0.9510653914144276,0.011192046902412994,0.0007644499133471556
1990-01-18,338.19000244140625,0.14101121991833448,0.011164168419608149,0.0007644499133471556
1990-01-19,339.1499938964844,0.1942128027693317,0.010659155880187711,0.0007644499133471556
1990-01-22,330.3800048828125,-2.6456500042763182,0.01019159652976314,0.0007644499133471556
1990-01-23,331.6099853515625,0.2309651902643649,0.012779257450346838,0.0007644499133471556
1990-01-24,330.260009765625,-0.39679849570532594,0.01220703407297612,0.0007644499133471556
1990-01-25,326.0799865722656,-1.151306830585448,0.011727537181147244,0.0007644499133471556
1990-01-26,325.79998779296875,-0.13614628627615702,0.011924673913417132,0.0007644499133471556
1990-01-29,325.20001220703125,-0.22920699561016844,0.011377023619328963,0.0007644499133471556
1990-01-30,322.9800109863281,-0.6999456010004724,0.010878601560876094,0.0007644499133471556
1990-01-31,329.0799865722656,1.6867922395846497,0.010639102638694695,0.0007644499133471556
1990-02-01,328.7900085449219,-0.14247248358997414,0.0115532226681768,0.0007644499133471556
1990-02-02,330.9200134277344,0.5162763073098414,0.011026982686977344,0.0007644499133471556
1990-02-05,331.8500061035156,0.19149447630074806,0.010663143979207711,0.0007644499133471556
1990-02-06,329.6600036621094,-0.7244562463584452,0.010194813728009972,0.0007644499133471556
1990-02-07,333.75,1.1571881671731468,0.009994855389344089,0.0007644499133471556
1990-02-08,332.9599914550781,-0.3077292194806933,0.010185326733940242,0.0007644499133471556
1990-02-09,333.6199951171875,0.12441226373618311,0.009772502793409223,0.0007644499133471556
1990-02-12,330.0799865722656,-1.2235469076832428,0.009343366640804552,0.0007644499133471556
1990-02-13,331.0199890136719,0.2166520469962198,0.009597438823488949,0.0007644499133471556
1990-02-14,332.010009765625,0.24168997487333171,0.009193203496305792,0.0007644499133471556
1990-02-15,334.8900146484375,0.8929069572952347,0.008816814674444107,0.0007644499133471556
1990-02-16,332.7200012207031,-0.8278586491809984,0.00877603230069515,0.0007644499133471556
1990-02-20,327.989990234375,-1.7357580164401607,0.008689378665494105,0.0007644499133471556
1990-02-21,327.6700134277344,-0.18282321807985877,0.0095200977492876,0.0007644499133471556
1990-02-22,325.70001220703125,-0.7455415960558752,0.009113838227766739,0.0007644499133471556
1990-02-23,324.1499938964844,-0.6175802748819611,0.008962149712849764,0.0007644499133471556
1990-02-26,328.6700134277344,1.4969766586820583,0.008739913174162004,0.0007644499133471556
1990-02-27,330.260009765625,0.43768824607021206,0.009279559142337157,0.0007644499133471556
1990-02-28,331.8900146484375,0.4642200122882342,0.008958963904111505,0.0007644499133471556
1990-03-01,332.739990234375,0.2069669606963019,0.008664629908793636,0.0007644499133471556
1990-03-02,335.5400085449219,0.9162655006407432,0.00831131916161984,0.0007644499133471556
1990-03-05,333.739990234375,-0.740388092891441,0.00829758382554317,0.0007644499133471556
1990-03-06,337.92999267578125,1.4337175915820168,0.008169031660822494,0.0007644499133471556
1990-03-07,336.95001220703125,-0.425856463405943,0.008614672730336748,0.0007644499133471556
1990-03-08,340.2699890136719,1.0862240889140735,0.008322730442327514,0.0007644499133471556
1990-03-09,337.92999267578125,-0.9080118018030333,0.008441614915659403,0.0007644499133471556
1990-03-12,338.6700134277344,0.16901682588606123,0.008419397891009636,0.0007644499133471556
1990-03-13,336.0,-1.07495130326339,0.008074329984799716,0.0007644499133471556
1990-03-14,336.8699951171875,0.22254282895713665,0.008184828466016323,0.0007644499133471556
1990-03-15,338.07000732421875,0.35505683156161594,0.007862013564517661,0.0007644499133471556
1990-03-16,341.9100036621094,1.3878111611626627,0.0075875661838304045,0.0007644499133471556
1990-03-19,343.5299987792969,0.4973092313689301,0.007967749501046643,0.0007644499133471556
1990-03-20,341.57000732421875,-0.838599229567571,0.007734604013469295,0.0007644499133471556
1990-03-21,339.739990234375,-0.7987845229757391,0.00768231829319654,0.0007644499133471556
1990-03-22,335.69000244140625,-1.676861090857583,0.007607617659084346,0.0007644499133471556
1990-03-23,337.2200012207031,0.4565631339508298,0.008285749465114416,0.0007644499133471556
1990-03-26,337.6300048828125,0.056179553663751526,0.0080215288757288,0.0007644499133471556
1990-03-27,341.5,1.3826613225668283,0.007689947732635233,0.0007644499133471556
1990-03-28,342.0,0.0865867311351829,0.00806830479975578,0.0007644499133471556
1990-03-29,340.7900085449219,-0.5569971549982248,0.007735605221274834,0.0007644499133471556
1990-03-30,339.94000244140625,-0.4327435693428913,0.0075374618801004175,0.0007644499133471556
1990-04-02,338.70001220703125,-0.6050219281721264,0.007303524837876219,0.0007644499133471556
1990-04-03,343.6400146484375,1.9194977967769251,0.007145303652993464,0.0007644499133471556
1990-04-04,341.0899963378906,-1.019372180025552,0.008056654015977605,0.0007644499133471556
1990-04-05,340.7300109863281,-0.2240922917272097,0.008123457533787857,0.0007644499133471556
1990-04-06,340.0799865722656,-0.34262486435481765,0.007804490173960117,0.0007644499133471556
1990-04-09,341.3699951171875,0.40128323643298996,0.0075299040161081994,0.0007644499133471556
1990-04-10,342.07000732421875,0.17621702170861767,0.007286737873762068,0.0007644499133471556
1990-04-11,341.9200134277344,-0.17160385621903262,0.0070105357206478765,0.0007644499133471556
1990-04-12,344.3399963378906,0.9314715620545057,0.006750877013947399,0.0007644499133471556
1990-04-16,344.739990234375,0.05849025191738248,0.006778920576016482,0.0007644499133471556
1990-04-17,344.67999267578125,-0.14382783442510458,0.006525177783555708,0.0007644499133471556
1990-04-18,340.7200012207031,-1.9575593103285642,0.0062934746206191015,0.0007644499133471556
1990-04-19,338.0899963378906,-1.1900455289675247,0.0071538084109660375,0.0007644499133471556
1990-04-20,335.1199951171875,-1.3034825102164258,0.007355610195166745,0.0007644499133471556
1990-04-23,331.04998779296875,-1.696440715277361,0.007653510887639396,0.0007644499133471556
1990-04-24,330.3599853515625,-0.34115105092737175,0.008356737583222524,0.0007644499133471556
1990-04-25,332.0299987792969,0.5313312375961123,0.008051376967336843,0.0007644499133471556
1990-04-26,332.9200134277344,0.2443185072477731,0.00782785027572803,0.0007644499133471556
1990-04-27,329.1099853515625,-1.6301430615307155,0.007529838659425746,0.0007644499133471556
1990-04-30,330.79998779296875,0.534530549504499,0.008151974586548271,0.0007644499133471556
1990-05-01,332.25,0.4554292964435714,0.007925097177986765,0.0007644499133471556
1990-05-02,334.4800109863281,0.7716166627515549,0.007678647537850139,0.0007644499133471556
1990-05-03,335.57000732421875,0.3280033531184446,0.0075884299923514,0.0007644499133471556
1990-05-04,338.3900146484375,1.0384825720043152,0.007322289038095592,0.0007644499133471556
1990-05-07,340.5299987792969,0.7475314999037838,0.007410596317846476,0.0007644499133471556
1990-05-08,342.010009765625,0.488276384084987,0.007316207187742806,0.0007644499133471556
1990-05-09,342.8599853515625,0.24151399030059997,0.0071122297501623535,0.0007644499133471556
1990-05-10,343.82000732421875,0.29632273257543085,0.00685630201146448,0.0007644499133471556
1990-05-11,352.0,3.4332679397696553,0.006625885357042296,0.0007644499133471556
1990-05-14,354.75,0.741544858045667,0.009463608913967574,0.0007644499133471556
1990-05-15,354.2799987792969,-0.22479364877083866,0.009298343032086267,0.0007644499133471556
1990-05-16,354.0,-0.174484805533801,0.008912491094046363,0.0007644499133471556
1990-05-17,354.4700012207031,0.06585314664565786,0.008539554786864589,0.0007644499133471556
1990-05-18,354.6400146484375,-0.034845136477817756,0.00817726090497156,0.0007644499133471556
1990-05-21,358.0,1.1059098169572525,0.007835453318703903,0.0007644499133471556
1990-05-22,358.42999267578125,0.05468442422946003,0.007971670411593208,0.0007644499133471556
1990-05-23,359.2900085449219,0.21353661975604626,0.007643059946674892,0.0007644499133471556
1990-05-24,358.4100036621094,-0.4376155605383897,0.007350613433624193,0.0007644499133471556
1990-05-25,354.5799865722656,-1.6144626713905692,0.007128123945724002,0.0007644499133471556
1990-05-29,360.6499938964844,2.1025827531301546,0.007709346748765417,0.0007644499133471556
1990-05-30,360.8599853515625,-0.020453178804357694,0.008916024941631816,0.0007644499133471556
1990-05-31,361.2300109863281,0.03053149940433168,0.00852968870234382,0.0007644499133471556
1990-06-01,363.1600036621094,0.558885024821976,0.008166552127196776,0.0007644499133471556
1990-06-04,367.3999938964844,1.3640005108661286,0.007949548098408808,0.0007644499133471556
1990-06-05,366.6400146484375,-0.3408680738444999,0.008317370106306253,0.0007644499133471556
1990-06-06,364.9599914550781,-0.6684733170169604,0.008014074471280518,0.0007644499133471556
1990-06-07,363.1499938964844,-0.730168300324888,0.00785603783200694,0.0007644499133471556
1990-06-08,358.7099914550781,-1.6888512339856014,0.007736718378205961,0.0007644499133471556
1990-06-11,361.6300048828125,0.8702778144523566,0.008437437295332122,0.0007644499133471556
1990-06-12,366.25,1.422202981594771,0.008388470135184364,0.0007644499133471556
1990-06-13,364.8999938964844,-0.5047873101582184,0.008830022940490732,0.0007644499133471556
1990-06-14,362.8999938964844,-0.7314624055034445,0.008558853034419816,0.0007644499133471556
1990-06-15,362.9100036621094,-0.08755250045437285,0.008416293983583607,0.0007644499133471556
1990-06-18,356.8800048828125,-2.1729225449578395,0.008062747189434201,0.0007644499133471556
1990-06-19,358.4700012207031,0.39087323277392805,0.009417179819817897,0.0007644499133471556
1990-06-20,359.1000061035156,0.10929154270337532,0.009071977170236013,0.0007644499133471556
1990-06-21,360.4700012207031,0.35055425302133364,0.008681597005880564,0.0007644499133471556
1990-06-22,355.42999267578125,-1.7753992581460125,0.00836143490491376,0.0007644499133471556
1990-06-25,352.30999755859375,-1.0396785789018836,0.009215627479059147,0.0007644499133471556
1990-06-26,352.05999755859375,-0.1586958556936754,0.009290123787916894,0.0007644499133471556
1990-06-27,355.1400146484375,0.8935054348152659,0.008893130664310201,0.0007644499133471556
1990-06-28,357.6300048828125,0.7029929311265664,0.008851265332536705,0.0007644499133471556
1990-06-29,358.0199890136719,0.037484087873167954,0.008681660126669204,0.0007644499133471556
1990-07-02,359.5400085449219,0.41785009547504964,0.008309655623137195,0.0007644499133471556
1990-07-03,360.1600036621094,0.11935434570145621,0.008030516383102027,0.0007644499133471556
1990-07-05,355.67999267578125,-1.7242375577566682,0.007702771324229667,0.0007644499133471556
1990-07-06,358.4200134277344,0.8185613937725633,0.00844120073878338,0.0007644499133471556
1990-07-09,359.5199890136719,0.2751927563537125,0.008357078205447913,0.0007644499133471556
1990-07-10,356.489990234375,-1.148477853100098,0.008035040633056533,0.0007644499133471556
1990-07-11,361.2300109863281,1.5163691617723303,0.008206638469085729,0.0007644499133471556
1990-07-12,365.44000244140625,1.237907386427607,0.00874278554901056,0.0007644499133471556
1990-07-13,367.30999755859375,0.4820166442294386,0.0090030249777386,0.0007644499133471556
1990-07-16,368.9500122070313,0.42352111476929416,0.008713957908698881,0.0007644499133471556
1990-07-17,367.5199890136719,-0.5522604740378719,0.008416150846291064,0.0007644499133471556
1990-07-18,364.2200012207031,-1.1953732772449224,0.00818495371112319,0.0007644499133471556
1990-07-19,365.3200073242187,0.26804328347692236,0.008398523964031061,0.0007644499133471556
1990-07-20,361.6099853515625,-1.3591631456317814,0.00807254767532075,0.0007644499133471556
1990-07-23,355.30999755859375,-2.1732385706132686,0.008439041928574857,0.0007644499133471556
1990-07-24,355.7900085449219,0.059443991220043776,0.009851328312775867,0.0007644499133471556
1990-07-25,357.0899963378906,0.30628265615026523,0.009411886194235004,0.0007644499133471556
1990-07-26,355.9100036621094,-0.45072080932528225,0.009039720887988328,0.0007644499133471556
1990-07-27,353.44000244140625,-0.8846806189455876,0.008736038022748728,0.0007644499133471556
1990-07-30,355.54998779296875,0.5969112511598881,0.008690832169648362,0.0007644499133471556
1990-07-31,356.1499938964844,0.10882891612162438,0.008468993440906111,0.0007644499133471556
1990-08-01,355.5199890136719,-0.3124147802343463,0.008114045210011203,0.0007644499133471556
1990-08-02,351.4800109863281,-1.5603174044267138,0.007814489246165094,0.0007644499133471556
1990-08-03,344.8599853515625,-2.3606921338358524,0.008378388871350718,0.0007644499133471556
1990-08-06,334.42999267578125,-3.1271688019614894,0.010065135206156149,0.0007644499133471556
1990-08-07,334.8299865722656,0.03160310969756019,0.013634168242576182,0.0007644499133471556
1990-08-08,338.3500061035156,0.7466926509501052,0.012981955238235816,0.0007644499133471556
1990-08-09,339.94000244140625,0.3085139281947759,0.012718414443712014,0.0007644499133471556
1990-08-10,335.5199890136719,-1.1376855833136608,0.012175643550526334,0.0007644499133471556
1990-08-13,338.8399963378906,0.7348573972883456,0.012358893666044354,0.0007644499133471556
1990-08-14,339.3900146484375,0.07085259004911094,0.012102212467489255,0.0007644499133471556
1990-08-15,340.05999755859375,0.10468143702070791,0.011536751915756902,0.0007644499133471556
1990-08-16,332.3900146484375,-2.1422227173674475,0.011006088586997413,0.0007644499133471556
1990-08-17,327.8299865722656,-1.142924271403557,0.012755291194117674,0.0007644499133471556
1990-08-20,328.510009765625,0.10098347872680445,0.01294982417036848,0.0007644499133471556
1990-08-21,321.8599853515625,-1.7190749025553198,0.012341018760705537,0.0007644499133471556
1990-08-22,316.54998779296875,-1.2941766231002134,0.013444767934979295,0.0007644499133471556
1990-08-23,307.05999755859375,-2.249074737333962,0.013873464293097939,0.0007644499133471556
1990-08-24,311.510009765625,0.8348143946854175,0.016319629469512847,0.0007644499133471556
1990-08-27,321.44000244140625,1.9044107834212811,0.016075831551016977,0.0007644499133471556
1990-08-28,321.3399963378906,-0.059916737676090154,0.01795186784338574,0.0007644499133471556
1990-08-29,324.19000244140625,0.472511411452694,0.017069598472486482,0.0007644499133471556
1990-08-30,318.7099914550781,-1.0848635727687248,0.016419253045963807,0.0007644499133471556
1990-08-31,322.55999755859375,0.6794749895468659,0.01654679942997613,0.0007644499133471556
1990-09-04,323.0899963378906,0.05445362973904839,0.01611101157756097,0.0007644499133471556
1990-09-05,324.3900146484375,0.2121301248453631,0.01532634756534541,0.0007644499133471556
1990-09-06,320.4599914550781,-0.8862746654489472,0.014615732893626386,0.0007644499133471556
1990-09-07,323.3999938964844,0.5784027969386261,0.01446749823099997,0.0007644499133471556
1990-09-10,321.6300048828125,-0.4463825046402992,0.014007149475345627,0.0007644499133471556
1990-09-11,321.0400085449219,-0.1930385140245297,0.013471555503657768,0.0007644499133471556
1990-09-12,322.5400085449219,0.3032100627258068,0.01285242159031965,0.0007644499133471556
1990-09-13,318.6499938964844,-1.0485733100476808,0.01230084079835713,0.0007644499133471556
1990-09-14,316.8299865722656,-0.5247244583951753,0.012373050980381361,0.0007644499133471556
1990-09-17,317.7699890136719,0.18382866231617404,0.011957091426564304,0.0007644499133471556
1990-09-18,318.6000061035156,0.16153117129002761,0.011416685861358697,0.0007644499133471556
1990-09-19,316.6000061035156,-0.6477892155496187,0.010901230912547728,0.0007644499133471556
1990-09-20,311.4800109863281,-1.6066000852672286,0.010623957271592994,0.0007644499133471556
1990-09-21,311.32000732421875,-0.11198812253328756,0.01141433794110734,0.0007644499133471556
1990-09-24,304.5899963378906,-2.0768011032774,0.010891364385839182,0.0007644499133471556
1990-09-25,308.260009765625,0.8969824710477025,0.012500318444125883,0.0007644499133471556
1990-09-26,305.05999755859375,-0.9033431275536208,0.012397939831934752,0.0007644499133471556
1990-09-27,300.9700012207031,-1.1591662996246699,0.012303950195233353,0.0007644499133471556
1990-09-28,306.04998779296875,1.2762073859073466,0.012516305430335216,0.0007644499133471556
1990-10-01,314.94000244140625,2.1612201011993624,0.012895148857854153,0.0007644499133471556
1990-10-02,315.2099914550781,0.006174931514746043,0.014972490354851686,0.0007644499133471556
1990-10-03,311.3999938964844,-0.9072363938491368,0.014246856124216601,0.0007644499133471556
1990-10-04,312.69000244140625,0.23847158635466922,0.014129995802015098,0.0007644499133471556
1990-10-05,311.5,-0.3393224564147889,0.013489834894208675,0.0007644499133471556
1990-10-08,313.4800109863281,0.4312013312715382,0.012921595287571822,0.0007644499133471556
1990-10-09,305.1000061035156,-2.2420594559108475,0.012426269670643175,0.0007644499133471556
1990-10-10,300.3900146484375,-1.117229933746036,0.01460968955035004,0.0007644499133471556
1990-10-11,295.4599914550781,-1.171333098673668,0.014780333717863848,0.0007644499133471556
1990-10-12,300.0299987792969,0.9699027484532967,0.015037157823420995,0.0007644499133471556
1990-10-15,303.2300109863281,0.6566130201736059,0.01499317541963692,0.0007644499133471556
1990-10-16,298.9200134277344,-1.0340512968883893,0.014583469573865117,0.0007644499133471556
1990-10-17,298.760009765625,-0.08883889559325646,0.014631718590477592,0.0007644499133471556
1990-10-18,305.739990234375,1.6029858178018797,0.013930240239528956,0.0007644499133471556
1990-10-19,312.4800109863281,1.4092579821112674,0.014930564175380905,0.0007644499133471556
1990-10-22,314.760009765625,0.4167895343602652,0.015608651263700101,0.0007644499133471556
1990-10-23,312.3599853515625,-0.5618939402510339,0.014982547602358927,0.0007644499133471556
1990-10-24,312.6000061035156,0.0002529980012430027,0.014489049514839019,0.0007644499133471556
1990-10-25,310.1700134277344,-0.6213608479269533,0.013789587638277374,0.0007644499133471556
1990-10-26,304.7099914550781,-1.3835115550210708,0.013389516572985222,0.0007644499133471556
1990-10-29,301.8800048828125,-0.7230302379591081,0.013962518258176081,0.0007644499133471556
1990-10-30,304.05999755859375,0.4711775781733474,0.013648758167927743,0.0007644499133471556
1990-10-31,304.0,-0.07317111032048496,0.013144406668777387,0.0007644499133471556
1990-11-01,307.0199890136719,0.7283833698749876,0.012521846762230901,0.0007644499133471556
1990-11-02,311.8500061035156,1.2113672521219068,0.012254761174564975,0.0007644499133471556
1990-11-05,314.5899963378906,0.6367986626997778,0.012536803377343616,0.0007644499133471556
1990-11-06,311.6199951171875,-0.8406276233463932,0.012193461874497564,0.0007644499133471556
1990-11-07,306.010009765625,-1.572473409123825,0.012039070329490677,0.0007644499133471556
1990-11-08,307.6099853515625,0.3459616161161017,0.012863959599629413,0.0007644499133471556
1990-11-09,313.739990234375,1.538392515376095,0.012329387307111653,0.0007644499133471556
1990-11-12,319.4800109863281,1.3242014476413775,0.01311407131696173,0.0007644499133471556
1990-11-13,317.6700134277344,-0.4746187876063037,0.01358144291608119,0.0007644499133471556
1990-11-14,320.3999938964844,0.5956641606726278,0.013082196925305932,0.0007644499133471556
1990-11-15,317.0199890136719,-0.8961442042508256,0.012687486332220587,0.0007644499133471556
1990-11-16,317.1199951171875,-0.03569150483108766,0.012581225867627763,0.0007644499133471556
1990-11-19,319.3399963378906,0.5182003302822735,0.01198700275397872,0.0007644499133471556
1990-11-20,315.30999755859375,-1.1624162411286891,0.011583226170931967,0.0007644499133471556
1990-11-21,316.0299987792969,0.12858633113893025,0.011792994393511069,0.0007644499133471556
1990-11-23,315.1000061035156,-0.32987223830166784,0.011251397589827515,0.0007644499133471556
1990-11-26,316.510009765625,0.34291357034949466,0.01079090998166797,0.0007644499133471556
1990-11-27,318.1000061035156,0.4099500352454405,0.0103585806763498,0.0007644499133471556
1990-11-28,317.95001220703125,-0.12393171574024266,0.009973974314245349,0.0007644499133471556
1990-11-29,316.4200134277344,-0.5861700704762893,0.009533305850647718,0.0007644499133471556
1990-11-30,322.2200012207031,1.8767936454018386,0.009270922524270728,0.0007644499133471556
1990-12-03,324.1000061035156,0.4881937519082563,0.010350671624423071,0.0007644499133471556
1990-12-04,326.3500061035156,0.6152611176710374,0.010002037693905612,0.0007644499133471556
1990-12-05,329.9200134277344,1.0388049511027573,0.009737485194782902,0.0007644499133471556
1990-12-06,329.07000732421875,-0.34095577903482577,0.009808237017419839,0.0007644499133471556
1990-12-07,327.75,-0.5075305550509557,0.009425725349161139,0.0007644499133471556
1990-12-10,328.8900146484375,0.2966383625447363,0.009128355190438678,0.0007644499133471556
1990-12-11,326.44000244140625,-0.9398791774595444,0.008768861918267982,0.0007644499133471556
1990-12-12,330.19000244140625,1.2159633674105474,0.00876476383894014,0.0007644499133471556
1990-12-13,329.3399963378906,-0.37118912514893043,0.00900366622303641,0.0007644499133471556
1990-12-14,326.82000732421875,-0.9737747276102491,0.008672958241778897,0.0007644499133471556
1990-12-17,326.0199890136719,-0.3697095072690433,0.008696929358071011,0.0007644499133471556
1990-12-18,330.04998779296875,1.3745186602150739,0.008381825645358443,0.0007644499133471556
1990-12-19,330.20001220703125,-0.035336467460785996,0.008772880550236839,0.0007644499133471556
1990-12-20,330.1199951171875,-0.1199240027852535,0.008395387171283835,0.0007644499133471556
1990-12-21,331.75,0.5171616182430067,0.008045866550665077,0.0007644499133471556
1990-12-24,329.8999938964844,-0.8131931891083973,0.00781679369352104,0.0007644499133471556
1990-12-26,330.8500061035156,0.27251748647519897,0.007746692832756271,0.0007644499133471556
1990-12-27,328.2900085449219,-1.1438815410456795,0.007458970519413376,0.0007644499133471556
1990-12-28,328.7200012207031,0.07140323967343556,0.007625539832123951,0.0007644499133471556
1990-12-31,330.2200012207031,0.5176035088838687,0.007318969893549378,0.0007644499133471556
1991-01-02,326.45001220703125,-1.7187590786906999,0.007125325323135035,0.0007644499133471556
1991-01-03,321.9100036621094,-1.8901718852555809,0.00781371805798564,0.0007644499133471556
1991-01-04,321.0,-0.41041400442835413,0.00876027984248347,0.0007644499133471556
1991-01-07,315.44000244140625,-2.1568422524983,0.008455451813029905,0.0007644499133471556
1991-01-08,314.8999938964844,-0.25166073244788395,0.009845948049648397,0.0007644499133471556
1991-01-09,311.489990234375,-1.234902002831731,0.009435854002235544,0.0007644499133471556
1991-01-10,314.5299987792969,0.9221399843725969,0.009703302994628762,0.0007644499133471556
1991-01-11,315.2300109863281,0.1508487440514422,0.00966967839129583,0.0007644499133471556
1991-01-14,312.489990234375,-1.026453054801689,0.009249890608112644,0.0007644499133471556
1991-01-15,313.7300109863281,0.3431887267443301,0.009312342850582944,0.0007644499133471556
1991-01-16,316.1700134277344,0.7796424967140814,0.008956486835093853,0.0007644499133471556
1991-01-17,327.9700012207031,4.062194843589038,0.00883207475087291,0.0007644499133471556
1991-01-18,332.2300109863281,0.8741427650697962,0.013888965598610647,0.0007644499133471556
1991-01-21,331.05999755859375,-0.31244003683668115,0.013738196658301558,0.0007644499133471556
1991-01-22,328.30999755859375,-0.6926701037595582,0.013145931618659401,0.0007644499133471556
1991-01-23,330.2099914550781,0.39022871116580043,0.012828536745363692,0.0007644499133471556
1991-01-24,334.7799987792969,1.0539191959667862,0.012316272763929225,0.0007644499133471556
1991-01-25,336.07000732421875,0.248605177056199,0.012394944815082075,0.0007644499133471556
1991-01-28,336.0299987792969,-0.07456926414308228,0.011848115391169738,0.0007644499133471556
1991-01-29,335.8399963378906,-0.11773358203174313,0.011297055448720108,0.0007644499133471556
1991-01-30,340.9100036621094,1.3188748242103678,0.010781332867223957,0.0007644499133471556
1991-01-31,343.92999267578125,0.720748373640932,0.011176096691936864,0.0007644499133471556
1991-02-01,343.04998779296875,-0.30397739416448444,0.010942930044145135,0.0007644499133471556
1991-02-04,348.3399963378906,1.3860167375043357,0.01048932522298688,0.0007644499133471556
1991-02-05,351.260009765625,0.6917326572881656,0.01096270938119836,0.0007644499133471556
1991-02-06,358.07000732421875,1.7207946522712163,0.010714439828748637,0.0007644499133471556
1991-02-07,356.5199890136719,-0.43656775456943514,0.011688128316651886,0.0007644499133471556
1991-02-08,359.3500061035156,0.6347140479950227,0.011252472765471764,0.0007644499133471556
1991-02-11,368.5799865722656,2.245525803865746,0.010953531292261587,0.0007644499133471556
1991-02-12,365.5,-0.7100136092410647,0.01289541295722616,0.0007644499133471556
1991-02-13,369.0199890136719,0.6999494908817087,0.01260102957973698,0.0007644499133471556
1991-02-14,364.2200012207031,-1.125965290230221,0.012306932865921995,0.0007644499133471556
1991-02-15,369.05999755859375,0.996855317352469,0.012475924724548372,0.0007644499133471556
1991-02-19,369.3900146484375,0.010360675345438122,0.012485709458939698,0.0007644499133471556
1991-02-20,365.1400146484375,-1.037034475080102,0.011896040619432512,0.0007644499133471556
1991-02-21,364.9700012207031,-0.10289409275036612,0.011955690698455018,0.0007644499133471556
1991-02-22,365.6499938964844,0.09621101612423759,0.011401639720284826,0.0007644499133471556
1991-02-25,367.260009765625,0.3336280953432684,0.010877518392811895,0.0007644499133471556
1991-02-26,362.80999755859375,-1.2412293732491102,0.010437431103642966,0.0007644499133471556
1991-02-27,367.739990234375,1.1868118601785254,0.01072825117106317,0.0007644499133471556
1991-02-28,367.0700073242187,-0.2361576491442982,0.01095880052069701,0.0007644499133471556
1991-03-01,370.4700012207031,0.8064634636378126,0.010484588634081731,0.0007644499133471556
1991-03-04,369.3299865722656,-0.37203735829223333,0.010338762895299461,0.0007644499133471556
1991-03-05,376.7200012207031,1.916204356892527,0.009940089230651547,0.0007644499133471556
1991-03-06,376.1700134277344,-0.19955035998311135,0.011152345316263156,0.0007644499133471556
1991-03-07,375.9100036621094,-0.13658839215997098,0.010658970931813068,0.0007644499133471556
1991-03-08,374.9500122070313,-0.3262321717552622,0.010181388211410404,0.0007644499133471556
1991-03-11,372.9599914550781,-0.6226327928293336,0.009774643916780465,0.0007644499133471556
1991-03-12,370.0299987792969,-0.9084616036780641,0.009523266719412414,0.0007644499133471556
1991-03-13,374.5700073242187,1.2055512842770901,0.009481297921039349,0.0007644499133471556
1991-03-14,373.5,-0.37302775939290167,0.009718221181642995,0.0007644499133471556
1991-03-15,373.5899963378906,-0.05598408433139901,0.009351316428358982,0.0007644499133471556
1991-03-18,372.1099853515625,-0.5294816503989795,0.008940648626402276,0.0007644499133471556
1991-03-19,366.5899963378906,-1.8108434205340769,0.008675445099140991,0.0007644499133471556
1991-03-20,367.9200134277344,0.2974858024487767,0.009604029617868099,0.0007644499133471556
1991-03-21,366.5799865722656,-0.47871069234075564,0.009219070720623496,0.0007644499133471556
1991-03-22,367.4800109863281,0.18924245698221895,0.008918365885117185,0.0007644499133471556
1991-03-25,369.8299865722656,0.6563396160871884,0.008547448510801695,0.0007644499133471556
1991-03-26,376.2999877929687,1.9825433265902166,0.008362395281326542,0.0007644499133471556
1991-03-27,375.3500061035156,-0.34686210691735914,0.009491307143620563,0.0007644499133471556
1991-03-28,375.2200012207031,-0.12170893452791419,0.009127237279395382,0.0007644499133471556
1991-04-01,371.2999877929687,-1.2898382042512295,0.008734929263537356,0.0007644499133471556
1991-04-02,379.5,2.3299185221611656,0.00904744883362492,0.0007644499133471556
1991-04-03,378.94000244140625,-0.20735667141794975,0.010808232437206244,0.0007644499133471556
1991-04-04,379.7699890136719,0.13772588149145104,0.010335311070393684,0.0007644499133471556
1991-04-05,375.3599853515625,-1.2600913651896142,0.009876030583978597,0.0007644499133471556
1991-04-08,378.6600036621094,0.7848437073590379,0.010178763067232139,0.0007644499133471556
1991-04-09,373.55999755859375,-1.4290431346730035,0.010023865868861797,0.0007644499133471556
1991-04-10,373.1499938964844,-0.17678742542110495,0.010535876034469406,0.0007644499133471556
1991-04-11,377.6300048828125,1.109041937377085,0.010071734609540268,0.0007644499133471556
1991-04-12,380.3999938964844,0.6408280032364718,0.010211743996397023,0.0007644499133471556
1991-04-15,381.19000244140625,0.1316106705617424,0.009954970572595402,0.0007644499133471556
1991-04-16,387.6199951171875,1.6774368810042208,0.00951634666618398,0.0007644499133471556
1991-04-17,390.4500122070313,0.6300474405160853,0.010332612062219203,0.0007644499133471556
1991-04-18,388.4599914550781,-0.5836560319590623,0.010064521837030205,0.0007644499133471556
1991-04-19,384.2000122070313,-1.2057775955966998,0.009779042384289163,0.0007644499133471556
1991-04-22,380.9500122070313,-0.9241246281830303,0.010019825005561075,0.0007644499133471556
1991-04-23,381.760009765625,0.13618852166494316,0.009982850224396116,0.0007644499133471556
1991-04-24,382.760009765625,0.19401904595273237,0.009543248768386046,0.0007644499133471556
1991-04-25,379.25,-1.0918563427468144,0.009137665569053679,0.0007644499133471556
1991-04-26,379.0199890136719,-0.14806817204065775,0.00926007912822898,0.0007644499133471556
1991-04-29,373.6600036621094,-1.6931683808626325,0.00886331944486473,0.0007644499133471556
1991-04-30,375.3399963378906,0.3855603958033977,0.009652234516744245,0.0007644499133471556
1991-05-01,380.2900085449219,1.327575580464165,0.009293195950270873,0.0007644499133471556
1991-05-02,380.5199890136719,-0.01655232460389373,0.009659215762206533,0.0007644499133471556
1991-05-03,380.7999877929687,-0.0031300864313800534,0.009229303862801536,0.0007644499133471556
1991-05-06,380.0799865722656,-0.3010990167014471,0.00882433710154527,0.0007644499133471556
1991-05-07,377.3200073242187,-0.9492966165008453,0.008482615581394615,0.0007644499133471556
1991-05-08,378.510009765625,0.2808392089957631,0.008490321954343974,0.0007644499133471556
1991-05-09,383.25,1.4310731254355364,0.008162091246794427,0.0007644499133471556
1991-05-10,375.739990234375,-2.3887604991511093,0.00860470475118853,0.0007644499133471556
1991-05-13,376.760009765625,0.18755211734107938,0.010378806382498097,0.0007644499133471556
1991-05-14,371.6199951171875,-1.4610053176582556,0.009925386271608341,0.0007644499133471556
1991-05-15,368.5700073242187,-0.8597573952777162,0.010474572097109822,0.0007644499133471556
1991-05-16,372.19000244140625,0.8685047598544928,0.01037341518250109,0.0007644499133471556
1991-05-17,372.3900146484375,-0.022097382226130394,0.01028182930929561,0.0007644499133471556
1991-05-20,372.2799987792969,-0.10797750024618787,0.009816169152450045,0.0007644499133471556
1991-05-21,375.3500061035156,0.7938270965096146,0.009382690967290386,0.0007644499133471556
1991-05-22,376.19000244140625,0.15891782607025853,0.009256049123480247,0.0007644499133471556
1991-05-23,374.9599914550781,-0.4558674843753851,0.008861041035306147,0.0007644499133471556
1991-05-24,377.489990234375,0.6956330434936896,0.00856812613910991,0.0007644499133471556
1991-05-28,381.94000244140625,1.3035178342531741,0.008404205908100888,0.0007644499133471556
1991-05-29,382.7900085449219,0.16719884641293078,0.008723587374505983,0.0007644499133471556
1991-05-30,386.9599914550781,1.2045087862968498,0.008360502119558473,0.0007644499133471556
1991-05-31,389.8299865722656,0.7717756716710967,0.008584043406747654,0.0007644499133471556
1991-06-03,388.05999755859375,-0.6278607089213353,0.008465574446362152,0.0007644499133471556
1991-06-04,387.739990234375,-0.19222097476470548,0.008268732078071283,0.0007644499133471556
1991-06-05,385.0899963378906,-0.9604881570325611,0.007935936419259297,0.0007644499133471556
1991-06-06,383.6300048828125,-0.5731948114122336,0.007960564839258234,0.0007644499133471556
1991-06-07,379.4299926757813,-1.5172939094362259,0.007759143889978526,0.0007644499133471556
1991-06-10,378.5700073242187,-0.366603071834352,0.00827473023922959,0.0007644499133471556
1991-06-11,381.0499877929687,0.7223411567698971,0.007981135270370086,0.0007644499133471556
1991-06-12,376.6499938964844,-1.576274953399626,0.007853109571121829,0.0007644499133471556
1991-06-13,377.6300048828125,0.21740208790902665,0.00843637352084061,0.0007644499133471556
1991-06-14,382.2900085449219,1.4201117399889749,0.008098068489212714,0.0007644499133471556
1991-06-17,380.1300048828125,-0.7541528972899579,0.008526974910062372,0.0007644499133471556
1991-06-18,378.5899963378906,-0.574329793090244,0.008399262310526661,0.0007644499133471556
1991-06-19,375.0899963378906,-1.2290424530661714,0.008178951124921148,0.0007644499133471556
1991-06-20,375.4200134277344,0.013652624028409248,0.008423119265300108,0.0007644499133471556
1991-06-21,377.75,0.6722880343726442,0.008066060909448048,0.0007644499133471556
1991-06-24,370.94000244140625,-2.3971586552710464,0.007907995568711166,0.0007644499133471556
1991-06-25,370.6499938964844,-0.16176470697841722,0.00956065355281402,0.0007644499133471556
1991-06-26,371.5899963378906,0.19329905361302335,0.009148681711848137,0.0007644499133471556
1991-06-27,374.3999938964844,0.7722718509938185,0.00876529723766353,0.0007644499133471556
1991-06-28,371.1600036621094,-1.0942237988196293,0.008641679949952866,0.0007644499133471556
1991-07-01,377.9200134277344,1.9716337683408696,0.008766776341624156,0.0007644499133471556
1991-07-02,377.4700012207031,-0.19699961779662406,0.009928546605617001,0.0007644499133471556
1991-07-03,373.3299865722656,-1.2410967469336724,0.009501948552034034,0.0007644499133471556
1991-07-05,374.0799865722656,0.1270808692477872,0.009777092650377867,0.0007644499133471556
1991-07-08,377.94000244140625,1.016404397898743,0.009348018406465,0.0007644499133471556
1991-07-09,376.1099853515625,-0.5976419509321104,0.009400769770968929,0.0007644499133471556
1991-07-10,375.739990234375,-0.19111124961074769,0.009150041752966749,0.0007644499133471556
1991-07-11,376.9700012207031,0.2856166777072438,0.008766200843252326,0.0007644499133471556
1991-07-12,380.25,0.9376895197033724,0.008423757690572086,0.0007644499133471556
1991-07-15,382.3900146484375,0.5754823826691567,0.00842369394532709,0.0007644499133471556
1991-07-16,381.5400085449219,-0.36448299597988904,0.008202855986040605,0.0007644499133471556
1991-07-17,381.1799926757813,-0.21592174658541985,0.007912503264294546,0.0007644499133471556
1991-07-18,385.3699951171875,1.3370763760239688,0.007604474997210173,0.0007644499133471556
1991-07-19,384.2200012207031,-0.4728072468077782,0.007937781489984932,0.0007644499133471556
1991-07-22,382.8800048828125,-0.5532239756598789,0.007696921256426748,0.0007644499133471556
1991-07-23,379.4200134277344,-1.3124778763641245,0.0074990067939055575,0.0007644499133471556
1991-07-24,378.6400146484375,-0.3614813304984613,0.007807683840942869,0.0007644499133471556
1991-07-25,380.9599914550781,0.7089405761225067,0.007537988782490444,0.0007644499133471556
1991-07-26,380.9299926757813,-0.11365561597531071,0.007418887568336874,0.0007644499133471556
1991-07-29,383.1499938964844,0.7079809482536998,0.007127987836654358,0.0007644499133471556
1991-07-30,386.69000244140625,1.2005122701403308,0.007023962655457855,0.0007644499133471556
1991-07-31,387.80999755859375,0.2941632482220607,0.007233153751531949,0.0007644499133471556
1991-08-01,387.1199951171875,-0.36465598777912855,0.006979901044708376,0.0007644499133471556
1991-08-02,387.1799926757813,-0.09019311512296045,0.0067574728451474915,0.0007644499133471556
1991-08-05,385.05999755859375,-0.9613157700072268,0.006506678041294978,0.0007644499133471556
1991-08-06,390.6199951171875,2.069638178013407,0.006557473754858137,0.0007644499133471556
1991-08-07,390.55999755859375,-0.12129205897585242,0.007568982141735804,0.0007644499133471556
1991-08-08,389.3200073242187,-0.5425974367017541,0.007269485015983382,0.0007644499133471556
1991-08-09,387.1199951171875,-0.907410724041267,0.007087624426521185,0.0007644499133471556
1991-08-12,388.0199890136719,0.21959016321940164,0.007093653762376556,0.0007644499133471556
1991-08-13,389.6199951171875,0.49018562713498737,0.006835341856745815,0.0007644499133471556
1991-08-14,389.8999938964844,-0.006919486402483571,0.006656881303799953,0.0007644499133471556
1991-08-15,389.3299865722656,-0.34749892764909135,0.006409952723243243,0.0007644499133471556
1991-08-16,385.5799865722656,-1.6797513168103524,0.0062170328503509354,0.0007644499133471556
1991-08-19,376.4700012207031,-3.626912277989435,0.006803236840554273,0.0007644499133471556
1991-08-20,379.4299926757813,0.7055810830197835,0.010016271006772524,0.0007644499133471556
1991-08-21,390.5899963378906,2.877365771120445,0.009808919734670712,0.0007644499133471556
1991-08-22,391.3299865722656,0.08837923198413598,0.012766601879588163,0.0007644499133471556
1991-08-23,394.1700134277344,0.5315271311331422,0.012166289569328102,0.0007644499133471556
1991-08-26,393.8500061035156,-0.1340302719033046,0.011763242976784802,0.0007644499133471556
1991-08-27,393.05999755859375,-0.24699728992369263,0.011224114240421596,0.0007644499133471556
1991-08-28,396.6400146484375,0.7731367855622147,0.010738577829087992,0.0007644499133471556
1991-08-29,396.4700012207031,-0.11299721305132272,0.010559339039287519,0.0007644499133471556
1991-08-30,395.4299926757813,-0.33627337552284564,0.010084257447362036,0.0007644499133471556
1991-09-03,392.1499938964844,-0.9388736900139127,0.009685869128035363,0.0007644499133471556
1991-09-04,389.9700012207031,-0.6557533544524181,0.00966680192553861,0.0007644499133471556
1991-09-05,389.1400146484375,-0.3066987594752126,0.00943940057095031,0.0007644499133471556
1991-09-06,389.1000061035156,-0.09566287848481334,0.009065877346260997,0.0007644499133471556
1991-09-09,388.5700073242187,-0.24525534532878673,0.00867460393451308,0.0007644499133471556
1991-09-10,384.55999755859375,-1.337397075504985,0.008328106503860391,0.0007644499133471556
1991-09-11,385.0899963378906,0.07060148073537065,0.008679655665402197,0.0007644499133471556
1991-09-12,387.3399963378906,0.6091170038497853,0.008309302165279347,0.0007644499133471556
1991-09-13,383.5899963378906,-1.2939203523897387,0.008109491776820027,0.0007644499133471556
1991-09-16,385.7799987792969,0.5857965009840328,0.008413401939686442,0.0007644499133471556
1991-09-17,385.5,-0.18181649328251503,0.008197895113367104,0.0007644499133471556
1991-09-18,386.94000244140625,0.3767316014858309,0.007867685194024443,0.0007644499133471556
1991-09-19,387.55999755859375,0.11008921489013924,0.007599025435877685,0.0007644499133471556
1991-09-20,387.9200134277344,0.022482480367650937,0.007296716304907758,0.0007644499133471556
1991-09-23,385.9200134277344,-0.8465577175997561,0.0070089591163534125,0.0007644499133471556
1991-09-24,387.7099914550781,0.5533279775702564,0.00698145908791101,0.0007644499133471556
1991-09-25,386.8800048828125,-0.4264657567491762,0.006817628997661612,0.0007644499133471556
1991-09-26,386.489990234375,-0.2678025378014225,0.006620776529079501,0.0007644499133471556
1991-09-27,385.8999938964844,-0.35818361468871057,0.006399417215530004,0.0007644499133471556
1991-09-30,387.8599853515625,0.6927648607617142,0.006209479729422006,0.0007644499133471556
1991-10-01,389.2000122070313,0.4374900819187371,0.006136184277331199,0.0007644499133471556
1991-10-02,388.260009765625,-0.532119408788725,0.0059809660905762955,0.0007644499133471556
1991-10-03,384.4700012207031,-1.804021470005441,0.005861309229931804,0.0007644499133471556
1991-10-04,381.25,-1.4044504377900637,0.006532724412748381,0.0007644499133471556
1991-10-07,379.5,-0.7779830778977658,0.006896269535555325,0.0007644499133471556
1991-10-08,380.6700134277344,0.3385032921115839,0.006835521709157886,0.0007644499133471556
1991-10-09,376.7999877929687,-1.660220504715395,0.0066152856969346795,0.0007644499133471556
1991-10-10,380.5499877929687,1.2675943440724662,0.007209390338336897,0.0007644499133471556
1991-10-11,381.4500122070313,0.21377510276103934,0.007474303451840706,0.0007644499133471556
1991-10-14,386.4700012207031,1.7116214543560304,0.007192002663495099,0.0007644499133471556
1991-10-15,391.010009765625,1.3854671253278659,0.007877820742574372,0.0007644499133471556
1991-10-16,392.7999877929687,0.4601488616949013,0.008264576369303887,0.0007644499133471556
1991-10-17,391.9200134277344,-0.3757743315923757,0.008002738537821857,0.0007644499133471556
1991-10-18,392.5,0.09245019943447633,0.007726491903210826,0.0007644499133471556
1991-10-21,390.0199890136719,-0.9579208373581017,0.007415012981587488,0.0007644499133471556
1991-10-22,387.8299865722656,-0.858835996746942,0.007446563688140407,0.0007644499133471556
1991-10-23,387.94000244140625,-0.06485034980683982,0.007414297513377612,0.0007644499133471556
1991-10-24,385.0700073242187,-1.1501972683270174,0.007120508767592903,0.0007644499133471556
1991-10-25,384.2000122070313,-0.4150425513031168,0.00729159639164714,0.0007644499133471556
1991-10-28,389.5199890136719,1.8381709422257848,0.007065421039424431,0.0007644499133471556
1991-10-29,391.4800109863281,0.5401310192341722,0.007877390645364052,0.0007644499133471556
1991-10-30,392.9599914550781,0.3925168084860225,0.007665651952005158,0.0007644499133471556
1991-10-31,392.4500122070313,-0.2783228313983326,0.007412550379666391,0.0007644499133471556
1991-11-01,391.3200073242187,-0.5105256241124349,0.007145504775129727,0.0007644499133471556
1991-11-04,390.2799987792969,-0.49233869126178903,0.0069579766288686866,0.0007644499133471556
1991-11-05,388.7099914550781,-0.7079222700491268,0.0067738152932252105,0.0007644499133471556
1991-11-06,389.9700012207031,0.36983125564498426,0.0066836535342790215,0.0007644499133471556
1991-11-07,393.7200012207031,1.3589898909721552,0.006479616800911403,0.0007644499133471556
1991-11-08,392.8900146484375,-0.4224356883662304,0.006805149513960757,0.0007644499133471556
1991-11-11,393.1199951171875,-0.027129108767076186,0.006607858669863539,0.0007644499133471556
1991-11-12,396.739990234375,1.320130642113528,0.006364357550469111,0.0007644499133471556
1991-11-13,397.4100036621094,0.13863021599278202,0.006657444583587452,0.0007644499133471556
1991-11-14,397.1499938964844,-0.22112891106975024,0.006416731194713527,0.0007644499133471556
1991-11-15,382.6199951171875,-6.133948043427514,0.00620092647691067,0.0007644499133471556
1991-11-18,385.239990234375,0.4615650816265315,0.013128646159255774,0.0007644499133471556
1991-11-19,379.4200134277344,-1.2646748997411104,0.012641300104293396,0.0007644499133471556
1991-11-20,378.5299987792969,-0.23934526923269517,0.013006020500757425,0.0007644499133471556
1991-11-21,380.05999755859375,0.2631387053416323,0.012424443231849666,0.0007644499133471556
1991-11-22,376.1400146484375,-0.9369976709770544,0.011880632545404734,0.0007644499133471556
1991-11-25,375.3399963378906,-0.2446082167564297,0.011829656842321862,0.0007644499133471556
1991-11-26,377.9599914550781,0.5473815002534048,0.011311352838665363,0.0007644499133471556
1991-11-27,376.5499877929687,-0.4110086915364088,0.010953513108605244,0.0007644499133471556
1991-11-29,375.2200012207031,-0.40820786664694425,0.01054054692575392,0.0007644499133471556
1991-12-02,381.3999938964844,1.5347101180822351,0.010146348289369526,0.0007644499133471556
1991-12-03,380.9599914550781,-0.17758181861065359,0.010804973071969726,0.0007644499133471556
1991-12-04,380.0700073242187,-0.30053358996814117,0.010326115857718301,0.0007644499133471556
1991-12-05,377.3900146484375,-0.7917003408541662,0.009903672827115614,0.0007644499133471556
1991-12-06,379.1000061035156,0.3848243058514663,0.00976137509675353,0.0007644499133471556
1991-12-09,378.260009765625,-0.31742210254572617,0.009396550631455917,0.0007644499133471556
1991-12-10,377.8999938964844,-0.19014093257427372,0.00902841573005252,0.0007644499133471556
1991-12-11,377.7000122070313,-0.14954688393412638,0.008651347629724878,0.0007644499133471556
1991-12-12,381.5499877929687,1.1311297953374848,0.008290082915227637,0.0007644499133471556
1991-12-13,384.4700012207031,0.8120205288299096,0.00844737758524846,0.0007644499133471556
1991-12-16,384.4599914550781,-0.09456933896378267,0.00835879253034101,0.0007644499133471556
1991-12-17,382.739990234375,-0.6552828970170557,0.008009209563218971,0.0007644499133471556
1991-12-18,383.4800109863281,0.14878528395655594,0.007844626474831466,0.0007644499133471556
1991-12-19,382.5199890136719,-0.43433323649722416,0.007531166707689184,0.0007644499133471556
1991-12-20,387.0400085449219,1.504878833113193,0.007298068139381119,0.0007644499133471556
1991-12-23,396.8200073242187,3.109367944405108,0.007779805221974368,0.0007644499133471556
1991-12-24,399.3299865722656,0.5261306210423156,0.010531345530597657,0.0007644499133471556
1991-12-26,404.8399963378906,1.2692712247533466,0.010194321755518097,0.0007644499133471556
1991-12-27,406.4599914550781,0.30712999804317437,0.010513899559533411,0.0007644499133471556
1991-12-30,415.1400146484375,2.0196928400610528,0.01008366003365812,0.0007644499133471556
1991-12-31,417.0899963378906,0.34151305284737704,0.01148336527422568,0.0007644499133471556
1992-01-02,417.260009765625,-0.03240107437462387,0.011015525989661998,0.0007644499133471556
1992-01-03,419.3399963378906,0.400441517692799,0.010508490700612529,0.0007644499133471556
1992-01-06,417.9599914550781,-0.40155526599622793,0.010112615920444332,0.0007644499133471556
1992-01-07,417.3999938964844,-0.2162120326714312,0.00973666261074509,0.0007644499133471556
1992-01-08,418.1000061035156,0.09772260294949325,0.009324588165789943,0.0007644499133471556
1992-01-09,417.6099853515625,-0.21720807832144948,0.0089184312297223,0.0007644499133471556
1992-01-10,415.1000061035156,-0.7942622057145675,0.008552500253433825,0.0007644499133471556
1992-01-13,414.3399963378906,-0.30736375485772494,0.008449388243383588,0.0007644499133471556
1992-01-14,420.44000244140625,1.703639614649122,0.008129920054788891,0.0007644499133471556
1992-01-15,420.7699890136719,0.002264583746268007,0.008876828278752143,0.0007644499133471556
1992-01-16,418.2099914550781,-0.8085965365978619,0.008492630525266148,0.0007644499133471556
1992-01-17,418.8599853515625,0.09387142906225897,0.008400554379524276,0.0007644499133471556
1992-01-20,416.3599853515625,-0.8387873376702029,0.00804842226777442,0.0007644499133471556
1992-01-21,412.6400146484375,-1.2192314026330175,0.007987907566265412,0.0007644499133471556
1992-01-22,418.1300048828125,1.5147117723713688,0.008220952207975706,0.0007644499133471556
1992-01-23,414.9599914550781,-0.956461230755436,0.008755965038923591,0.0007644499133471556
1992-01-24,415.4800109863281,0.05566934868110457,0.008765064606154248,0.0007644499133471556
1992-01-27,414.989990234375,-0.23180271179312933,0.008388834961295976,0.0007644499133471556
1992-01-28,414.9599914550781,-0.1038662450251418,0.008055942378564182,0.0007644499133471556
1992-01-29,410.3399963378906,-1.5482234509857735,0.007725295688572546,0.0007644499133471556
1992-01-30,411.6199951171875,0.2841109456984163,0.008271615334198729,0.0007644499133471556
1992-01-31,408.7799987792969,-0.9662521171936439,0.007956433451489626,0.0007644499133471556
1992-02-03,409.5299987792969,0.13382732665072514,0.00798489208616426,0.0007644499133471556
1992-02-04,413.8500061035156,1.269882234258222,0.007661337564597876,0.0007644499133471556
1992-02-05,413.8399963378906,-0.09938600950047412,0.007935092179328182,0.0007644499133471556
1992-02-06,413.8200073242187,-0.10678090147002577,0.007611402207918699,0.0007644499133471556
1992-02-07,411.0899963378906,-1.0103092185073843,0.007308064135677791,0.0007644499133471556
1992-02-10,413.7699890136719,0.7772492339890814,0.007376820018353182,0.0007644499133471556
1992-02-11,413.760009765625,-0.1080293727670754,0.007299570915977509,0.0007644499133471556
1992-02-12,417.1300048828125,1.0472842953538637,0.007015636970344632,0.0007644499133471556
1992-02-13,413.69000244140625,-1.2716499323166672,0.007113182828108484,0.0007644499133471556
1992-02-14,412.4800109863281,-0.5004855515277519,0.0073800542049553206,0.0007644499133471556
1992-02-18,407.3800048828125,-1.8399739808721833,0.007177152320837627,0.0007644499133471556
1992-02-19,408.260009765625,0.17413775778264287,0.008001582184468047,0.0007644499133471556
1992-02-20,413.8999938964844,1.686518987116845,0.007681908077171728,0.0007644499133471556
1992-02-21,411.4299926757813,-0.8058629417026655,0.008376058859841853,0.0007644499133471556
1992-02-24,412.2699890136719,0.15389843104045847,0.008285461096830567,0.0007644499133471556
1992-02-25,410.4500122070313,-0.6529784073583973,0.007946279977416286,0.0007644499133471556
1992-02-26,415.3500061035156,1.4265566952146007,0.007783044704056826,0.0007644499133471556
1992-02-27,413.8599853515625,-0.5310285715139212,0.008207253127382762,0.0007644499133471556
1992-02-28,412.7000122070313,-0.4477250604718969,0.007976324938342577,0.0007644499133471556
1992-03-02,412.4500122070313,-0.17740799506101834,0.007724569271766543,0.0007644499133471556
1992-03-03,412.8500061035156,0.02760472466207095,0.007421911767825168,0.0007644499133471556
1992-03-04,409.3299865722656,-1.308818224799138,0.007126391965474959,0.0007644499133471556
1992-03-05,406.510009765625,-1.0340843075675086,0.007424482493308935,0.0007644499133471556
1992-03-06,404.44000244140625,-0.7817156751259355,0.007508615721523015,0.0007644499133471556
1992-03-09,405.2099914550781,0.15311532707943165,0.007429563073708468,0.0007644499133471556
1992-03-10,406.8900146484375,0.4722919112845843,0.007141842781181417,0.0007644499133471556
1992-03-11,404.0299987792969,-1.1263064508383025,0.006941481106326898,0.0007644499133471556
1992-03-12,403.8900146484375,-0.15658504568549922,0.007095055530211756,0.0007644499133471556
1992-03-13,405.8399963378906,0.593392925793964,0.006828417087210208,0.0007644499133471556
1992-03-16,406.3900146484375,0.08821176144295612,0.006687221178766565,0.0007644499133471556
1992-03-17,409.5799865722656,1.0952649915496275,0.00644084861426347,0.0007644499133471556
1992-03-18,409.1499938964844,-0.27599892092856054,0.006575531076031745,0.0007644499133471556
1992-03-19,409.7999877929687,0.1294246401828605,0.0063584032118678266,0.0007644499133471556
1992-03-20,411.2999877929687,0.470832476131863,0.006136343122724318,0.0007644499133471556
1992-03-23,409.9100036621094,-0.6927527640947955,0.005990106925327789,0.0007644499133471556
1992-03-24,408.8800048828125,-0.5535119655396273,0.0059264407211917424,0.0007644499133471556
1992-03-25,407.5199890136719,-0.7042516944359998,0.005816375133349234,0.0007644499133471556
1992-03-26,407.8599853515625,0.012056976891920753,0.0057649744180559796,0.0007644499133471556
1992-03-27,403.5,-2.0637436078321456,0.005578166061180314,0.0007644499133471556
1992-03-30,403.0,-0.3103311092389694,0.00645882935031254,0.0007644499133471556
1992-03-31,403.69000244140625,0.15127237023385257,0.006255278930759207,0.0007644499133471556
1992-04-01,404.2300109863281,0.09472808710624482,0.006041897924019272,0.0007644499133471556
1992-04-02,400.5,-1.7186892479229139,0.005838596764133511,0.0007644499133471556
1992-04-03,401.5499877929687,0.28815473853396834,0.0064333899985895,0.0007644499133471556
1992-04-06,405.5899963378906,1.484817122769149,0.006227238238144832,0.0007644499133471556
1992-04-07,398.05999755859375,-2.934606243876816,0.006646375985817734,0.0007644499133471556
1992-04-08,394.5,-1.1118487228139684,0.008767425806416752,0.0007644499133471556
1992-04-09,400.6400146484375,1.6478863230767167,0.00890820843004988,0.0007644499133471556
1992-04-10,404.2900085449219,0.8613140221302459,0.009641905515438904,0.0007644499133471556
1992-04-13,406.0799865722656,0.3821528371022603,0.009559625948437334,0.0007644499133471556
1992-04-14,412.3900146484375,1.5922264496967922,0.009204053667849467,0.0007644499133471556
1992-04-15,416.2799987792969,0.8724120407253251,0.009885373486714009,0.0007644499133471556
1992-04-16,416.0400085449219,-0.13675304642702985,0.009806931267726679,0.0007644499133471556
1992-04-20,410.1799926757813,-1.5942398417042212,0.009377390814372765,0.0007644499133471556
1992-04-21,410.260009765625,-0.056532535736478755,0.01007191589611163,0.0007644499133471556
1992-04-22,409.80999755859375,-0.19355690589401986,0.009619636484627537,0.0007644499133471556
1992-04-23,411.6000061035156,0.39023505279502063,0.009209672868981453,0.0007644499133471556
1992-04-24,409.0199890136719,-0.7946587367137731,0.008874804533751642,0.0007644499133471556
1992-04-27,408.4500122070313,-0.24637537666173734,0.008762807432765083,0.0007644499133471556
1992-04-28,409.1099853515625,0.1010567363570052,0.008411563399111477,0.0007644499133471556
1992-04-29,412.0199890136719,0.7846016158052069,0.008059354484022691,0.0007644499133471556
1992-04-30,414.9500122070313,0.7937133559421307,0.007964771294032304,0.0007644499133471556
1992-05-01,412.5299987792969,-0.8394420080908166,0.00787854654429905,0.0007644499133471556
1992-05-04,416.9100036621094,1.252344252583836,0.007822930933786556,0.0007644499133471556
1992-05-05,416.8399963378906,-0.11534393126383234,0.008083507427264856,0.0007644499133471556
1992-05-06,416.7900085449219,-0.11408091609167044,0.00775219863094104,0.0007644499133471556
1992-05-07,415.8500061035156,-0.4061815732567875,0.007440847766274533,0.0007644499133471556
1992-05-08,416.0499877929687,-0.03937655033565695,0.007203955061848749,0.0007644499133471556
1992-05-11,418.489990234375,0.7342960126481556,0.006922420167087087,0.0007644499133471556
1992-05-12,416.2900085449219,-0.8824827192699772,0.006838964579623869,0.0007644499133471556
1992-05-13,416.4500122070313,-0.055608961671905335,0.0068364434190926115,0.0007644499133471556
1992-05-14,413.1400146484375,-1.3291519750481546,0.006578880176616588,0.0007644499133471556
1992-05-15,410.0899963378906,-1.1876249067405076,0.006882951864032454,0.0007644499133471556
1992-05-18,412.80999755859375,0.8255677944340634,0.007081603737338627,0.0007644499133471556
1992-05-19,416.3699951171875,1.1110953473783856,0.007040254149066061,0.0007644499133471556
1992-05-20,415.3900146484375,-0.4345052214755724,0.0071825442682470104,0.0007644499133471556
1992-05-21,412.6000061035156,-1.0768664846468792,0.006968094767954152,0.0007644499133471556
1992-05-22,414.0199890136719,0.37694192439290497,0.00708647615266705,0.0007644499133471556
1992-05-26,411.4100036621094,-1.033130137760828,0.006861102863395193,0.0007644499133471556
1992-05-27,412.1700134277344,0.15554555212157012,0.00695085899697383,0.0007644499133471556
1992-05-28,416.739990234375,1.5332309131347992,0.006693143560637913,0.0007644499133471556
1992-05-29,415.3500061035156,-0.5722803707165142,0.007173755823446149,0.0007644499133471556
1992-06-01,417.2999877929687,0.5592674618338501,0.007008016234204843,0.0007644499133471556
1992-06-02,413.5,-1.448079438558196,0.006845131234351035,0.0007644499133471556
1992-06-03,414.5899963378906,0.25745909120808125,0.00725593669452142,0.0007644499133471556
1992-06-04,413.260009765625,-0.5686980411095662,0.006994155780371139,0.0007644499133471556
1992-06-05,413.4800109863281,-0.03397482974690576,0.006835534145674531,0.0007644499133471556
1992-06-08,413.3599853515625,-0.16036380429848573,0.006577379772175861,0.0007644499133471556
1992-06-09,410.05999755859375,-1.3839730898645415,0.006343919558819289,0.0007644499133471556
1992-06-10,407.25,-1.142811409046135,0.006685868614746028,0.0007644499133471556
1992-06-11,409.0499877929687,0.5320838485014691,0.006851684620908108,0.0007644499133471556
1992-06-12,409.760009765625,0.14504116371169617,0.006686572475598035,0.0007644499133471556
1992-06-15,410.2900085449219,0.08195275696798185,0.00644458331444272,0.0007644499133471556
1992-06-16,408.3200073242187,-0.8976116021301415,0.006213710711327426,0.0007644499133471556
1992-06-17,402.260009765625,-2.5202982682556656,0.006236158141738689,0.0007644499133471556
1992-06-18,400.9599914550781,-0.5186653675192314,0.007714934848866868,0.0007644499133471556
1992-06-19,403.6700134277344,0.7959725142368868,0.007502326194232252,0.0007644499133471556
1992-06-22,403.3999938964844,-0.1929060846006697,0.0074315192272283795,0.0007644499133471556
1992-06-23,404.0400085449219,0.11482420033519643,0.00714870039602945,0.0007644499133471556
1992-06-24,403.8399963378906,-0.18322181535614687,0.006874744560355124,0.0007644499133471556
1992-06-25,403.1199951171875,-0.3847447338913334,0.006624986058556012,0.0007644499133471556
1992-06-26,403.4500122070313,0.00838088850415877,0.006428003184492862,0.0007644499133471556
1992-06-29,408.94000244140625,2.0579626044334143,0.0061961317922129625,0.0007644499133471556
1992-06-30,408.1400146484375,-0.38085426035235986,0.0071487009339583785,0.0007644499133471556
1992-07-01,412.8800048828125,1.557939767477789,0.006920849757337179,0.0007644499133471556
1992-07-02,411.7699890136719,-0.4648726125900596,0.007435458931615885,0.0007644499133471556
1992-07-06,413.8399963378906,0.5888649840086132,0.007217363381308565,0.0007644499133471556
1992-07-07,409.1600036621094,-1.7201082760662625,0.007056288484438689,0.0007644499133471556
1992-07-08,410.2799987792969,0.25437732793708423,0.007740917901061191,0.0007644499133471556
1992-07-09,414.2300109863281,1.1835189123235919,0.007449903140735388,0.0007644499133471556
1992-07-10,414.6199951171875,0.02308734249667546,0.007648120425466551,0.0007644499133471556
1992-07-13,414.8699951171875,-0.02203055016670037,0.0073384398172998844,0.0007644499133471556
1992-07-14,417.6799926757813,0.8493006919330133,0.007048051809154272,0.0007644499133471556
1992-07-15,417.1000061035156,-0.30679497708467723,0.00702099383932376,0.0007644499133471556
1992-07-16,417.5400085449219,0.04274024280095353,0.006782900172468786,0.0007644499133471556
1992-07-17,415.6199951171875,-0.8230919680373926,0.006528370045432819,0.0007644499133471556
1992-07-20,413.75,-0.8110087710421322,0.006502880023855489,0.0007644499133471556
1992-07-21,413.760009765625,-0.11437621343085085,0.006472127348632693,0.0007644499133471556
1992-07-22,410.9299926757813,-1.2221025520547777,0.006241459213565526,0.0007644499133471556
1992-07-23,412.0799865722656,0.31417377801844754,0.0064618915874577985,0.0007644499133471556
1992-07-24,411.6000061035156,-0.30834507287632545,0.006258909146052316,0.0007644499133471556
1992-07-27,411.5400085449219,-0.15002114369175323,0.006067326091702257,0.0007644499133471556
1992-07-28,417.5199890136719,2.3288441186355997,0.005866313462812448,0.0007644499133471556
1992-07-29,422.2300109863281,1.4814022953574757,0.007056384601635737,0.0007644499133471556
1992-07-30,423.9200134277344,0.4303702902180458,0.007505454578866723,0.0007644499133471556
1992-07-31,424.2099914550781,-0.011088991602122943,0.007272462670605701,0.0007644499133471556
1992-08-03,425.0899963378906,0.18720858009337688,0.006986096400507985,0.0007644499133471556
1992-08-04,424.3599853515625,-0.36898651207957844,0.006729881327070645,0.0007644499133471556
1992-08-05,422.19000244140625,-0.9031361134632242,0.006522949795051871,0.0007644499133471556
1992-08-06,420.5899963378906,-0.6974450082389221,0.006540195425609632,0.0007644499133471556
1992-08-07,418.8800048828125,-0.74958099756898,0.006454851804980443,0.0007644499133471556
1992-08-10,419.4200134277344,0.08190549125977999,0.006396301618010466,0.0007644499133471556
1992-08-11,418.8999938964844,-0.32504448855411633,0.006168611126426694,0.0007644499133471556
1992-08-12,417.7799987792969,-0.5749711136777133,0.005985845120725161,0.0007644499133471556
1992-08-13,417.7300109863281,-0.15036918492041335,0.005879582765449865,0.0007644499133471556
1992-08-14,419.9100036621094,0.7802568756836352,0.005691259431374614,0.0007644499133471556
1992-08-17,420.739990234375,0.21321151624041781,0.005675965733187526,0.0007644499133471556
1992-08-18,421.3399963378906,0.1199378316335518,0.005507916802497736,0.0007644499133471556
1992-08-19,418.19000244140625,-1.5475471438870643,0.005343080764882431,0.0007644499133471556
1992-08-20,418.260009765625,-0.10338676192436852,0.00577499837017227,0.0007644499133471556
1992-08-21,414.8500061035156,-1.6010665325957558,0.00559045984837098,0.0007644499133471556
1992-08-24,410.7200012207031,-1.7730910316017863,0.006073999275469152,0.0007644499133471556
1992-08-25,411.6099853515625,0.20789339477577476,0.006734670441564346,0.0007644499133471556
1992-08-26,413.510009765625,0.5912048697321346,0.006496915635884506,0.0007644499133471556
1992-08-27,413.5299987792969,-0.11240684066369956,0.006370708606659286,0.0007644499133471556
1992-08-28,414.8399963378906,0.39019966037837645,0.0061465576556813594,0.0007644499133471556
1992-08-31,414.0299987792969,-0.45473787773816954,0.005979077003497479,0.0007644499133471556
1992-09-01,416.0700073242187,0.7110329975761018,0.0058374942102191575,0.0007644499133471556
1992-09-02,417.9800109863281,0.6592515148367526,0.005787818208283885,0.0007644499133471556
1992-09-03,417.9800109863281,-0.1336272058097656,0.0057207655335953225,0.0007644499133471556
1992-09-04,417.0799865722656,-0.5268946239066612,0.005541986629839185,0.0007644499133471556
1992-09-08,414.44000244140625,-1.306501335713522,0.005445268344728848,0.0007644499133471556
1992-09-09,416.3599853515625,0.6749330384639608,0.005715482955388061,0.0007644499133471556
1992-09-10,419.9500122070313,1.382384752138405,0.0056576146755727315,0.0007644499133471556
1992-09-11,419.5799865722656,-0.27514882139887586,0.005982059466598428,0.0007644499133471556
1992-09-14,425.2699890136719,2.1897622820404647,0.0058022766874008015,0.0007644499133471556
1992-09-15,419.7699890136719,-2.015849214687388,0.006836706459928215,0.0007644499133471556
1992-09-16,419.9200134277344,-0.05204144325860582,0.007822939303530074,0.0007644499133471556
1992-09-17,419.9299926757813,-0.09871446204871007,0.007503313497472702,0.0007644499133471556
1992-09-18,422.9299926757813,0.8817899643916399,0.00720602463768845,0.0007644499133471556
1992-09-21,422.1400146484375,-0.36616048355138237,0.007193747440234015,0.0007644499133471556
1992-09-22,417.1400146484375,-1.8219026681347459,0.006959518432660613,0.0007644499133471556
1992-09-23,417.44000244140625,-0.005882523912210906,0.0077440673314193706,0.0007644499133471556
1992-09-24,418.4700012207031,0.2288458515297427,0.007428268975237997,0.0007644499133471556
1992-09-25,414.3500061035156,-1.490471486603024,0.00715116905829974,0.0007644499133471556
1992-09-28,416.6199951171875,0.6172635713249064,0.007612682677649598,0.0007644499133471556
1992-09-29,416.7999877929687,-0.04465483081505828,0.007446280532931485,0.0007644499133471556
1992-09-30,417.7999877929687,0.22824894865992199,0.007149688310249094,0.0007644499133471556
1992-10-01,416.2900085449219,-0.636510281176443,0.006889309800494911,0.0007644499133471556
1992-10-02,410.4700012207031,-2.1948981124396107,0.006762844954575064,0.0007644499133471556
1992-10-05,407.5700073242187,-0.9883022095702907,0.007947551250183338,0.0007644499133471556
1992-10-06,407.1799926757813,-0.21543841972080566,0.00799223660685015,0.0007644499133471556
1992-10-07,404.25,-1.0399566306177632,0.007679437151383567,0.0007644499133471556
1992-10-08,407.75,1.0117027098505187,0.007765416711911926,0.0007644499133471556
1992-10-09,402.6600036621094,-1.7020229568083105,0.007829594112211076,0.0007644499133471556
1992-10-12,407.44000244140625,1.2905176907116034,0.008552146352975347,0.0007644499133471556
1992-10-13,409.2999877929687,0.42771135866042986,0.00886161921044515,0.0007644499133471556
1992-10-14,409.3699951171875,-0.06934204396124348,0.008557909556660042,0.0007644499133471556
1992-10-15,409.6000061035156,-0.02474055589324706,0.0081947202239954,0.0007644499133471556
1992-10-16,411.7300109863281,0.5632324349059549,0.00785161255667305,0.0007644499133471556
1992-10-19,414.9800109863281,0.9277592433702455,0.007650779565923697,0.0007644499133471556
1992-10-20,415.4800109863281,0.057418943511252325,0.007657788339701061,0.0007644499133471556
1992-10-21,415.6700134277344,-0.04181044904957287,0.007348550246195256,0.0007644499133471556
1992-10-22,414.8999938964844,-0.3710189890205281,0.00705798326399901,0.0007644499133471556
1992-10-23,414.1000061035156,-0.3943474812931182,0.006832698009810543,0.0007644499133471556
1992-10-26,418.1600036621094,1.3570554148314327,0.0066262496431352454,0.0007644499133471556
1992-10-27,418.489990234375,0.003505848736079367,0.006953628693283019,0.0007644499133471556
1992-10-28,420.1300048828125,0.47054667244911696,0.006687492742628255,0.0007644499133471556
1992-10-29,420.8599853515625,0.14922346039382783,0.006510727415985062,0.0007644499133471556
1992-10-30,418.6799926757813,-0.9486184304611808,0.006280464550828503,0.0007644499133471556
1992-11-02,422.75,1.4077831971899328,0.006328851196718336,0.0007644499133471556
1992-11-03,419.9200134277344,-1.118393799383011,0.00668922590167549,0.0007644499133471556
1992-11-04,417.1099853515625,-1.0937042118341902,0.0068380078368594395,0.0007644499133471556
1992-11-05,418.3399963378906,0.3128300607545166,0.006968957812788802,0.0007644499133471556
1992-11-06,417.5799865722656,-0.3834811157950316,0.006735219893962291,0.0007644499133471556
1992-11-09,418.5899963378906,0.25282672494502956,0.0065315538355596005,0.0007644499133471556
1992-11-10,418.6199951171875,-0.10973544346085204,0.00631324027964921,0.0007644499133471556
1992-11-11,422.2000122070313,1.272200900594749,0.006092700370695646,0.0007644499133471556
1992-11-12,422.8699951171875,0.12938141079557364,0.006346950567275259,0.0007644499133471556
1992-11-13,422.4299926757813,-0.2947457340862472,0.006125640186239221,0.0007644499133471556
1992-11-16,420.6799926757813,-0.827574029154467,0.0059399555300182405,0.0007644499133471556
1992-11-17,419.2699890136719,-0.6943387490209656,0.0059363020784440725,0.0007644499133471556
1992-11-18,422.8500061035156,1.3169571321244027,0.005875660615350204,0.0007644499133471556
1992-11-19,423.6099853515625,0.1674470881242554,0.006158455670496409,0.0007644499133471556
1992-11-20,426.6499938964844,1.0727904027036215,0.005953031181393525,0.0007644499133471556
1992-11-23,425.1199951171875,-0.7167814199725938,0.006078519815229239,0.0007644499133471556
1992-11-24,427.5899963378906,0.8352542801249663,0.006020757571741317,0.0007644499133471556
1992-11-25,429.19000244140625,0.4936039317320272,0.006017948678007672,0.0007644499133471556
1992-11-27,430.1600036621094,0.2537159743917013,0.005884824921777054,0.0007644499133471556
1992-11-30,431.3500061035156,0.35005405957173774,0.005708114760032974,0.0007644499133471556
1992-12-01,430.7799987792969,-0.375370184719542,0.005559241397362822,0.0007644499133471556
1992-12-02,429.8900146484375,-0.522142004473516,0.0054249034201128464,0.0007644499133471556
1992-12-03,429.9100036621094,-0.13460836996492415,0.005333643242086337,0.0007644499133471556
1992-12-04,432.05999755859375,0.8151174675841636,0.0051822211144974435,0.0007644499133471556
1992-12-07,435.30999755859375,1.2937119983093748,0.005201701465024396,0.0007644499133471556
1992-12-08,436.989990234375,0.5652882165732206,0.005461681030561194,0.0007644499133471556
1992-12-09,435.6499938964844,-0.712858589542176,0.005380568451507185,0.0007644499133471556
1992-12-10,434.6400146484375,-0.5764680070632936,0.005352367515584838,0.0007644499133471556
1992-12-11,433.7300109863281,-0.5416629791788933,0.005280663348317647,0.0007644499133471556
1992-12-14,432.8399963378906,-0.5417019106913755,0.005203156261236155,0.0007644499133471556
1992-12-15,432.5700073242187,-0.2706332587657977,0.005130212908563342,0.0007644499133471556
1992-12-16,431.5199890136719,-0.6380309500594216,0.005007274176539697,0.0007644499133471556
1992-12-17,435.4299926757813,1.6600553888072023,0.004973176181698552,0.0007644499133471556
1992-12-18,441.2799987792969,2.300984581071808,0.005467707286579066,0.0007644499133471556
1992-12-21,440.7000122070313,-0.31695937985650163,0.0065612262549881815,0.0007644499133471556
1992-12-22,440.30999755859375,-0.2597032051363998,0.00635275453429473,0.0007644499133471556
1992-12-23,439.0299987792969,-0.5979903983606144,0.006146793627816454,0.0007644499133471556
1992-12-24,439.7699890136719,0.15225319457684153,0.0060402212747651994,0.0007644499133471556
1992-12-28,439.1499938964844,-0.37239828261946545,0.0058412230621968505,0.0007644499133471556
1992-12-29,437.9800109863281,-0.6033624546325685,0.005688461444883444,0.0007644499133471556
1992-12-30,438.8200073242187,0.2053858079651401,0.005607011920876806,0.0007644499133471556
1992-12-31,435.7099914550781,-1.4472217089531503,0.00544277904928264,0.0007644499133471556
1993-01-04,435.3800048828125,-0.2621122416209569,0.0058070181567693845,0.0007644499133471556
1993-01-05,434.3399963378906,-0.5599130272947165,0.00563667006423321,0.0007644499133471556
1993-01-06,434.5199890136719,-0.06315180998984271,0.005544270755661689,0.0007644499133471556
1993-01-07,430.7300109863281,-1.772389614731055,0.005374060490836008,0.0007644499133471556
1993-01-08,429.0499877929687,-0.7813646391421943,0.005979903709011265,0.0007644499133471556
1993-01-11,430.9500122070313,0.613759134327952,0.005953831885694621,0.0007644499133471556
1993-01-12,431.0400085449219,-0.09478006892043592,0.005862406442455338,0.0007644499133471556
1993-01-13,433.0299987792969,0.6773766815626858,0.005671355382312446,0.0007644499133471556
1993-01-14,435.94000244140625,1.056386650940696,0.005616473886637701,0.0007644499133471556
1993-01-15,437.1499938964844,0.34986675063199135,0.005737318413857709,0.0007644499133471556
1993-01-18,436.8399963378906,-0.2638187126659812,0.005586543186969825,0.0007644499133471556
1993-01-19,435.1300048828125,-0.8629078336022862,0.005431157812261891,0.0007644499133471556
1993-01-20,433.3699951171875,-0.8821225733510206,0.005461194370788402,0.0007644499133471556
1993-01-21,435.489990234375,0.7484409685780076,0.005498772023463946,0.0007644499133471556
1993-01-22,436.1099853515625,0.12014143206614145,0.0054786271551772805,0.0007644499133471556
1993-01-25,440.010009765625,1.5309890696640847,0.005315880335988692,0.0007644499133471556
1993-01-26,439.9500122070313,-0.1570780222359262,0.00573482008125879,0.0007644499133471556
1993-01-27,438.1099853515625,-0.8917757715994535,0.005556974013503722,0.0007644499133471556
1993-01-28,438.6600036621094,0.08759979955376367,0.005595869033465643,0.0007644499133471556
1993-01-29,438.7799987792969,-0.09052876655537692,0.005423006242455387,0.0007644499133471556
1993-02-01,442.5199890136719,1.4675405174700533,0.005262574086242492,0.0007644499133471556
1993-02-02,442.5499877929687,-0.12362074162472014,0.005635473567558148,0.0007644499133471556
1993-02-03,447.2000122070313,1.7737515548132312,0.005461911712687811,0.0007644499133471556
1993-02-04,449.55999755859375,0.7405003062334545,0.006075516958899181,0.0007644499133471556
1993-02-05,448.9299926757813,-0.3594653914036351,0.00602787894353561,0.0007644499133471556
1993-02-08,447.8500061035156,-0.5413989458769256,0.005860814205144093,0.0007644499133471556
1993-02-09,445.3299865722656,-1.1142045579568258,0.005750531353577216,0.0007644499133471556
1993-02-10,446.2300109863281,0.21254039969958777,0.00590258912128035,0.0007644499133471556
1993-02-11,447.6600036621094,0.42576544850990433,0.005719193994163418,0.0007644499133471556
1993-02-12,444.5799865722656,-1.3728372817143364,0.005585867930564889,0.0007644499133471556
1993-02-16,433.9100036621094,-4.245412250683241,0.00590220377429582,0.0007644499133471556
1993-02-17,433.2999877929687,-0.22659823778074187,0.009582144700170754,0.0007644499133471556
1993-02-18,431.8999938964844,-0.43576440736839317,0.009180843098810567,0.0007644499133471556
1993-02-19,434.2200012207031,0.5181215324604129,0.008864339506049031,0.0007644499133471556
1993-02-22,435.239990234375,0.1839858024347989,0.00859745585719689,0.0007644499133471556
1993-02-23,434.7999877929687,-0.21541221407863173,0.008244209337970028,0.0007644499133471556
1993-02-24,440.8699951171875,1.6546653906701283,0.007916681718212916,0.0007644499133471556
1993-02-25,442.3399963378906,0.2984838155481698,0.00859116133362838,0.0007644499133471556
1993-02-26,443.3800048828125,0.1917233598345558,0.00826160361941178,0.0007644499133471556
1993-03-01,442.010009765625,-0.48670081386653813,0.007929147911972,0.0007644499133471556
1993-03-02,447.8999938964844,1.6211625400157346,0.007693862284156182,0.0007644499133471556
1993-03-03,449.260009765625,0.2726336932443238,0.00831656919412894,0.0007644499133471556
1993-03-04,447.3399963378906,-0.6312126718872324,0.007996247408503708,0.0007644499133471556
1993-03-05,446.1099853515625,-0.44983891144436083,0.007820239587946268,0.0007644499133471556
1993-03-08,454.7099914550781,2.4190780242805023,0.007577208621111132,0.0007644499133471556
1993-03-09,454.3999938964844,-0.15726745949463267,0.009197263456381489,0.0007644499133471556
1993-03-10,456.3299865722656,0.39451948281027216,0.00880539194989314,0.0007644499133471556
1993-03-11,453.7200012207031,-0.7654033769108064,0.008492753356508767,0.0007644499133471556
1993-03-12,449.8299865722656,-1.1196614360271901,0.008373081570074638,0.0007644499133471556
1993-03-15,451.4299926757813,0.3269933776244488,0.008520515614444866,0.0007644499133471556
1993-03-16,451.3699951171875,-0.1094037018109222,0.00820232128361881,0.0007644499133471556
1993-03-17,448.30999755859375,-0.9622996096753013,0.007863340412758914,0.0007644499133471556
1993-03-18,451.8900146484375,0.9111578762338027,0.007890419558399257,0.0007644499133471556
1993-03-19,450.1799926757813,-0.5780401142313009,0.007881430862313956,0.0007644499133471556
1993-03-22,448.8800048828125,-0.47573283434730895,0.007685687942976595,0.0007644499133471556
1993-03-23,448.760009765625,-0.13833870278671942,0.007458554800136068,0.0007644499133471556
1993-03-24,448.0700073242187,-0.3213415563274437,0.007167478811062544,0.0007644499133471556
1993-03-25,450.8800048828125,0.7925097696786887,0.006923956373857791,0.0007644499133471556
1993-03-26,447.7799987792969,-1.1155604182427319,0.006869777452325459,0.0007644499133471556
1993-03-29,450.7699890136719,0.8396264761580454,0.007015881262733788,0.0007644499133471556
1993-03-30,451.9700012207031,0.27120141567657313,0.006984298037482669,0.0007644499133471556
1993-03-31,451.6700134277344,-0.21188677129997657,0.006741355924252095,0.0007644499133471556
1993-04-01,450.2999877929687,-0.5846339898352884,0.0065037343054544505,0.0007644499133471556
1993-04-02,441.3900146484375,-3.254949228995986,0.006374777941953379,0.0007644499133471556
1993-04-05,442.2900085449219,0.14369727632795218,0.008855236534101018,0.0007644499133471556
1993-04-06,441.1600036621094,-0.39175635872738007,0.008481330168239858,0.0007644499133471556
1993-04-07,442.7300109863281,0.34064549801244326,0.008184604236388875,0.0007644499133471556
1993-04-08,441.8399963378906,-0.3520009910835274,0.007888502923549345,0.0007644499133471556
1993-04-12,448.3699951171875,1.826975424363113,0.0076117642945468566,0.0007644499133471556
1993-04-13,449.2200012207031,0.13348380647924513,0.008461886009490065,0.0007644499133471556
1993-04-14,448.6600036621094,-0.2480720882934868,0.008109849712370295,0.0007644499133471556
1993-04-15,448.3999938964844,-0.17241038567574687,0.007796183909254125,0.0007644499133471556
1993-04-16,448.94000244140625,0.05863967294907235,0.007488555782895825,0.0007644499133471556
1993-04-19,447.4599914550781,-0.5655986461417841,0.00718985937151407,0.0007644499133471556
1993-04-20,445.1000061035156,-0.8621035880279425,0.00702072165263273,0.0007644499133471556
1993-04-21,443.6300048828125,-0.5816497535025063,0.0070017169837541075,0.0007644499133471556
1993-04-22,439.4599914550781,-1.4908010231136746,0.006847769367094918,0.0007644499133471556
1993-04-23,437.0299987792969,-0.8646600110486643,0.007296846189263144,0.0007644499133471556
1993-04-26,433.5400085449219,-1.2076755923019842,0.007271990859629945,0.0007644499133471556
1993-04-27,438.010009765625,1.2676995827409576,0.007488548391873253,0.0007644499133471556
1993-04-28,438.0199890136719,-0.09560403895915771,0.007757695493673722,0.0007644499133471556
1993-04-29,438.8900146484375,0.16385844115701056,0.007444531406679242,0.0007644499133471556
1993-04-30,440.19000244140625,0.30643005787184235,0.007157137123591574,0.0007644499133471556
1993-05-03,442.4599914550781,0.6336527655244633,0.006910943123280322,0.0007644499133471556
1993-05-04,444.0499877929687,0.41617716262172233,0.006782317688047967,0.0007644499133471556
1993-05-05,444.5199890136719,0.04456364962730508,0.006584570097396365,0.0007644499133471556
1993-05-06,443.260009765625,-0.5680194995118609,0.006342997301949713,0.0007644499133471556
1993-05-07,442.30999755859375,-0.46813746226185127,0.0062160995924226145,0.0007644499133471556
1993-05-10,442.7999877929687,0.05651397251239264,0.006064609338103148,0.0007644499133471556
1993-05-11,444.3599853515625,0.46984649901085,0.005858059119437008,0.0007644499133471556
1993-05-12,444.7999877929687,0.03932845006285529,0.0057275033856248984,0.0007644499133471556
1993-05-13,439.2300109863281,-2.4110129098768778,0.005543705910864095,0.0007644499133471556
1993-05-14,439.55999755859375,-0.0019887204696494892,0.0067620237402982375,0.0007644499133471556
1993-05-17,440.3699951171875,0.16542115142056496,0.006508240343893427,0.0007644499133471556
1993-05-18,440.3200073242187,-0.13980938339311563,0.006279761075654013,0.0007644499133471556
1993-05-19,447.5700073242187,2.5671871368014605,0.006063743601701564,0.0007644499133471556
1993-05-20,450.5899963378906,0.7883151036842778,0.007560949452818223,0.0007644499133471556
1993-05-21,445.8399963378906,-1.5181996105997224,0.007483957826866454,0.0007644499133471556
1993-05-24,448.0,0.509382299935112,0.007987414275740975,0.0007644499133471556
1993-05-25,448.8500061035156,0.14579573725321254,0.00775802841560059,0.0007644499133471556
1993-05-26,453.44000244140625,1.2631433282270188,0.007449465125662441,0.0007644499133471556
1993-05-27,452.4100036621094,-0.3938960527079982,0.0077141046582576145,0.0007644499133471556
1993-05-28,450.19000244140625,-0.7619983018844408,0.007458789639233359,0.0007644499133471556
1993-06-01,453.8299865722656,0.9888709529564491,0.007370504469599301,0.0007644499133471556
1993-06-02,453.8500061035156,-0.09703260077328552,0.007423674904667779,0.0007644499133471556
1993-06-03,452.489990234375,-0.5280412411020207,0.007131201457168577,0.0007644499133471556
1993-06-04,450.05999755859375,-0.8846891387380232,0.006950678747389706,0.0007644499133471556
1993-06-07,447.69000244140625,-0.8701184143642663,0.006946546049036203,0.0007644499133471556
1993-06-08,444.7099914550781,-1.0734039214920303,0.006934126762521125,0.0007644499133471556
1993-06-09,445.7799987792969,0.23243324057541787,0.007050364238471173,0.0007644499133471556
1993-06-10,445.3800048828125,-0.24455108622293142,0.006796709260021694,0.0007644499133471556
1993-06-11,447.260009765625,0.5255314584755613,0.0065605808048097005,0.0007644499133471556
1993-06-14,447.7099914550781,0.03762891853877413,0.006408091454869191,0.0007644499133471556
1993-06-15,446.2699890136719,-0.6451976471050093,0.006177962412329926,0.0007644499133471556
1993-06-16,447.4299926757813,0.3008771272696982,0.006087233128818905,0.0007644499133471556
1993-06-17,448.5400085449219,0.29014882488852445,0.005905067191651705,0.0007644499133471556
1993-06-18,443.6799926757813,-2.0337247248097823,0.005732716507895096,0.0007644499133471556
1993-06-21,446.2200012207031,0.7486662495903648,0.0066038657528542126,0.0007644499133471556
1993-06-22,445.9299926757813,-0.21632235612478715,0.006539240847896795,0.0007644499133471556
1993-06-23,443.19000244140625,-1.097050104673888,0.006314975932523411,0.0007644499133471556
1993-06-24,446.6199951171875,1.076460656820349,0.006451775832437312,0.0007644499133471556
1993-06-25,447.6000061035156,0.21712649600954267,0.006574185614476817,0.0007644499133471556
1993-06-28,451.8500061035156,1.3683186623441295,0.006347819486514394,0.0007644499133471556
1993-06-29,450.69000244140625,-0.499427588817685,0.006677609896481097,0.0007644499133471556
1993-06-30,450.5299987792969,-0.17195954452805773,0.00651043987922039,0.0007644499133471556
1993-07-01,449.0199890136719,-0.6560597160858307,0.0062825210816754955,0.0007644499133471556
1993-07-02,445.8399963378906,-1.2714381260554366,0.006191194378576783,0.0007644499133471556
1993-07-06,441.4299926757813,-1.660749531264229,0.0064459716977046345,0.0007644499133471556
1993-07-07,442.8299865722656,0.3416979490115238,0.007029683680861936,0.0007644499133471556
1993-07-08,448.6400146484375,1.8047844121662255,0.006798844319799214,0.0007644499133471556
1993-07-09,448.1099853515625,-0.25778886019239194,0.007550992187537306,0.0007644499133471556
1993-07-12,448.9800109863281,0.16161294865601133,0.007271772375562414,0.0007644499133471556
1993-07-13,448.0899963378906,-0.392970240922953,0.006994730118976164,0.0007644499133471556
1993-07-14,450.0799865722656,0.540919986072248,0.0067787624146927305,0.0007644499133471556
1993-07-15,449.2200012207031,-0.404356449848894,0.006620437571245363,0.0007644499133471556
1993-07-16,445.75,-1.3251422282396554,0.006428699634337843,0.0007644499133471556
1993-07-19,446.0299987792969,-0.02029129954865392,0.006726777710467024,0.0007644499133471556
1993-07-20,447.30999755859375,0.32448869370362293,0.006475416936433796,0.0007644499133471556
1993-07-21,447.1799926757813,-0.16818330213726176,0.006273686199974026,0.0007644499133471556
1993-07-22,444.510009765625,-1.1142283637730326,0.006060748422601123,0.0007644499133471556
1993-07-23,447.1000061035156,0.8124030677925198,0.006210307813671705,0.0007644499133471556
1993-07-26,449.0899963378906,0.5939365567945143,0.00619015295296292,0.0007644499133471556
1993-07-27,448.239990234375,-0.43733167957012486,0.006079992606687746,0.0007644499133471556
1993-07-28,447.19000244140625,-0.5245721259868713,0.0059280040608122595,0.0007644499133471556
1993-07-29,450.239990234375,1.0385236331392784,0.005808954596326066,0.0007644499133471556
1993-07-30,448.1300048828125,-0.9231024350734305,0.005916810695432221,0.0007644499133471556
1993-08-02,450.1499938964844,0.6262927118377011,0.005960499336816959,0.0007644499133471556
1993-08-03,449.2699890136719,-0.46333975885010287,0.005873180524256481,0.0007644499133471556
1993-08-04,448.5400085449219,-0.41647659796671305,0.005740024859846085,0.0007644499133471556
1993-08-05,448.1300048828125,-0.2996385782183826,0.005603260045045605,0.0007644499133471556
1993-08-06,448.6799926757813,0.0847528914011009,0.0054522358279821695,0.0007644499133471556
1993-08-09,450.7200012207031,0.7131062789978215,0.00528944223469618,0.0007644499133471556
1993-08-10,449.4500122070313,-0.6810405622420159,0.005265643148485317,0.0007644499133471556
1993-08-11,450.4599914550781,0.28291801233746483,0.005231811855991912,0.0007644499133471556
1993-08-12,448.9599914550781,-0.8033657324473698,0.005103448865525622,0.0007644499133471556
1993-08-13,450.1400146484375,0.36325497782724925,0.00512160975410585,0.0007644499133471556
1993-08-16,452.3800048828125,0.8375722966565615,0.005013796975438289,0.0007644499133471556
1993-08-17,453.1300048828125,0.1766834725089497,0.0050490036623300595,0.0007644499133471556
1993-08-18,456.0400085449219,1.1453688411135692,0.004921578779242659,0.0007644499133471556
1993-08-19,456.4299926757813,0.01771589296412143,0.005099261957780374,0.0007644499133471556
1993-08-20,456.1600036621094,-0.2733889130373961,0.004960509557318018,0.0007644499133471556
1993-08-23,455.2300109863281,-0.5783987249874397,0.004850068151830231,0.0007644499133471556
1993-08-24,459.7699890136719,1.9049556353924493,0.004808028382373078,0.0007644499133471556
1993-08-25,460.1300048828125,0.003341247812552744,0.005470532501061632,0.0007644499133471556
1993-08-26,461.0400085449219,0.22835363963194888,0.005304521910584405,0.0007644499133471556
1993-08-27,460.5400085449219,-0.35816413479555076,0.005163953652753409,0.0007644499133471556
1993-08-30,461.8999938964844,0.43231711947193324,0.005052360009102196,0.0007644499133471556
1993-08-31,463.55999755859375,0.568845687674417,0.004962623651260893,0.0007644499133471556
1993-09-01,463.1499938964844,-0.33582087387389964,0.004911274787952336,0.0007644499133471556
1993-09-02,461.2999877929687,-0.9903277838156433,0.004813404623682341,0.0007644499133471556
1993-09-03,461.3399963378906,-0.137766444447948,0.0049193668562524835,0.0007644499133471556
1993-09-07,458.5199890136719,-1.437039360746253,0.0047986528062323505,0.0007644499133471556
1993-09-08,456.6499938964844,-0.9438595409422075,0.005139660317533855,0.0007644499133471556
1993-09-09,457.5,0.21000036364693261,0.005215300637444496,0.0007644499133471556
1993-09-10,461.7200012207031,1.6572740882917087,0.005079011867180973,0.0007644499133471556
1993-09-13,462.05999755859375,-0.005083318618731673,0.005577421076904704,0.0007644499133471556
1993-09-14,459.8999938964844,-1.0085779209166235,0.005403782911868584,0.0007644499133471556
1993-09-15,461.6000061035156,0.5315221170568589,0.005503472263356196,0.0007644499133471556
1993-09-16,459.4299926757813,-1.0122625808858057,0.005410259831484089,0.0007644499133471556
1993-09-17,458.8299865722656,-0.3757992654557803,0.005511673471062061,0.0007644499133471556
1993-09-20,455.0499877929687,-1.679575784150909,0.005380475011557993,0.0007644499133471556
1993-09-21,452.9500122070313,-0.9115067908325105,0.005913236302646001,0.0007644499133471556
1993-09-22,456.2000122070313,1.072925884385906,0.005951124604757024,0.0007644499133471556
1993-09-23,457.739990234375,0.4287726000368329,0.006076716361605861,0.0007644499133471556
1993-09-24,457.6300048828125,-0.1696441463513658,0.005922738294893021,0.0007644499133471556
1993-09-27,461.7999877929687,1.4488091692665548,0.005733268896041012,0.0007644499133471556
1993-09-28,461.5299987792969,-0.22092541447668984,0.006107336274506553,0.0007644499133471556
1993-09-29,460.1099853515625,-0.650588330800989,0.0059114878635923625,0.0007644499133471556
1993-09-30,458.9299926757813,-0.5710594471574881,0.0058353511170669125,0.0007644499133471556
1993-10-01,461.2799987792969,0.7572043661716655,0.005735709538916134,0.0007644499133471556
1993-10-04,461.3399963378906,-0.11112083251299254,0.005709017909539853,0.0007644499133471556
1993-10-05,461.2000122070313,-0.193131660897826,0.005529520015838187,0.0007644499133471556
1993-10-06,460.739990234375,-0.3282341194022566,0.005369318108834441,0.0007644499133471556
1993-10-07,459.1799926757813,-0.7933412007328974,0.005238662992992188,0.0007644499133471556
1993-10-08,460.30999755859375,0.322732511661204,0.005247213006408233,0.0007644499133471556
1993-10-11,460.8800048828125,0.09233123720979237,0.005123898198011297,0.0007644499133471556
1993-10-12,461.1199951171875,-0.048916082916474375,0.004985348281132092,0.0007644499133471556
1993-10-13,461.489990234375,0.007745982065146142,0.004855670836846448,0.0007644499133471556
1993-10-14,466.8299865722656,2.2681205179892006,0.004735340500054206,0.0007644499133471556
1993-10-15,469.5,0.8693587970818006,0.005680867112255397,0.0007644499133471556
1993-10-18,468.4500122070313,-0.5264084741120549,0.0057053604830161276,0.0007644499133471556
1993-10-19,466.2099914550781,-0.9925809623783104,0.005599231211321945,0.0007644499133471556
1993-10-20,466.0700073242187,-0.18724472555347776,0.005686434280539756,0.0007644499133471556
1993-10-21,465.3599853515625,-0.41507151087983846,0.0055147965595637735,0.0007644499133471556
1993-10-22,463.2699890136719,-0.9766367104582663,0.0053916714684513435,0.0007644499133471556
1993-10-25,464.2000122070313,0.22664535847406697,0.0054757639021628226,0.0007644499133471556
1993-10-26,464.2999877929687,-0.10315544077801123,0.005323047546956407,0.0007644499133471556
1993-10-27,464.6099853515625,-0.01876163734339323,0.0051704538605060165,0.0007644499133471556
1993-10-28,467.7300109863281,1.1794630326915416,0.005026412273873401,0.0007644499133471556
1993-10-29,467.8299865722656,-0.10548211551103678,0.005221040496899884,0.0007644499133471556
1993-11-01,469.1000061035156,0.38348666258806857,0.005075991580255707,0.0007644499133471556
1993-11-02,468.44000244140625,-0.43666482288234887,0.00497497796781877,0.0007644499133471556
1993-11-03,463.0199890136719,-2.5355969098035094,0.004891256288052477,0.0007644499133471556
1993-11-04,457.489990234375,-2.0938091872216575,0.0061035507697003565,0.0007644499133471556
1993-11-05,459.5700073242187,0.5326343187654536,0.0070814635416774,0.0007644499133471556
1993-11-08,460.2099914550781,0.0908248570181291,0.006905080370081061,0.0007644499133471556
1993-11-09,460.3299865722656,-0.0758096634669817,0.006644851793912523,0.0007644499133471556
1993-11-10,463.7200012207031,1.026921963126513,0.006400564348344806,0.0007644499133471556
1993-11-11,462.6400146484375,-0.4768773695947973,0.006492505270102571,0.0007644499133471556
1993-11-12,465.3900146484375,0.8157241111728275,0.006328242261371805,0.0007644499133471556
1993-11-15,463.75,-0.6810744832462783,0.006305670403622465,0.0007644499133471556
1993-11-16,466.739990234375,0.9098379170819378,0.006223386146462447,0.0007644499133471556
1993-11-17,464.80999755859375,-0.7850362022409434,0.006252032376712759,0.0007644499133471556
1993-11-18,463.6199951171875,-0.5352524579497868,0.00621748467668192,0.0007644499133471556
1993-11-19,462.6000061035156,-0.4874895305643953,0.006086135963279028,0.0007644499133471556
1993-11-22,459.1300048828125,-1.3945176187978976,0.005947438595929761,0.0007644499133471556
1993-11-23,461.0299987792969,0.5352384100775738,0.0062874023628493765,0.0007644499133471556
1993-11-24,462.3599853515625,0.34396748638050134,0.006152362537698119,0.0007644499133471556
1993-11-26,463.05999755859375,0.12526850200738293,0.005974394051188016,0.0007644499133471556
1993-11-29,461.8999938964844,-0.5664384820600143,0.0057776366632761485,0.0007644499133471556
1993-11-30,461.7900085449219,-0.17652515738533028,0.0056796059939487244,0.0007644499133471556
1993-12-01,461.8900146484375,-0.09948716688171197,0.005507358546116376,0.0007644499133471556
1993-12-02,463.1099853515625,0.35072083562713585,0.005341359620067715,0.0007644499133471556
1993-12-03,464.8900146484375,0.5888642098162926,0.005216524924898032,0.0007644499133471556
1993-12-06,466.4299926757813,0.493133326146308,0.00515609007599409,0.0007644499133471556
1993-12-07,466.760009765625,-0.011266687624749805,0.005073522062189795,0.0007644499133471556
1993-12-08,466.2900085449219,-0.3589278414070972,0.004936650437056752,0.0007644499133471556
1993-12-09,464.1799926757813,-1.0948254672010638,0.004840802761955204,0.0007644499133471556
1993-12-10,463.9299926757813,-0.26092483348801326,0.004994462056043651,0.0007644499133471556
1993-12-13,465.7000122070313,0.6236851893464318,0.004879967249610591,0.0007644499133471556
1993-12-14,463.05999755859375,-1.3301316161476502,0.004848765328846607,0.0007644499133471556
1993-12-15,461.8399963378906,-0.6636220563884196,0.005127281572430356,0.0007644499133471556
1993-12-16,463.3399963378906,0.4864149890576687,0.005094755009028428,0.0007644499133471556
1993-12-17,466.3800048828125,1.1517227658563058,0.0050143969182893785,0.0007644499133471556
1993-12-20,465.8500061035156,-0.3660713121699482,0.005194359108709231,0.0007644499133471556
1993-12-21,465.2999877929687,-0.38287452429202445,0.0050821461663490665,0.0007644499133471556
1993-12-22,467.3200073242187,0.716274998360389,0.00498060242327467,0.0007644499133471556
1993-12-23,467.3800048828125,-0.12790541211402723,0.004972985034278535,0.0007644499133471556
1993-12-27,470.5400085449219,1.2323393667403755,0.004847607749224696,0.0007644499133471556
1993-12-28,470.94000244140625,0.016811842218160546,0.005071611090786009,0.0007644499133471556
1993-12-29,470.5799865722656,-0.3098741653735412,0.004934921064488839,0.0007644499133471556
1993-12-30,468.6400146484375,-1.0132647786013687,0.004831396095245063,0.0007644499133471556
1993-12-31,466.4500122070313,-1.1013562953641416,0.004947086329823308,0.0007644499133471556
1994-01-03,465.44000244140625,-0.5746827400947726,0.005102136002281431,0.0007644499133471556
1994-01-04,466.8900146484375,0.4651036889530606,0.005044177050479717,0.0007644499133471556
1994-01-05,467.5499877929687,0.13061064968917072,0.004962103791874445,0.0007644499133471556
1994-01-06,467.1199951171875,-0.3482111259480843,0.0048377120617403855,0.0007644499133471556
1994-01-07,469.8999938964844,1.088943976764894,0.004747048328001372,0.0007644499133471556
1994-01-10,475.2699890136719,2.163153687559812,0.0048996506855012376,0.0007644499133471556
1994-01-11,474.1300048828125,-0.5477107794739147,0.005780303253395536,0.0007644499133471556
1994-01-12,474.1700134277344,-0.11980797744597427,0.005676336575287382,0.0007644499133471556
1994-01-13,472.4700012207031,-0.7920712974562585,0.005499669022366939,0.0007644499133471556
1994-01-14,474.9100036621094,0.7980065238051265,0.005496966035645902,0.0007644499133471556
1994-01-17,473.2999877929687,-0.756866398289046,0.005496820721673524,0.0007644499133471556
1994-01-18,474.25,0.2264112682355937,0.005480061971130972,0.0007644499133471556
1994-01-19,474.2999877929687,-0.12371861632084356,0.005327020310082979,0.0007644499133471556
1994-01-20,474.9800109863281,0.12912448359450845,0.005175346584730389,0.0007644499133471556
1994-01-21,474.7200012207031,-0.26057617162359825,0.0050350414098141285,0.0007644499133471556
1994-01-24,471.9700012207031,-1.3368739925249769,0.004917578047065711,0.0007644499133471556
1994-01-25,470.9200134277344,-0.5752353446625117,0.005200688808882864,0.0007644499133471556
1994-01-26,473.2000122070313,0.7913740241159951,0.0051372058469649215,0.0007644499133471556
1994-01-27,477.0499877929687,1.4251745702458636,0.00514931570359287,0.0007644499133471556
1994-01-28,478.7000122070313,0.4896018859812485,0.005490972263782135,0.0007644499133471556
1994-01-31,481.6099853515625,0.9830844826724399,0.0053871826523960355,0.0007644499133471556
1994-02-01,479.6199951171875,-0.8959574465510435,0.00547455004048289,0.0007644499133471556
1994-02-02,482.0,0.7585275056858951,0.0055179945153427164,0.0007644499133471556
1994-02-03,480.7099914550781,-0.6261431199769586,0.005500985238861579,0.0007644499133471556
1994-02-04,469.80999755859375,-4.359257532220465,0.005436764675302619,0.0007644499133471556
1994-02-07,471.760009765625,0.3757010381054628,0.00899012694023688,0.0007644499133471556
1994-02-08,471.0499877929687,-0.26214906924312376,0.008661608955534302,0.0007644499133471556
1994-02-09,472.7699890136719,0.3462132377028459,0.008319495780925895,0.0007644499133471556
1994-02-10,468.9299926757813,-1.1125489624494982,0.008017580638519529,0.0007644499133471556
1994-02-11,470.1799926757813,0.23258393876963698,0.008158975519126468,0.0007644499133471556
1994-02-14,470.2300109863281,-0.08394345856394304,0.007839495601289773,0.0007644499133471556
1994-02-15,472.5199890136719,0.5443289283473307,0.00752052781269788,0.0007644499133471556
1994-02-16,472.7900085449219,-0.026362661586124575,0.007327309996307304,0.0007644499133471556
1994-02-17,470.3399963378906,-0.8468613809515472,0.007037696787456594,0.0007644499133471556
1994-02-18,467.69000244140625,-0.9151215592369446,0.007009550802385058,0.0007644499133471556
1994-02-22,471.4599914550781,1.0344734118179768,0.0070220328787285935,0.0007644499133471556
1994-02-23,470.69000244140625,-0.33737259851541773,0.007110791538373051,0.0007644499133471556
1994-02-24,464.260009765625,-2.112145712418602,0.006874240298773865,0.0007644499133471556
1994-02-25,466.0700073242187,0.391959033799019,0.00797696140311876,0.0007644499133471556
1994-02-28,467.1400146484375,0.19835693582063618,0.007706949573889933,0.0007644499133471556
1994-03-01,464.44000244140625,-0.8856374666507401,0.007408331413214705,0.0007644499133471556
1994-03-02,464.80999755859375,0.0043120194446297985,0.007393462696881494,0.0007644499133471556
1994-03-03,463.010009765625,-0.6542040781964378,0.007099453420013765,0.0007644499133471556
1994-03-04,464.739990234375,0.425292992278117,0.006971582735008167,0.0007644499133471556
1994-03-07,466.9100036621094,0.5755324510012801,0.006765889778798884,0.0007644499133471556
1994-03-08,465.8800048828125,-0.44901860456694953,0.00662083178990534,0.0007644499133471556
1994-03-09,467.05999755859375,0.2740389025445951,0.006441323480992799,0.0007644499133471556
1994-03-10,463.8999938964844,-1.2119622605511542,0.0062321867641983155,0.0007644499133471556
1994-03-11,466.44000244140625,0.7285567728691927,0.006445553108627027,0.0007644499133471556
1994-03-14,467.3900146484375,0.19916053559495647,0.006377812063116599,0.0007644499133471556
1994-03-15,467.010009765625,-0.25607171260538614,0.006161619870044615,0.0007644499133471556
1994-03-16,469.4200134277344,0.7344698275813113,0.005967266446609884,0.0007644499133471556
1994-03-17,470.8999938964844,0.4024926439647198,0.005921538473244834,0.0007644499133471556
1994-03-18,471.05999755859375,-0.07360304600788316,0.005770480558644097,0.0007644499133471556
1994-03-21,468.5400085449219,-1.0973454986403202,0.005584771647937473,0.0007644499133471556
1994-03-22,468.7999877929687,-0.03661006274572707,0.00572883009969685,0.0007644499133471556
1994-03-23,468.5400085449219,-0.23790712940749173,0.005544882158723897,0.0007644499133471556
1994-03-24,464.3500061035156,-1.8088127489177663,0.005388813017225634,0.0007644499133471556
1994-03-25,460.5799865722656,-1.4797931097637478,0.006025508265205779,0.0007644499133471556
1994-03-28,460.0,-0.3147019956995948,0.006433057698309284,0.0007644499133471556
1994-03-29,452.4800109863281,-2.76757165734307,0.006231944095222236,0.0007644499133471556
1994-03-30,445.5499877929687,-2.021125853016698,0.008014637374765132,0.0007644499133471556
1994-03-31,445.7699890136719,-0.029584712700611217,0.009153284215202121,0.0007644499133471556
1994-04-04,438.9200134277344,-1.8565106070426476,0.008753170828686681,0.0007644499133471556
1994-04-05,448.2900085449219,2.087804338605722,0.009751258045349475,0.0007644499133471556
1994-04-06,448.0499877929687,-0.11585713076853048,0.011220779436288264,0.0007644499133471556
1994-04-07,450.8800048828125,0.516570836664106,0.010709051205402862,0.0007644499133471556
1994-04-08,447.1000061035156,-0.8864997097141756,0.010359160258339892,0.0007644499133471556
1994-04-11,449.8699951171875,0.5262735048935646,0.010283425690757802,0.0007644499133471556
1994-04-12,447.5700073242187,-0.5915430613468027,0.009957220625450408,0.0007644499133471556
1994-04-13,446.260009765625,-0.3817592888032571,0.009680583444578337,0.0007644499133471556
1994-04-14,446.3800048828125,-0.05318274447767381,0.00931872683716218,0.0007644499133471556
1994-04-15,446.1799926757813,-0.136100005728806,0.008909819014843922,0.0007644499133471556
1994-04-18,442.4599914550781,-1.0709161337705464,0.008531803457619409,0.0007644499133471556
1994-04-19,442.5400085449219,-0.06757198598117495,0.008637016106779973,0.0007644499133471556
1994-04-20,441.9599914550781,-0.2510533386417615,0.008269016318818248,0.0007644499133471556
1994-04-21,448.7300109863281,1.8167794840065667,0.007946800561243798,0.0007644499133471556
1994-04-22,447.6300048828125,-0.365126775132673,0.0088156660954879,0.0007644499133471556
1994-04-25,452.7099914550781,1.2387187352906606,0.008492860861276619,0.0007644499133471556
1994-04-26,451.8699951171875,-0.29960724147822626,0.00875031547407858,0.0007644499133471556
1994-04-28,449.1000061035156,-0.8218202427957937,0.008412269384716325,0.0007644499133471556
1994-04-29,450.9100036621094,0.39103340650366075,0.00833107227522888,0.0007644499133471556
1994-05-02,453.0199890136719,0.4854551291595263,0.008041998220771897,0.0007644499133471556
1994-05-03,453.0299987792969,-0.09516534272747543,0.0078006814067620315,0.0007644499133471556
1994-05-04,451.7200012207031,-0.4890238889632999,0.007484857487370615,0.0007644499133471556
1994-05-05,451.3800048828125,-0.20864697457233783,0.007272589773063957,0.0007644499133471556
1994-05-06,447.8200073242187,-1.2400738844770285,0.007001707979882683,0.0007644499133471556
1994-05-09,442.3200073242187,-1.812040891653976,0.007241676335193523,0.0007644499133471556
1994-05-10,446.010009765625,0.9381271257642686,0.008040836343033852,0.0007644499133471556
1994-05-11,441.489990234375,-1.3606945545042077,0.008047726401800195,0.0007644499133471556
1994-05-12,443.75,0.5159262986009125,0.00841504547621607,0.0007644499133471556
1994-05-13,444.1400146484375,0.013965456285373103,0.008168034211425826,0.0007644499133471556
1994-05-16,444.489990234375,0.0029674785582291916,0.00782637553909696,0.0007644499133471556
1994-05-17,449.3699951171875,1.3529553501584453,0.007505499368960249,0.0007644499133471556
1994-05-18,453.69000244140625,1.1212825525535655,0.007850929184400869,0.0007644499133471556
1994-05-19,456.4800109863281,0.6708243205040373,0.007999577002993908,0.0007644499133471556
1994-05-20,454.9200134277344,-0.5339263029583408,0.00784331580947965,0.0007644499133471556
1994-05-23,453.2000122070313,-0.5966084022872166,0.007630637851869877,0.0007644499133471556
1994-05-24,454.80999755859375,0.3731759591801825,0.007454226036685203,0.0007644499133471556
1994-05-25,456.3399963378906,0.3599073360971845,0.007207254660786974,0.0007644499133471556
1994-05-26,457.05999755859375,0.11649969136964267,0.006970665311070281,0.0007644499133471556
1994-05-27,457.3299865722656,-0.025926408868400756,0.006708074271004982,0.0007644499133471556
1994-05-31,456.5,-0.39965089733813575,0.006458014972031316,0.0007644499133471556
1994-06-01,457.6300048828125,0.27219297183383906,0.006274438561462636,0.0007644499133471556
1994-06-02,457.6499938964844,-0.11863624109274196,0.006075474404521858,0.0007644499133471556
1994-06-03,460.1300048828125,0.7902578619488041,0.005871415749481837,0.0007644499133471556
1994-06-06,458.8800048828125,-0.5953412920015063,0.005853399071315039,0.0007644499133471556
1994-06-07,458.2099914550781,-0.38634208951745785,0.0057607569097983145,0.0007644499133471556
1994-06-08,457.05999755859375,-0.5835769526129153,0.005615981918084607,0.0007644499133471556
1994-06-09,457.8599853515625,0.17793020496454187,0.0055320043046299975,0.0007644499133471556
1994-06-10,458.6700134277344,0.18680203829623296,0.005370113064483136,0.0007644499133471556
1994-06-13,459.1000061035156,0.033060011665863885,0.005220449469109204,0.0007644499133471556
1994-06-14,462.3699951171875,1.2483807208994597,0.005072900623375046,0.0007644499133471556
1994-06-15,460.6099853515625,-0.8628936518568859,0.005305647507275671,0.0007644499133471556
1994-06-16,461.9299926757813,0.3927306815913976,0.005340129048417329,0.0007644499133471556
1994-06-17,458.4500122070313,-1.5940748998848724,0.005223429204140764,0.0007644499133471556
1994-06-20,455.4800109863281,-1.2780418855117333,0.005683600088238766,0.0007644499133471556
1994-06-21,451.3399963378906,-1.6665112327669673,0.005937766365815251,0.0007644499133471556
1994-06-22,453.0899963378906,0.47816385899009134,0.00649441726345846,0.0007644499133471556
1994-06-23,449.6300048828125,-1.3316917707964262,0.006330436269401214,0.0007644499133471556
1994-06-24,442.7999877929687,-2.423416393331435,0.006631674970337005,0.0007644499133471556
1994-06-27,447.30999755859375,1.1606467898152955,0.008072428230122617,0.0007644499133471556
1994-06-28,446.0700073242187,-0.42889974719850926,0.00825461947950875,0.0007644499133471556
1994-06-29,447.6300048828125,0.3415961443466282,0.007982093954170915,0.0007644499133471556
1994-06-30,444.2699890136719,-1.0781573795666408,0.007697390298149091,0.0007644499133471556
1994-07-01,446.2000122070313,0.4570271729263923,0.007812223573936053,0.0007644499133471556
1994-07-05,446.3699951171875,-0.05065523319200314,0.007572084394554193,0.0007644499133471556
1994-07-06,446.1300048828125,-0.1791779500685136,0.007267876254348847,0.0007644499133471556
1994-07-07,448.3800048828125,0.6100558493441562,0.006993208634700158,0.0007644499133471556
1994-07-08,449.5499877929687,0.26879100963932007,0.006851074765720679,0.0007644499133471556
1994-07-11,448.05999755859375,-0.6173675535626778,0.006615764947029015,0.0007644499133471556
1994-07-12,447.9500122070313,-0.15552309384229498,0.006493892089431732,0.0007644499133471556
1994-07-13,448.7300109863281,0.15566599450922905,0.006265330090815642,0.0007644499133471556
1994-07-14,453.4100036621094,1.5881417187581626,0.006051699551048577,0.0007644499133471556
1994-07-15,454.1600036621094,0.13565101074387548,0.006548535986901623,0.0007644499133471556
1994-07-18,455.2200012207031,0.24812455356031995,0.006314588370346927,0.0007644499133471556
1994-07-19,453.8599853515625,-0.614892786889576,0.006109232514684656,0.0007644499133471556
1994-07-20,451.6000061035156,-0.9577093743520884,0.006010541864710439,0.0007644499133471556
1994-07-21,452.6099853515625,0.24208975347344708,0.006070060506364002,0.0007644499133471556
1994-07-22,453.1099853515625,0.057767030262031255,0.005879551250344657,0.0007644499133471556
1994-07-25,454.25,0.3075025602485616,0.005685702510720684,0.0007644499133471556
1994-07-26,453.3599853515625,-0.49284010886374163,0.0055305515725530266,0.0007644499133471556
1994-07-27,452.5700073242187,-0.4623681183144691,0.005425257219390593,0.0007644499133471556
1994-07-28,454.239990234375,0.5487800486920431,0.0053186296175825945,0.0007644499133471556
1994-07-29,458.260009765625,1.5353525136917228,0.005240886852030073,0.0007644499133471556
1994-08-01,461.010009765625,0.9220165201369382,0.005659959393040948,0.0007644499133471556
1994-08-02,460.55999755859375,-0.30490705102254984,0.005710168916608887,0.0007644499133471556
1994-08-03,461.4500122070313,0.2100039884569397,0.005552976368888995,0.0007644499133471556
1994-08-04,458.3999938964844,-1.3714173635943867,0.0053929826099628235,0.0007644499133471556
1994-08-05,457.0899963378906,-0.6356788883684883,0.00570461286315643,0.0007644499133471556
1994-08-08,457.8900146484375,0.17472373431405588,0.005633250921518107,0.0007644499133471556
1994-08-09,457.9200134277344,-0.12791611564090483,0.005464024644209984,0.0007644499133471556
1994-08-10,460.2999877929687,0.8334136056508943,0.00530282763414037,0.0007644499133471556
1994-08-11,458.8800048828125,-0.7237845279041365,0.005324962687521683,0.0007644499133471556
1994-08-12,461.94000244140625,1.1090765600993815,0.005303348289441909,0.0007644499133471556
1994-08-15,461.2300109863281,-0.4219327283448485,0.005457291556491835,0.0007644499133471556
1994-08-16,465.010009765625,1.385504679727133,0.005339299193701217,0.0007644499133471556
1994-08-17,465.1700134277344,-0.07429042914481568,0.005659175916649311,0.0007644499133471556
1994-08-18,463.1700134277344,-0.925556265400401,0.005481268756270589,0.0007644499133471556
1994-08-19,463.6799926757813,0.060669509989505356,0.005538319170445528,0.0007644499133471556
1994-08-22,462.3200073242187,-0.6895446676777751,0.005368449023682501,0.0007644499133471556
1994-08-23,464.510009765625,0.7428711990451715,0.0053324853768182846,0.0007644499133471556
1994-08-24,469.0299987792969,1.6772961247701934,0.005317589462458303,0.0007644499133471556
1994-08-25,468.0799865722656,-0.47769001141741535,0.005844766974962631,0.0007644499133471556
1994-08-26,473.7999877929687,1.9908104160294564,0.005717080422349905,0.0007644499133471556
1994-08-29,474.5899963378906,0.1377299645478824,0.00654577830824117,0.0007644499133471556
1994-08-30,476.0700073242187,0.3721690059757554,0.0063121914729119145,0.0007644499133471556
1994-08-31,475.489990234375,-0.32354517599929017,0.006130633234671685,0.0007644499133471556
1994-09-01,473.1700134277344,-0.9505167445555339,0.005949942855181966,0.0007644499133471556
1994-09-02,470.989990234375,-0.8960083059236623,0.006007052139919593,0.0007644499133471556
1994-09-06,471.8599853515625,0.17913927340691238,0.006034460262992226,0.0007644499133471556
1994-09-07,470.989990234375,-0.4470191755820849,0.005838471359111328,0.0007644499133471556
1994-09-08,473.1400146484375,0.6645562689680756,0.005703154681809732,0.0007644499133471556
1994-09-09,468.1799926757813,-2.0033333799021085,0.005642089858008249,0.0007644499133471556
1994-09-12,466.2099914550781,-0.769407559549899,0.006473959736485136,0.0007644499133471556
1994-09-13,467.510009765625,0.31447141024934505,0.006423960077542204,0.0007644499133471556
1994-09-14,468.7999877929687,0.31992412867923953,0.006223358506571063,0.0007644499133471556
1994-09-15,474.80999755859375,1.9837092347307546,0.006036195489006162,0.0007644499133471556
1994-09-16,471.19000244140625,-1.2210039008371554,0.006894125314704289,0.0007644499133471556
1994-09-19,470.8500061035156,-0.2087998604892867,0.0071182034016071235,0.0007644499133471556
1994-09-20,463.3599853515625,-2.450097790538951,0.006856778024644025,0.0007644499133471556
1994-09-21,461.4599914550781,-0.5818246391490928,0.008375977827933584,0.0007644499133471556
1994-09-22,461.2699890136719,-0.14414798394474304,0.008160201969458247,0.0007644499133471556
1994-09-23,459.6700134277344,-0.5415811724709626,0.00782728650360392,0.0007644499133471556
1994-09-26,460.8200073242187,0.22763134350631353,0.007618490622639231,0.0007644499133471556
1994-09-27,462.0499877929687,0.2593655827784536,0.0073298348592828215,0.0007644499133471556
1994-09-28,464.8399963378906,0.7440145921959376,0.00706399942081275,0.0007644499133471556
1994-09-29,462.239990234375,-0.9130905932356213,0.006980125352115244,0.0007644499133471556
1994-09-30,462.7099914550781,0.036015736026823474,0.006992054343824406,0.0007644499133471556
1994-10-03,461.739990234375,-0.4257944616686655,0.006723897806540019,0.0007644499133471556
1994-10-04,454.5899963378906,-2.5061678957071813,0.006532078371771483,0.0007644499133471556
1994-10-05,453.5199890136719,-0.3874113247499896,0.008056062595008521,0.0007644499133471556
1994-10-06,452.3599853515625,-0.4274187126082744,0.0077804386795791505,0.0007644499133471556
1994-10-07,455.1000061035156,0.7002720849623119,0.007531997937681614,0.0007644499133471556
1994-10-10,459.0400085449219,1.060337832130655,0.007408707170919928,0.0007644499133471556
1994-10-11,465.7900085449219,1.841468403404476,0.007511986812625714,0.0007644499133471556
1994-10-12,465.4700012207031,-0.17344635496112862,0.008369772922539584,0.0007644499133471556
1994-10-13,467.7900085449219,0.5240741690628968,0.008028243777341272,0.0007644499133471556
1994-10-14,469.1000061035156,0.2604230142581439,0.007802816146997773,0.0007644499133471556
1994-10-17,468.9599914550781,-0.14155223698651145,0.007509379858126883,0.0007644499133471556
1994-10-18,467.6600036621094,-0.490660155483303,0.007215512854273351,0.0007644499133471556
1994-10-19,470.2799987792969,0.687176901998361,0.007017502306202933,0.0007644499133471556
1994-10-20,466.8500061035156,-1.170336283399443,0.006908005355477135,0.0007644499133471556
1994-10-21,464.8900146484375,-0.7008368530485101,0.007093833497722265,0.0007644499133471556
1994-10-24,460.8299865722656,-1.3646987079320063,0.006987709110753009,0.0007644499133471556
1994-10-25,461.5299987792969,0.10278199377609303,0.007330295612296639,0.0007644499133471556
1994-10-26,462.6199951171875,0.22635671631582338,0.0070440484987863514,0.0007644499133471556
1994-10-27,465.8500061035156,0.9121430027623755,0.006789817893422471,0.0007644499133471556
1994-10-28,473.7699890136719,2.3647793645726427,0.0068056208560780315,0.0007644499133471556
1994-10-31,472.3500061035156,-0.4589586607367096,0.008205857681807323,0.0007644499133471556
1994-11-01,468.4200134277344,-1.147590147573387,0.007946513869172426,0.0007644499133471556
1994-11-02,466.510009765625,-0.5975450908156855,0.00811709575717191,0.0007644499133471556
1994-11-03,467.9100036621094,0.28182823759305625,0.007919896337740432,0.0007644499133471556
1994-11-04,462.2799987792969,-1.6880060698123545,0.007624179933500069,0.0007644499133471556
1994-11-07,463.0700073242187,0.11340160233975488,0.008315852516076545,0.0007644499133471556
1994-11-08,465.6499938964844,0.601167337014643,0.007970442290625362,0.0007644499133471556
1994-11-09,465.3999938964844,-0.16725829962431163,0.007781246268716682,0.0007644499133471556
1994-11-10,464.3699951171875,-0.39873041972220086,0.0074738464401042735,0.0007644499133471556
1994-11-11,462.3500061035156,-0.7084071895848594,0.007232979143828291,0.0007644499133471556
1994-11-14,466.0400085449219,1.008380899108,0.007125127573516704,0.0007644499133471556
1994-11-15,465.0299987792969,-0.4077859250119967,0.00719499720314146,0.0007644499133471556
1994-11-16,465.6199951171875,0.07221367552670076,0.006971995361153265,0.0007644499133471556
1994-11-17,463.5700073242187,-0.7719235636452649,0.006706461984033079,0.0007644499133471556
1994-11-18,461.4700012207031,-0.7978009480144186,0.006649296521997848,0.0007644499133471556
1994-11-21,458.2999877929687,-1.1590020423688132,0.006607006555547162,0.0007644499133471556
1994-11-22,450.0899963378906,-2.777137102898813,0.006784274403543397,0.0007644499133471556
1994-11-23,449.9299926757813,-0.1283613040666422,0.008725415512980752,0.0007644499133471556
1994-11-25,452.2900085449219,0.5345197822965837,0.008357290631334988,0.0007644499133471556
1994-11-28,454.1600036621094,0.4139347836614199,0.008120919605872407,0.0007644499133471556
1994-11-29,455.1700134277344,0.18559724322423726,0.007850268568099762,0.0007644499133471556
1994-11-30,453.69000244140625,-0.5332433800154589,0.007541217193087576,0.0007644499133471556
1994-12-01,448.9200134277344,-1.5435666125766307,0.0073426521238086585,0.0007644499133471556
1994-12-02,453.2999877929687,1.1373634994245185,0.007864638745199617,0.0007644499133471556
1994-12-05,453.3200073242187,-0.08973856489728375,0.008026503545406542,0.0007644499133471556
1994-12-06,453.1099853515625,-0.1595330293010392,0.007696554476769275,0.0007644499133471556
1994-12-07,451.2300109863281,-0.6657545872085746,0.007393306196080809,0.0007644499133471556
1994-12-08,445.4500122070313,-1.8814503651875836,0.0072585635413548654,0.0007644499133471556
1994-12-09,446.9599914550781,0.32189956900738553,0.008137946743094555,0.0007644499133471556
1994-12-12,449.4700012207031,0.6168257609996793,0.007839454731806918,0.0007644499133471556
1994-12-13,450.1499938964844,0.0975164970410414,0.007663149598502824,0.0007644499133471556
1994-12-14,454.9700012207031,1.343976902832371,0.007355921418360725,0.0007644499133471556
1994-12-15,455.3399963378906,0.006300697674843591,0.007689512516878459,0.0007644499133471556
1994-12-16,458.7999877929687,0.9225221308352468,0.0073770849572784205,0.0007644499133471556
1994-12-19,457.9100036621094,-0.3663785083815255,0.007386192827237199,0.0007644499133471556
1994-12-20,457.1000061035156,-0.35497116445717347,0.007141192660820729,0.0007644499133471556
1994-12-21,459.6099853515625,0.6821390275131259,0.006907130545460981,0.0007644499133471556
1994-12-22,459.6799926757813,-0.09002320224707286,0.006799830680445182,0.0007644499133471556
1994-12-23,459.8299865722656,-0.06693896205248497,0.006546298888062359,0.0007644499133471556
1994-12-27,462.4700012207031,0.7863646961996602,0.006308034905149966,0.0007644499133471556
1994-12-28,460.8599853515625,-0.6779037177052617,0.006272078131431466,0.0007644499133471556
1994-12-29,461.1700134277344,-0.014856234408350185,0.006189971848038231,0.0007644499133471556
1994-12-30,459.2699890136719,-0.8190370229659091,0.005974051208387305,0.0007644499133471556
1995-01-03,459.1099853515625,-0.18656344312444698,0.0059652498197497695,0.0007644499133471556
1995-01-04,460.7099914550781,0.47007134875216544,0.005774673341797487,0.0007644499133471556
1995-01-05,460.3399963378906,-0.27754613664432326,0.005649043616330892,0.0007644499133471556
1995-01-06,460.6799926757813,-0.004761172065192013,0.005491494807424991,0.0007644499133471556
1995-01-09,460.8299865722656,-0.08244023713594406,0.005323984253051801,0.0007644499133471556
1995-01-10,461.6799926757813,0.20856748141627904,0.005170328215854606,0.0007644499133471556
1995-01-11,461.6600036621094,-0.16035910160091574,0.0050371141730345135,0.0007644499133471556
1995-01-12,461.6400146484375,-0.1645370157027581,0.004909223463952942,0.0007644499133471556
1995-01-13,465.9700012207031,1.7889911272244197,0.004791196928439244,0.0007644499133471556
1995-01-16,469.3800048828125,1.216276099230075,0.0053663624796215495,0.0007644499133471556
1995-01-17,470.0499877929687,0.11860984950087744,0.005580572074104905,0.0007644499133471556
1995-01-18,469.7099914550781,-0.2750252350104199,0.005410525941645369,0.0007644499133471556
1995-01-19,466.9500122070313,-1.2636321712014273,0.005268703319629654,0.0007644499133471556
1995-01-20,464.7799987792969,-0.9839467145827422,0.005510957865047121,0.0007644499133471556
1995-01-23,465.8200073242187,0.26282084571649494,0.0055957756759235835,0.0007644499133471556
1995-01-24,465.8599853515625,-0.12475688372165697,0.005439625199820303,0.0007644499133471556
1995-01-25,467.44000244140625,0.49648660504711795,0.005279951502758731,0.0007644499133471556
1995-01-26,468.3200073242187,0.2150777473793533,0.005190612297488744,0.0007644499133471556
1995-01-27,470.3900146484375,0.7210092959010799,0.0050566345268440345,0.0007644499133471556
1995-01-30,468.510009765625,-0.9449733680394096,0.005046863815295243,0.0007644499133471556
1995-01-31,470.4200134277344,0.6445832061285257,0.005125830575334298,0.0007644499133471556
1995-02-01,470.3999938964844,-0.15863138787301626,0.0050873130875843985,0.0007644499133471556
1995-02-02,472.7900085449219,0.8684144708499133,0.004955582813558433,0.0007644499133471556
1995-02-03,478.6499938964844,2.3082952343710526,0.0050053585893439605,0.0007644499133471556
1995-02-06,481.1400146484375,0.733800946778569,0.006029209906987723,0.0007644499133471556
1995-02-07,480.80999755859375,-0.24254839344508938,0.0059806283979316486,0.0007644499133471556
1995-02-08,481.19000244140625,0.0044135538337391105,0.005796025177426452,0.0007644499133471556
1995-02-09,480.19000244140625,-0.5073630793729097,0.005607017162301425,0.0007644499133471556
1995-02-10,481.4599914550781,0.34116958834812994,0.005501142141836672,0.0007644499133471556
1995-02-13,481.6499938964844,-0.06895761373163176,0.0053640152738956524,0.0007644499133471556
1995-02-14,482.5499877929687,0.2117122245132629,0.005206929424464707,0.0007644499133471556
1995-02-15,484.5400085449219,0.6607689244191303,0.00507142180000704,0.0007644499133471556
1995-02-16,485.2200012207031,0.1265529894625369,0.005040924305994735,0.0007644499133471556
1995-02-17,481.9700012207031,-1.5243157252205393,0.004910383497760178,0.0007644499133471556
1995-02-21,482.7200012207031,0.14887192439395067,0.005309624679180716,0.0007644499133471556
1995-02-22,485.0700073242187,0.7928731550018786,0.005160973909156953,0.0007644499133471556
1995-02-23,486.9100036621094,0.5841569663674593,0.005172639099645571,0.0007644499133471556
1995-02-24,488.1099853515625,0.33187872361118326,0.005113318952325318,0.0007644499133471556
1995-02-27,483.80999755859375,-1.922324075565354,0.005000690413712697,0.0007644499133471556
1995-02-28,487.3900146484375,1.160328189292315,0.005694890066154855,0.0007644499133471556
1995-03-01,485.6499938964844,-0.7388980624878831,0.005874851836083142,0.0007644499133471556
1995-03-02,485.1300048828125,-0.3146164372435216,0.0058348218774783075,0.0007644499133471556
1995-03-03,485.4200134277344,-0.029417457275961817,0.005671224317341542,0.0007644499133471556
1995-03-06,485.6300048828125,-0.060450699519325246,0.005491185700026629,0.0007644499133471556
1995-03-07,482.1199951171875,-1.5059045171221792,0.0053246679079767024,0.0007644499133471556
1995-03-08,483.1400146484375,0.23558659524242295,0.005726181225747785,0.0007644499133471556
1995-03-09,483.1600036621094,-0.13010798709223326,0.005557519237238046,0.0007644499133471556
1995-03-10,489.5700073242187,2.3034235427734795,0.0053898687371219875,0.0007644499133471556
1995-03-13,490.0499877929687,0.033290268178189274,0.006472826216196307,0.0007644499133471556
1995-03-14,492.8900146484375,0.8037748376463186,0.006238318469927746,0.0007644499133471556
1995-03-15,491.8800048828125,-0.45319096975520423,0.00621307793909879,0.0007644499133471556
1995-03-16,495.4100036621094,1.0542866819354624,0.006057617835001123,0.0007644499133471556
1995-03-17,495.5199890136719,-0.08790808015319741,0.00617082992766431,0.0007644499133471556
1995-03-20,496.1400146484375,0.08156975574959961,0.005958464819976144,0.0007644499133471556
1995-03-21,495.0700073242187,-0.5075281511972788,0.005760159090703769,0.0007644499133471556
1995-03-22,495.6700134277344,0.07913820840127644,0.0056455459172789334,0.0007644499133471556
1995-03-23,495.9500122070313,-0.036519874750492315,0.005468800710356415,0.0007644499133471556
1995-03-24,500.9700012207031,1.7548867094891976,0.005303266427413883,0.0007644499133471556
1995-03-27,503.2000122070313,0.6242990967447175,0.005889898386419378,0.0007644499133471556
1995-03-28,503.8999938964844,0.10777025793120532,0.00580534952430465,0.0007644499133471556
1995-03-29,503.1199951171875,-0.41174282887490804,0.005618975717161844,0.0007644499133471556
1995-03-30,502.2200012207031,-0.46548775432003286,0.005488602627453186,0.0007644499133471556
1995-03-31,500.7099914550781,-0.701940869049717,0.005378870360668626,0.0007644499133471556
1995-04-03,501.8500061035156,0.2823663940570224,0.005346806242792002,0.0007644499133471556
1995-04-04,505.239990234375,1.145361901277734,0.00521041623197283,0.0007644499133471556
1995-04-05,505.5700073242187,-0.020700701187766565,0.005385053055965079,0.0007644499133471556
1995-04-06,506.0799865722656,0.04665039967258959,0.005225314180120169,0.0007644499133471556
1995-04-07,506.4200134277344,-0.018274461073246713,0.0050776819964258365,0.0007644499133471556
1995-04-10,507.010009765625,0.08094354136682867,0.004940549521131031,0.0007644499133471556
1995-04-11,505.5299987792969,-0.7658588815683602,0.004815266963660052,0.0007644499133471556
1995-04-12,507.1700134277344,0.5120190005064148,0.004832727306709326,0.0007644499133471556
1995-04-13,509.2300109863281,0.6888031183095824,0.004775055285704571,0.0007644499133471556
1995-04-17,506.1300048828125,-1.4406279130147421,0.004769232490003893,0.0007644499133471556
1995-04-18,505.3699951171875,-0.4435242915659929,0.005111756634303385,0.0007644499133471556
1995-04-19,504.9200134277344,-0.3296947311217599,0.005020544417166031,0.0007644499133471556
1995-04-20,505.2900085449219,-0.006499498713910078,0.0049140101212536815,0.0007644499133471556
1995-04-21,508.489990234375,1.1585537757706283,0.004789196513856266,0.0007644499133471556
1995-04-24,512.8900146484375,1.578135848159816,0.0049751391661644944,0.0007644499133471556
1995-04-25,512.0999755859375,-0.4260255766038863,0.005412832077828009,0.0007644499133471556
1995-04-26,512.6599731445312,0.061995153407710286,0.005298548381509361,0.0007644499133471556
1995-04-27,513.5499877929688,0.18851937900802723,0.005145979720897888,0.0007644499133471556
1995-04-28,514.7100219726562,0.297625080724354,0.005012535213568211,0.0007644499133471556
1995-05-01,514.260009765625,-0.33440145896488915,0.004901697327349785,0.0007644499133471556
1995-05-02,514.8599853515625,0.08358119570513535,0.004804281041161582,0.0007644499133471556
1995-05-03,520.47998046875,2.1520229981734507,0.004689533847463495,0.0007644499133471556
1995-05-04,520.5399780273438,-0.11733927596296609,0.005532529778485563,0.0007644499133471556
1995-05-05,520.1199951171875,-0.29289216333384355,0.005365787785772331,0.0007644499133471556
1995-05-08,523.9600219726562,1.2603842558046816,0.00522966922685151,0.0007644499133471556
1995-05-09,523.5599975585938,-0.2793887093154633,0.005469817022525096,0.0007644499133471556
1995-05-10,524.3599853515625,0.143177339742518,0.0053245941107738105,0.0007644499133471556
1995-05-11,524.3699951171875,-0.1440466682285629,0.005174438346580098,0.0007644499133471556
1995-05-12,525.5499877929688,0.2945902303527705,0.0050352227354904045,0.0007644499133471556
1995-05-15,527.739990234375,0.6895014833694484,0.004922338537183289,0.0007644499133471556
1995-05-16,528.1900024414062,0.017906777138564003,0.004908895149980951,0.0007644499133471556
1995-05-17,527.0700073242188,-0.6034313888459094,0.004784539069268983,0.0007644499133471556
1995-05-18,519.5800170898438,-3.1719717757252655,0.004753196472191114,0.0007644499133471556
1995-05-19,519.1900024414062,-0.2311122079526647,0.006556841894720162,0.0007644499133471556
1995-05-22,523.6500244140625,1.2298269295149082,0.00633358177123802,0.0007644499133471556
1995-05-23,528.5900268554688,1.314802529576671,0.00656000878564109,0.0007644499133471556
1995-05-24,528.6099853515625,-0.10604819655305299,0.006852475208428762,0.0007644499133471556
1995-05-25,528.5900268554688,-0.12160883019518132,0.006596619568072531,0.0007644499133471556
1995-05-26,523.6500244140625,-1.5969465322309844,0.0063583944528906085,0.0007644499133471556
1995-05-30,523.5800170898438,-0.13056199815890282,0.006879106619580319,0.0007644499133471556
1995-05-31,533.4000244140625,2.6900164209861797,0.006623505572919827,0.0007644499133471556
1995-06-01,533.489990234375,-0.07088258774848377,0.008405439647758283,0.0007644499133471556
1995-06-02,532.510009765625,-0.32330371728478063,0.008051447613676547,0.0007644499133471556
1995-06-05,535.5999755859375,0.6472470750851783,0.0077581242550018685,0.0007644499133471556
1995-06-06,535.5499877929688,-0.11287130443184569,0.0075996705703928165,0.0007644499133471556
1995-06-07,533.1300048828125,-0.7253632783313129,0.007297553466512344,0.0007644499133471556
1995-06-08,532.3499755859375,-0.3097159678607791,0.00719573502560852,0.0007644499133471556
1995-06-09,527.9400024414062,-1.3072740115996484,0.006947989650615254,0.0007644499133471556
1995-06-12,530.8800048828125,0.6613205439893715,0.007241451698295475,0.0007644499133471556
1995-06-13,536.0499877929688,1.255395822437093,0.00711086595757645,0.0007644499133471556
1995-06-14,536.469970703125,0.002542019804486374,0.007364406219985869,0.0007644499133471556
1995-06-15,537.1199951171875,0.06313245962309103,0.007072214839187916,0.0007644499133471556
1995-06-16,539.8300170898438,0.6277071927545816,0.006799878719996735,0.0007644499133471556
1995-06-19,545.219970703125,1.374127871684981,0.006673740224721947,0.0007644499133471556
1995-06-20,544.97998046875,-0.17170490160845164,0.007016213280008512,0.0007644499133471556
1995-06-21,543.97998046875,-0.3849886935815315,0.006756212040896151,0.0007644499133471556
1995-06-22,551.0700073242188,1.8598111592307844,0.006551719282516396,0.0007644499133471556
1995-06-23,549.7100219726562,-0.4408922327760146,0.007338300329101116,0.0007644499133471556
1995-06-26,544.1300048828125,-1.540873538890055,0.0071174941882862506,0.0007644499133471556
1995-06-27,542.4299926757812,-0.5105959676054237,0.007625631028600709,0.0007644499133471556
1995-06-28,544.72998046875,0.467576626943528,0.0074142755756378175,0.0007644499133471556
1995-06-29,543.8699951171875,-0.3256979734255552,0.007198185373111104,0.0007644499133471556
1995-06-30,544.75,0.1225627396757357,0.00695386853993459,0.0007644499133471556
1995-07-03,547.0900268554688,0.5262264909905902,0.006692836865271517,0.0007644499133471556
1995-07-05,547.260009765625,-0.0694537549823617,0.006533764016372454,0.0007644499133471556
1995-07-06,553.989990234375,1.8197834118367844,0.006296431301920591,0.0007644499133471556
1995-07-07,556.3699951171875,0.5017949234518402,0.007019727147210775,0.0007644499133471556
1995-07-10,557.1900024414062,0.10362243391141764,0.0068355618955055816,0.0007644499133471556
1995-07-11,554.780029296875,-0.7748600214728968,0.006580617722854006,0.0007644499133471556
1995-07-12,560.8900146484375,1.5604400856512517,0.006529371162584962,0.0007644499133471556
1995-07-13,561.0,-0.08089046853458712,0.007026518486044919,0.0007644499133471556
1995-07-14,559.8900146484375,-0.40618609441106557,0.006757969924629546,0.0007644499133471556
1995-07-17,562.719970703125,0.6521385549584994,0.006558889503802317,0.0007644499133471556
1995-07-18,558.4600219726562,-1.2959555102995282,0.006453563900859438,0.0007644499133471556
1995-07-19,550.97998046875,-2.117300849965836,0.006729799114732098,0.0007644499133471556
1995-07-20,553.5399780273438,0.4951135872938788,0.00781851278734316,0.0007644499133471556
1995-07-21,553.6199951171875,-0.08165408542462914,0.00759184483507481,0.0007644499133471556
1995-07-24,556.6300048828125,0.6391081069402189,0.007287942555023175,0.0007644499133471556
1995-07-25,561.0999755859375,1.012397478981756,0.0071453104149132194,0.0007644499133471556
1995-07-26,561.6099853515625,0.019962767800524847,0.00721761532174529,0.0007644499133471556
1995-07-27,565.219970703125,0.8137068040491805,0.006934809167656398,0.0007644499133471556
1995-07-28,562.9299926757812,-0.7000167514911898,0.006891492932939561,0.0007644499133471556
1995-07-31,562.0599975585938,-0.34022138606974656,0.006792994397277589,0.0007644499133471556
1995-08-01,559.6400146484375,-0.7724416765482218,0.006575648938895696,0.0007644499133471556
1995-08-02,558.7999877929688,-0.3474548577306944,0.006523409775476282,0.0007644499133471556
1995-08-03,558.75,-0.135033823055861,0.006323671388173807,0.0007644499133471556
1995-08-04,558.9400024414062,-0.06953372451370567,0.006104355947778826,0.0007644499133471556
1995-08-07,560.030029296875,0.20079699192001738,0.005895600700621497,0.0007644499133471556
1995-08-08,560.3900146484375,-0.02133671426084468,0.005711277813054284,0.0007644499133471556
1995-08-09,559.7100219726562,-0.3579056556342345,0.005528312334454071,0.0007644499133471556
1995-08-10,557.4500122070312,-0.892056788740178,0.005392533941486778,0.0007644499133471556
1995-08-11,555.1099853515625,-0.9143187948977669,0.00543685543274207,0.0007644499133471556
1995-08-14,559.739990234375,1.3737184086685723,0.0054899584046173445,0.0007644499133471556
1995-08-15,558.5700073242188,-0.4921398206954317,0.00580498276892581,0.0007644499133471556
1995-08-16,559.969970703125,0.30592800176775914,0.005683524015652125,0.0007644499133471556
1995-08-17,559.0399780273438,-0.43894922271531106,0.005528249495194581,0.0007644499133471556
1995-08-18,559.2100219726562,-0.0850921680557995,0.005409720115394241,0.0007644499133471556
1995-08-21,558.1099853515625,-0.5206701761048576,0.005249990218692518,0.0007644499133471556
1995-08-22,559.52001953125,0.34028269980706116,0.005168670010719534,0.0007644499133471556
1995-08-23,557.1400146484375,-0.9947630967473932,0.005053642435725192,0.0007644499133471556
1995-08-24,557.4600219726562,-0.0369037107454757,0.005155030453936421,0.0007644499133471556
1995-08-25,560.0999755859375,0.7900538021553412,0.00501238574631103,0.0007644499133471556
1995-08-28,559.0499877929688,-0.5250778938730549,0.005029449560011551,0.0007644499133471556
1995-08-29,560.0,0.1880940296421754,0.004962629912064575,0.0007644499133471556
1995-08-30,560.9199829101562,0.181107089861692,0.0048425975429949196,0.0007644499133471556
1995-08-31,561.8800048828125,0.1998757621473835,0.00473094055232885,0.0007644499133471556
1995-09-01,563.8400268554688,0.5870738587716726,0.004629414733005348,0.0007644499133471556
1995-09-05,569.1699829101562,1.8778712219365772,0.004603142269544725,0.0007644499133471556
1995-09-06,570.1699829101562,0.1895683284673691,0.005227417725921413,0.0007644499133471556
1995-09-07,570.2899780273438,-0.10888284545304713,0.005088194243105487,0.0007644499133471556
1995-09-08,572.6799926757812,0.6900036200999007,0.004953117405333283,0.0007644499133471556
1995-09-11,573.9099731445312,0.2796569755370085,0.00493822543967532,0.0007644499133471556
1995-09-12,576.510009765625,0.7775439144159476,0.004830222141281387,0.0007644499133471556
1995-09-13,578.77001953125,0.6489392322956542,0.004851060258401068,0.0007644499133471556
1995-09-14,583.6099853515625,1.5662490677360141,0.004828913155420529,0.0007644499133471556
1995-09-15,583.3499755859375,-0.23037786835550694,0.0052525397934984315,0.0007644499133471556
1995-09-18,582.77001953125,-0.3438562368993606,0.0051158777046376395,0.0007644499133471556
1995-09-19,584.2000122070312,0.336924355486451,0.0050050702252673225,0.0007644499133471556
1995-09-20,586.77001953125,0.7396967658347509,0.0049007821971516555,0.0007644499133471556
1995-09-21,583.0,-1.469949587265192,0.004905077785589414,0.0007644499133471556
1995-09-22,581.72998046875,-0.5589584801597239,0.005269170037078149,0.0007644499133471556
1995-09-25,581.8099975585938,-0.12062587856215361,0.005197136424970674,0.0007644499133471556
1995-09-26,581.4099731445312,-0.2873043812761202,0.005054701958139841,0.0007644499133471556
1995-09-27,581.0399780273438,-0.28364319793603654,0.00493940306247157,0.0007644499133471556
1995-09-28,585.8699951171875,1.555077375395963,0.004831849753724833,0.0007644499133471556
1995-09-29,584.4099731445312,-0.6210831958249142,0.005248279488697647,0.0007644499133471556
1995-10-02,581.719970703125,-1.0350646868514222,0.00519582339064502,0.0007644499133471556
1995-10-03,582.3400268554688,0.056629072269908716,0.005313240026500509,0.0007644499133471556
1995-10-04,581.469970703125,-0.437961757379233,0.005159437003417353,0.0007644499133471556
1995-10-05,582.6300048828125,0.24261087741842674,0.005063933883722638,0.0007644499133471556
1995-10-06,582.489990234375,-0.2033096288115154,0.004942184293582681,0.0007644499133471556
1995-10-09,578.3699951171875,-1.6295344385446262,0.004825094232719196,0.0007644499133471556
1995-10-10,577.52001953125,-0.4224623251411589,0.005290734740995305,0.0007644499133471556
1995-10-11,579.4600219726562,0.49949822315477305,0.005183433316966165,0.0007644499133471556
1995-10-12,583.0999755859375,1.077790296525086,0.005100744706987504,0.0007644499133471556
1995-10-13,584.5,0.3116878689130838,0.005241380249381415,0.0007644499133471556
1995-10-16,583.030029296875,-0.6415355672989828,0.005116688365986329,0.0007644499133471556
1995-10-17,586.780029296875,1.1120902401768842,0.005077707801053156,0.0007644499133471556
1995-10-18,587.4400024414062,0.06868585679138438,0.005236229837480146,0.0007644499133471556
1995-10-19,590.6500244140625,0.9207337034559347,0.0050884414228133815,0.0007644499133471556
1995-10-20,587.4600219726562,-1.1987215610292967,0.005155426285943466,0.0007644499133471556
1995-10-23,585.0599975585938,-0.9063991369601576,0.005359938916447685,0.0007644499133471556
1995-10-24,586.5399780273438,0.32558077355634374,0.005411798937680461,0.0007644499133471556
1995-10-25,582.469970703125,-1.4641667176350934,0.005277846880584819,0.0007644499133471556
1995-10-26,576.719970703125,-1.8915603507855925,0.005648908998179512,0.0007644499133471556
1995-10-27,579.7000122070312,0.6880466578903508,0.006379611240472404,0.0007644499133471556
1995-10-30,583.25,0.8481329364976468,0.006297021793614238,0.0007644499133471556
1995-10-31,581.5,-0.5991180218613481,0.006291563128841632,0.0007644499133471556
1995-11-01,584.219970703125,0.6315947347747861,0.00617825321335666,0.0007644499133471556
1995-11-02,589.719970703125,1.4148721733728575,0.006082368767442046,0.0007644499133471556
1995-11-03,590.5700073242188,0.10493834239818789,0.00644127198528727,0.0007644499133471556
1995-11-06,588.4600219726562,-0.6992372917954912,0.006211971628601059,0.0007644499133471556
1995-11-07,586.3200073242188,-0.7177237563699236,0.006141240387519033,0.0007644499133471556
1995-11-08,591.7100219726562,1.3790816282591916,0.006081227489131408,0.0007644499133471556
1995-11-09,593.260009765625,0.2887334329040316,0.006412942458788064,0.0007644499133471556
1995-11-10,592.719970703125,-0.269830972952478,0.006208164871768157,0.0007644499133471556
1995-11-13,592.2999877929688,-0.2450134696348127,0.0060130160301620226,0.0007644499133471556
1995-11-14,589.2899780273438,-1.0056057636480078,0.005826644666232158,0.0007644499133471556
1995-11-15,593.9600219726562,1.205064105781585,0.005916016373046442,0.0007644499133471556
1995-11-16,597.3400268554688,0.8018011390525033,0.006123770974310342,0.0007644499133471556
1995-11-17,600.0700073242188,0.6220220009967564,0.006101660209388404,0.0007644499133471556
1995-11-20,596.8499755859375,-1.0231558761385062,0.006005920215931383,0.0007644499133471556
1995-11-21,600.239990234375,0.8029283487084578,0.006101820201368003,0.0007644499133471556
1995-11-22,598.4000244140625,-0.6305754813806113,0.006081018903118618,0.0007644499133471556
1995-11-24,599.969970703125,0.3098284699729363,0.005989403630931549,0.0007644499133471556
1995-11-27,601.3200073242188,0.25506137139759805,0.005815054952684199,0.0007644499133471556
1995-11-28,606.4500122070312,1.3699105755604173,0.005643145011257695,0.0007644499133471556
1995-11-29,607.6400146484375,0.20069584610149935,0.005958621829423242,0.0007644499133471556
1995-11-30,605.3699951171875,-0.7811405745163248,0.005770078045974818,0.0007644499133471556
1995-12-01,606.97998046875,0.328844683841913,0.0057520352594558595,0.0007644499133471556
1995-12-04,613.6799926757812,1.8250041561462904,0.005596342539067899,0.0007644499133471556
1995-12-05,617.6799926757812,0.9151559868113814,0.0062639097553567015,0.0007644499133471556
1995-12-06,620.1799926757812,0.5202736731474349,0.006294350045462987,0.0007644499133471556
1995-12-07,616.1699829101562,-1.1782824530814313,0.006154148200055986,0.0007644499133471556
1995-12-08,617.47998046875,0.21425081929874698,0.0063445545930451985,0.0007644499133471556
1995-12-11,619.52001953125,0.4131989056917936,0.00613244261605739,0.0007644499133471556
1995-12-12,618.780029296875,-0.32817311985350894,0.005971303154206633,0.0007644499133471556
1995-12-13,621.6900024414062,0.6769427633310784,0.005801502788301397,0.0007644499133471556
1995-12-14,616.9199829101562,-1.4749478238741558,0.005740339941062113,0.0007644499133471556
1995-12-15,616.3400268554688,-0.277953468579493,0.006134030940272519,0.0007644499133471556
1995-12-18,606.8099975585938,-2.749821023687402,0.005944943126631241,0.0007644499133471556
1995-12-19,611.9299926757812,1.0008488033543042,0.00763123437607421,0.0007644499133471556
1995-12-20,605.9400024414062,-1.3787381440698425,0.007689175482544063,0.0007644499133471556
1995-12-21,610.489990234375,0.832920453562578,0.008063761870819731,0.0007644499133471556
1995-12-22,611.9500122070312,0.20305481609008239,0.007999083647369551,0.0007644499133471556
1995-12-26,614.2999877929688,0.39932329295615226,0.007683845803894954,0.0007644499133471556
1995-12-27,614.530029296875,-0.05248305890816264,0.007431779946436616,0.0007644499133471556
1995-12-28,614.1199951171875,-0.20064887016351768,0.007136370812601885,0.0007644499133471556
1995-12-29,615.9299926757812,0.31698304908167074,0.006872664247003588,0.0007644499133471556
1996-01-02,620.72998046875,1.0531031486601103,0.0066455167174663595,0.0007644499133471556
1996-01-03,621.3200073242188,0.027498120817850424,0.0067508496779633475,0.0007644499133471556
1996-01-04,617.7000122070312,-1.0168891275696603,0.006498040128603249,0.0007644499133471556
1996-01-05,616.7100219726562,-0.3598152332906165,0.0065823770747277435,0.0007644499133471556
1996-01-08,618.4600219726562,0.3242235500445298,0.006381923601953095,0.0007644499133471556
1996-01-09,609.4500122070312,-2.496035292150114,0.006185838599590601,0.0007644499133471556
1996-01-10,598.47998046875,-2.4823434415973424,0.007625176193672721,0.0007644499133471556
1996-01-11,602.6900024414062,0.6682375834963701,0.009346148302716625,0.0007644499133471556
1996-01-12,601.8099975585938,-0.24355814693103295,0.009138045775117487,0.0007644499133471556
1996-01-15,599.8200073242188,-0.4650927127128441,0.008765143381977586,0.0007644499133471556
1996-01-16,608.4400024414062,1.5923758235060081,0.008480558374209857,0.0007644499133471556
1996-01-17,606.3699951171875,-0.45757778573457253,0.009118461916666312,0.0007644499133471556
1996-01-18,608.239990234375,0.2626273517007605,0.008813713346973465,0.0007644499133471556
1996-01-19,611.8300170898438,0.6050345549046292,0.008463184887546844,0.0007644499133471556
1996-01-22,613.4000244140625,0.21785149814079005,0.008254923669866496,0.0007644499133471556
1996-01-23,612.7899780273438,-0.22195441965260027,0.007927201895038823,0.0007644499133471556
1996-01-24,619.9600219726562,1.426407913605397,0.007619336204789145,0.0007644499133471556
1996-01-25,617.030029296875,-0.6845026917633089,0.008037590911383057,0.0007644499133471556
1996-01-26,621.6199951171875,0.8427536524929053,0.007887029869169757,0.0007644499133471556
1996-01-29,624.219970703125,0.43524667676419554,0.007833276985066757,0.0007644499133471556
1996-01-30,630.1500244140625,1.1458214824688422,0.007584647210824335,0.0007644499133471556
1996-01-31,636.02001953125,1.097346441678227,0.007752943675657273,0.0007644499133471556
1996-02-01,638.4600219726562,0.38877983627388063,0.007882536084403001,0.0007644499133471556
1996-02-02,635.8400268554688,-0.6402456584715929,0.007616622379155676,0.0007644499133471556
1996-02-05,641.4299926757812,1.070762152476634,0.007460663322792405,0.0007644499133471556
1996-02-06,646.3300170898438,0.9041742506839597,0.007571260025465397,0.0007644499133471556
1996-02-07,649.9299926757812,0.6332250806726829,0.007564400149869775,0.0007644499133471556
1996-02-08,656.0700073242188,1.1661911570788754,0.00740736049387763,0.0007644499133471556
1996-02-09,656.3699951171875,-0.04048026362737436,0.0075914711190734575,0.0007644499133471556
1996-02-12,661.4500122070312,0.9532786539253745,0.007285714967134166,0.0007644499133471556
1996-02-13,660.510009765625,-0.29885589357573805,0.007316518246849974,0.0007644499133471556
1996-02-14,655.5800170898438,-1.1695610688218177,0.00705936846337711,0.0007644499133471556
1996-02-15,651.3200073242188,-1.0053453364738534,0.00724500484973891,0.0007644499133471556
1996-02-16,647.97998046875,-0.8077661865976596,0.0073111905596694535,0.0007644499133471556
1996-02-20,640.6500244140625,-1.6739311309624567,0.0072529431836297256,0.0007644499133471556
1996-02-21,648.0999755859375,1.366162076036685,0.007903303697013237,0.0007644499133471556
1996-02-22,658.8599853515625,1.8981814488418884,0.008271932558103956,0.0007644499133471556
1996-02-23,659.0800170898438,-0.04641148587340483,0.009276742401995709,0.0007644499133471556
1996-02-26,650.4600219726562,-1.5704166674737399,0.008869977401218808,0.0007644499133471556
1996-02-27,647.239990234375,-0.602592735013035,0.009504155656898685,0.0007644499133471556
1996-02-28,644.75,-0.4992404879984545,0.009251971157054182,0.0007644499133471556
1996-02-29,640.4299926757812,-0.8357486508816322,0.008958770506603627,0.0007644499133471556
1996-03-01,644.3699951171875,0.6050697650444313,0.00887306521180704,0.0007644499133471556
1996-03-04,650.8099975585938,1.0615595224794905,0.008647842504232067,0.0007644499133471556
1996-03-05,655.7899780273438,0.7843045402507873,0.008744556218538159,0.0007644499133471556
1996-03-06,652.0,-0.7602466517753826,0.008629397062972133,0.0007644499133471556
1996-03-07,653.6500244140625,0.20736442725463936,0.008502256349217861,0.0007644499133471556
1996-03-08,633.5,-3.931731567973027,0.00815837168835972,0.0007644499133471556
1996-03-11,640.02001953125,0.7532633354842176,0.012578611305220198,0.0007644499133471556
1996-03-12,637.0900268554688,-0.4340609466159183,0.012332211196645017,0.0007644499133471556
1996-03-13,638.5499877929688,0.1284849168031757,0.011865493012903142,0.0007644499133471556
1996-03-14,640.8699951171875,0.2528476201735457,0.011319896466406265,0.0007644499133471556
1996-03-15,641.4299926757812,0.010061667669136257,0.010830898087143125,0.0007644499133471556
1996-03-18,652.6500244140625,1.6041107152754857,0.010333786651859689,0.0007644499133471556
1996-03-19,651.6900024414062,-0.20145190426502327,0.01110186910704635,0.0007644499133471556
1996-03-20,649.97998046875,-0.3196370871125552,0.010611657397696393,0.0007644499133471556
1996-03-21,649.1900024414062,-0.19454795709202038,0.010180406777916566,0.0007644499133471556
1996-03-22,650.6199951171875,0.14742909732503065,0.009739334502713703,0.0007644499133471556
1996-03-25,650.0399780273438,-0.1778114293316776,0.009315099598870266,0.0007644499133471556
1996-03-26,652.969970703125,0.4184956161818501,0.0089196298203307,0.0007644499133471556
1996-03-27,648.9099731445312,-0.8132303902685919,0.008609615093284138,0.0007644499133471556
1996-03-28,648.9400024414062,-0.08431851330800359,0.00851739948378288,0.0007644499133471556
1996-03-29,645.5,-0.7452574711163552,0.008157591344991276,0.0007644499133471556
1996-04-01,653.72998046875,1.481325660468983,0.0080365394443346,0.0007644499133471556
1996-04-02,655.260009765625,0.1845055307627722,0.008526986269558149,0.0007644499133471556
1996-04-03,655.8800048828125,0.022167576506591225,0.008177915696505634,0.0007644499133471556
1996-04-04,655.8599853515625,-0.10145433015608857,0.007835777333192203,0.0007644499133471556
1996-04-08,644.239990234375,-2.4793499305698763,0.007518287980928648,0.0007644499133471556
1996-04-09,642.1900024414062,-0.42892625823778974,0.00921265206681985,0.0007644499133471556
1996-04-10,633.5,-1.6181729572422832,0.008891919711400121,0.0007644499133471556
1996-04-11,631.1799926757812,-0.4624457694182736,0.009586806108180225,0.0007644499133471556
1996-04-12,636.7100219726562,0.859327757652918,0.009261664902003178,0.0007644499133471556
1996-04-15,642.489990234375,0.9005327572715401,0.009186184370108647,0.0007644499133471556
1996-04-16,645.0,0.3428062876939587,0.009144026083208967,0.0007644499133471556
1996-04-17,641.6099853515625,-0.6859376285127181,0.008796932582918623,0.0007644499133471556
1996-04-18,643.6099853515625,0.27239918273740754,0.008619189921068422,0.0007644499133471556
1996-04-19,645.0700073242188,0.18129790622039438,0.00828178147393803,0.0007644499133471556
1996-04-22,647.8900146484375,0.45273076062620377,0.007946560013370867,0.0007644499133471556
1996-04-23,651.5800170898438,0.6384466390142917,0.007698070799870904,0.0007644499133471556
1996-04-24,650.1699829101562,-0.38881214743580644,0.007537876246685763,0.0007644499133471556
1996-04-25,652.8699951171875,0.4635701512948297,0.007290654975726397,0.0007644499133471556
1996-04-26,653.4600219726562,0.01961751440648909,0.007079653937404942,0.0007644499133471556
1996-04-29,654.1599731445312,0.044981076308399114,0.006805594071688355,0.0007644499133471556
1996-04-30,654.1699829101562,-0.11437967810743549,0.00654966278709533,0.0007644499133471556
1996-05-01,654.5800170898438,-0.021831957540599883,0.006313937104968675,0.0007644499133471556
1996-05-02,643.3800048828125,-2.959507558418121,0.0060897791970901125,0.0007644499133471556
1996-05-03,641.6300048828125,-0.4318603958405848,0.00807706801187664,0.0007644499133471556
1996-05-06,640.8099975585938,-0.2614659794127526,0.00781468310417512,0.0007644499133471556
1996-05-07,638.260009765625,-0.631811733779826,0.007520765813524222,0.0007644499133471556
1996-05-08,644.77001953125,1.2740805768396906,0.007364922959738811,0.0007644499133471556
1996-05-09,645.4400024414062,0.03588990012444007,0.007637644207098795,0.0007644499133471556
1996-05-10,652.0900268554688,1.2943179925569441,0.007328895979781083,0.0007644499133471556
1996-05-13,661.510009765625,1.7822758419866402,0.007618369016839307,0.0007644499133471556
1996-05-14,665.5999755859375,0.641491894264403,0.008416766604218863,0.0007644499133471556
1996-05-15,665.4199829101562,-0.1257645736120484,0.008228932460522958,0.0007644499133471556
1996-05-16,664.8499755859375,-0.20550663399690697,0.007889915077876043,0.0007644499133471556
1996-05-17,668.9099731445312,0.7021836008866464,0.007581517541365058,0.0007644499133471556
1996-05-20,673.1500244140625,0.744809948173708,0.007457327888296398,0.0007644499133471556
1996-05-21,672.760009765625,-0.18261282317156394,0.007359862295738096,0.0007644499133471556
1996-05-22,678.4199829101562,1.075341381040231,0.007080004387859288,0.0007644499133471556
1996-05-23,676.0,-0.6027806842737854,0.00719650441381224,0.0007644499133471556
1996-05-24,678.510009765625,0.4177286455864994,0.007042145726297164,0.0007644499133471556
1996-05-28,672.22998046875,-1.4732917976371704,0.006830396440688609,0.0007644499133471556
1996-05-29,667.9299926757812,-0.9887872339890148,0.007263036799726197,0.0007644499133471556
1996-05-30,671.7000122070312,0.6646867053807556,0.007317754112424041,0.0007644499133471556
1996-05-31,669.1199951171875,-0.6419614084248602,0.007185589906281249,0.0007644499133471556
1996-06-03,667.6799926757812,-0.41410369004499764,0.007048604136674229,0.0007644499133471556
1996-06-04,672.5599975585938,0.9535367878017094,0.006835465074307692,0.0007644499133471556
1996-06-05,678.4400024414062,1.1549484710964646,0.006875004115370101,0.0007644499133471556
1996-06-06,673.030029296875,-1.2441478509190516,0.007049443363978537,0.0007644499133471556
1996-06-07,673.3099975585938,-0.04779188689424202,0.0072931747352994215,0.0007644499133471556
1996-06-10,672.1599731445312,-0.3531013999906546,0.00700627774825115,0.0007644499133471556
1996-06-11,670.969970703125,-0.37413271385996144,0.0067795046162031445,0.0007644499133471556
1996-06-12,669.0399780273438,-0.5547163719190171,0.006570955512425273,0.0007644499133471556
1996-06-13,667.9199829101562,-0.379575653149998,0.00642793030907107,0.0007644499133471556
1996-06-14,665.8499755859375,-0.6198223963274129,0.006241218376759073,0.0007644499133471556
1996-06-17,665.1599731445312,-0.29346326498208114,0.006137941491032662,0.0007644499133471556
1996-06-18,662.0599975585938,-0.9133943079101462,0.005951252518307661,0.0007644499133471556
1996-06-19,661.9600219726562,-0.1528569647351308,0.005989050968757991,0.0007644499133471556
1996-06-20,662.0999755859375,-0.09545957870624974,0.00579354327551574,0.0007644499133471556
1996-06-21,666.8400268554688,1.1358743282684471,0.005607277340093072,0.0007644499133471556
1996-06-24,668.8499755859375,0.3888908535423036,0.005773229053047338,0.0007644499133471556
1996-06-25,668.47998046875,-0.23413827079102678,0.005628229841032245,0.0007644499133471556
1996-06-26,664.3900146484375,-1.262633107722038,0.005465998414034526,0.0007644499133471556
1996-06-27,668.5499877929688,0.9594823152245293,0.005708673627040529,0.0007644499133471556
1996-06-28,670.6300048828125,0.4054416734632462,0.005776309659131093,0.0007644499133471556
1996-07-01,675.8800048828125,1.2482313088824466,0.005634794115267466,0.0007644499133471556
1996-07-02,673.6099853515625,-0.7034391498089712,0.005869329214676942,0.0007644499133471556
1996-07-03,672.4000244140625,-0.44061710136431376,0.005815250337692998,0.0007644499133471556
1996-07-05,657.4400024414062,-4.096046609482034,0.005679715375842067,0.0007644499133471556
1996-07-08,652.5399780273438,-0.9143620745043665,0.009017819816091698,0.0007644499133471556
1996-07-09,654.75,0.29107310737335845,0.008989587429370494,0.0007644499133471556
1996-07-10,656.0599975585938,0.14292269869893504,0.008636214995606205,0.0007644499133471556
1996-07-11,645.6699829101562,-2.021529801477841,0.008275012060776075,0.0007644499133471556
1996-07-12,646.1900024414062,0.00429989788731699,0.009447008192521427,0.0007644499133471556
1996-07-15,629.7999877929688,-2.929983143498428,0.009029315629757445,0.0007644499133471556
1996-07-16,628.3699951171875,-0.2561353955563284,0.011859282520584151,0.0007644499133471556
1996-07-17,634.0700073242188,0.7287237893052526,0.011342792725782392,0.0007644499133471556
1996-07-18,643.5599975585938,1.2682604033465632,0.011110840526496862,0.0007644499133471556
1996-07-19,638.72998046875,-0.7248359035035244,0.011447983698964074,0.0007644499133471556
1996-07-22,633.77001953125,-0.7636294459864601,0.011209763901557193,0.0007644499133471556
1996-07-23,626.8699951171875,-1.0637168883197476,0.01100990181593398,0.0007644499133471556
1996-07-24,626.6500244140625,-0.10047134969616567,0.011101818806603358,0.0007644499133471556
1996-07-25,631.1699829101562,0.6061937154103312,0.010594885289622833,0.0007644499133471556
1996-07-26,635.9000244140625,0.6505335350015409,0.010301842385940738,0.0007644499133471556
1996-07-29,630.9099731445312,-0.860134822169324,0.010047991663041055,0.0007644499133471556
1996-07-30,635.260009765625,0.6133686921182565,0.009956084147553229,0.0007644499133471556
1996-07-31,639.9500122070312,0.6800563922992422,0.009692193552077183,0.0007644499133471556
1996-08-01,650.02001953125,1.5664687125473917,0.00947905584400066,0.0007644499133471556
1996-08-02,662.489990234375,1.7980367682797411,0.010143194722267088,0.0007644499133471556
1996-08-05,660.22998046875,-0.37372435983055396,0.0111891796445069,0.0007644499133471556
1996-08-06,662.3800048828125,0.2313495878733205,0.010748829422694369,0.0007644499133471556
1996-08-07,664.1599731445312,0.1866045267032198,0.010284730171981058,0.0007644499133471556
1996-08-08,662.5900268554688,-0.3183150045598895,0.00983634298289242,0.0007644499133471556
1996-08-09,662.0999755859375,-0.15926924758700234,0.00944515718131597,0.0007644499133471556
1996-08-12,665.77001953125,0.5269472785708178,0.009039386119214444,0.0007644499133471556
1996-08-13,660.2000122070312,-1.0453156469347253,0.00876855418473189,0.0007644499133471556
1996-08-14,662.0499877929688,0.2297871714703643,0.008850692195659586,0.0007644499133471556
1996-08-15,662.280029296875,-0.04911539299980385,0.00849106073702286,0.0007644499133471556
1996-08-16,665.2100219726562,0.44889391606418644,0.008130856289056763,0.0007644499133471556
1996-08-19,666.5800170898438,0.16425077750849468,0.007871651251273386,0.0007644499133471556
1996-08-20,665.6900024414062,-0.2779063895667001,0.0075584357676409955,0.0007644499133471556
1996-08-21,665.0700073242188,-0.23291156448896363,0.00728276850538875,0.0007644499133471556
1996-08-22,670.6799926757812,1.0884181785015956,0.007015091349824981,0.0007644499133471556
1996-08-23,667.030029296875,-0.8712030294549155,0.007141269618261125,0.0007644499133471556
1996-08-26,663.8800048828125,-0.7717339568651043,0.007124344592772997,0.0007644499133471556
1996-08-27,666.4000244140625,0.428816534408951,0.007052573128321743,0.0007644499133471556
1996-08-28,664.8099975585938,-0.46077435504157727,0.006843470114005459,0.0007644499133471556
1996-08-29,657.4000244140625,-1.799022083881057,0.006655300969845362,0.0007644499133471556
1996-08-30,651.989990234375,-1.22179244774638,0.007389093695808721,0.0007644499133471556
1996-09-03,654.719970703125,0.44813307438077205,0.007618181853361121,0.0007644499133471556
1996-09-04,655.6099853515625,0.08043438188635164,0.007385015089290625,0.0007644499133471556
1996-09-05,649.4400024414062,-1.4406891569780003,0.0070938763072587495,0.0007644499133471556
1996-09-06,655.6799926757812,1.1719749501173904,0.007506941267007381,0.0007644499133471556
1996-09-09,663.760009765625,1.4921024452050857,0.00769608635925152,0.0007644499133471556
1996-09-10,663.8099975585938,-0.08421831813945055,0.00818281252945241,0.0007644499133471556
1996-09-11,667.280029296875,0.5673033731707641,0.00784303753912033,0.0007644499133471556
1996-09-12,671.1500244140625,0.6564924155764805,0.007644343543675476,0.0007644499133471556
1996-09-13,680.5399780273438,1.7517605983938525,0.007494987142716062,0.0007644499133471556
1996-09-16,683.97998046875,0.5186139500382025,0.008248198056549489,0.0007644499133471556
1996-09-17,682.9400024414062,-0.2853989354279585,0.008010146314679615,0.0007644499133471556
1996-09-18,681.469970703125,-0.37863150231235243,0.007710068543394087,0.0007644499133471556
1996-09-19,683.0,0.19840501280207903,0.007450532637941344,0.0007644499133471556
1996-09-20,687.030029296875,0.714168374723144,0.007167346988488545,0.0007644499133471556
1996-09-23,686.47998046875,-0.22157504338948822,0.007064824972258663,0.0007644499133471556
1996-09-24,685.6099853515625,-0.298532259951728,0.006808582045036062,0.0007644499133471556
1996-09-25,685.8300170898438,-0.06739721529551587,0.006581473208765268,0.0007644499133471556
1996-09-26,685.8599853515625,-0.11366705256093271,0.006340927398095891,0.0007644499133471556
1996-09-27,686.1900024414062,-0.04631489971033931,0.00611882909822379,0.0007644499133471556
1996-09-30,687.3300170898438,0.15157348065347917,0.005908291596344911,0.0007644499133471556
1996-10-01,689.0800170898438,0.31101078617901146,0.005718124400161811,0.0007644499133471556
1996-10-02,694.010009765625,1.1444010438323962,0.005561454560030071,0.0007644499133471556
1996-10-03,692.780029296875,-0.44277527051154447,0.005732711419284981,0.0007644499133471556
1996-10-04,701.4600219726562,2.0859630918726104,0.005602653250692346,0.0007644499133471556
1996-10-07,703.3400268554688,0.2938345420319846,0.0065073905719405176,0.0007644499133471556
1996-10-08,700.6400146484375,-0.7321204077063285,0.006297708023621601,0.0007644499133471556
1996-10-09,696.739990234375,-1.0174619022346572,0.0062374561317968084,0.0007644499133471556
1996-10-10,694.6099853515625,-0.6048212733406948,0.00632622244281931,0.0007644499133471556
1996-10-11,700.6599731445312,1.2727110095967213,0.00621330669816583,0.0007644499133471556
1996-10-14,703.5399780273438,0.5159094698909165,0.006469241030456553,0.0007644499133471556
1996-10-15,702.5700073242188,-0.33934390001590437,0.006318373152704861,0.0007644499133471556
1996-10-16,704.4099731445312,0.30199910394869645,0.006129270390116178,0.0007644499133471556
1996-10-17,706.989990234375,0.4864078581899935,0.005944646810679445,0.0007644499133471556
1996-10-18,710.8200073242188,0.7978302199510461,0.005813625201549864,0.0007644499133471556
1996-10-21,709.8499755859375,-0.36717840897428355,0.005801124585751828,0.0007644499133471556
1996-10-22,706.5700073242188,-0.955047083405338,0.005649782266613054,0.0007644499133471556
1996-10-23,707.27001953125,0.03949495099456882,0.005716641428753876,0.0007644499133471556
1996-10-24,702.2899780273438,-1.4150935939441818,0.005533607840591411,0.0007644499133471556
1996-10-25,700.9199829101562,-0.46225593170866275,0.005877932798645318,0.0007644499133471556
1996-10-28,697.260009765625,-1.044494445801314,0.005744215229782476,0.0007644499133471556
1996-10-29,701.5,0.904654439721054,0.00585645405360498,0.0007644499133471556
1996-10-30,700.9000244140625,-0.27494074588069073,0.005892510082298872,0.0007644499133471556
1996-10-31,705.27001953125,0.953225111572705,0.005718510342502408,0.0007644499133471556
1996-11-01,703.77001953125,-0.5003811551293985,0.005782711458394322,0.0007644499133471556
1996-11-04,706.72998046875,0.6059503366710545,0.00566481092768119,0.0007644499133471556
1996-11-05,714.1400146484375,1.7305563818860776,0.005585441920537023,0.0007644499133471556
1996-11-06,724.5900268554688,2.229652180746665,0.0061724976005213565,0.0007644499133471556
1996-11-07,727.6500244140625,0.4722067168336542,0.007305555308396776,0.0007644499133471556
1996-11-08,730.8200073242188,0.5048236820477255,0.007096645270078171,0.0007644499133471556
1996-11-11,731.8699951171875,0.09714674699273902,0.00690959374989949,0.0007644499133471556
1996-11-12,729.5599975585938,-0.5903825170450336,0.006649479515145274,0.0007644499133471556
1996-11-13,731.1300048828125,0.21260154953394345,0.006515615405498313,0.0007644499133471556
1996-11-14,735.8800048828125,0.9076636010567161,0.00629234165478606,0.0007644499133471556
1996-11-15,737.6199951171875,0.2528105966656544,0.006318017272041625,0.0007644499133471556
1996-11-18,737.02001953125,-0.25815995354875537,0.006113166471852428,0.0007644499133471556
1996-11-19,742.1599731445312,1.0444189590182054,0.005922251630166685,0.0007644499133471556
1996-11-20,743.9500122070312,0.27265774880819316,0.006031655496630297,0.0007644499133471556
1996-11-21,742.75,-0.4067493573252486,0.005848270464105521,0.0007644499133471556
1996-11-22,748.72998046875,1.2721186306114012,0.005702650186178228,0.0007644499133471556
1996-11-25,757.030029296875,1.7234824342401835,0.005953097955567639,0.0007644499133471556
1996-11-26,755.9600219726562,-0.33213925639392206,0.006560132683831026,0.0007644499133471556
1996-11-27,755.0,-0.320257096618751,0.006354876998961657,0.0007644499133471556
1996-11-29,757.02001953125,0.30967627670845355,0.0061596575165026625,0.0007644499133471556
1996-12-02,756.5599975585938,-0.22969344065394257,0.005974525859545655,0.0007644499133471556
1996-12-03,748.280029296875,-2.033151255760163,0.005788556423082426,0.0007644499133471556
1996-12-04,745.0999755859375,-0.7535882880356699,0.006665872907748644,0.0007644499133471556
1996-12-05,744.3800048828125,-0.2622511298568885,0.006601271905834011,0.0007644499133471556
1996-12-06,739.5999755859375,-1.1295383094023923,0.006380170589420409,0.0007644499133471556
1996-12-09,749.760009765625,1.969979700683182,0.0065377587004925505,0.0007644499133471556
1996-12-10,747.5399780273438,-0.5014345649562169,0.007438322710289088,0.0007644499133471556
1996-12-11,740.72998046875,-1.3709787230029113,0.007232844560903333,0.0007644499133471556
1996-12-12,729.2999877929688,-2.1503404384660265,0.007587383108468294,0.0007644499133471556
1996-12-13,728.6400146484375,-0.18889641333559296,0.008839766498774144,0.0007644499133471556
1996-12-16,720.97998046875,-1.337480557147682,0.0084733062268899,0.0007644499133471556
1996-12-17,726.0399780273438,0.7055711677307874,0.008828675652180783,0.0007644499133471556
1996-12-18,731.5399780273438,0.7830537789618227,0.00866139963274506,0.0007644499133471556
1996-12-19,745.760009765625,2.162826240123036,0.008547854827187052,0.0007644499133471556
1996-12-20,748.8699951171875,0.34103434996493104,0.009961171206298467,0.0007644499133471556
1996-12-23,746.9199829101562,-0.35230117196263144,0.00957074767584527,0.0007644499133471556
1996-12-24,751.030029296875,0.513142303639106,0.009204318754455033,0.0007644499133471556
1996-12-26,755.8200073242188,0.627063506832501,0.008919631896144682,0.0007644499133471556
1996-12-27,756.7899780273438,0.05951874785436721,0.008704196716628632,0.0007644499133471556
1996-12-30,753.8499755859375,-0.5589267201692655,0.008331768712969896,0.0007644499133471556
1996-12-31,740.739990234375,-2.258212994042289,0.008107363412152638,0.0007644499133471556
1997-01-02,737.010009765625,-0.6060146627479989,0.009591598602641345,0.0007644499133471556
1997-01-03,748.030029296875,1.50754558020431,0.009337826789661725,0.0007644499133471556
1997-01-06,747.6500244140625,-0.1282979980677843,0.009918989662507262,0.0007644499133471556
1997-01-07,753.22998046875,0.7035617692723086,0.009481986958336354,0.0007644499133471556
1997-01-08,748.4099731445312,-0.7732256579139974,0.009291116625723968,0.0007644499133471556
1997-01-09,754.8499755859375,0.8526133500816363,0.00915262644061105,0.0007644499133471556
1997-01-10,759.5,0.592517947873713,0.009074578197948779,0.0007644499133471556
1997-01-13,759.510009765625,-0.08503819367544595,0.00883450779953024,0.0007644499133471556
1997-01-14,768.8599853515625,1.3565484175370635,0.008455966508546756,0.0007644499133471556
1997-01-15,767.2000122070312,-0.33132627730923375,0.00883053924936897,0.0007644499133471556
1997-01-16,769.75,0.30056127088183615,0.008496761420376735,0.0007644499133471556
1997-01-17,776.1699829101562,0.9227155756600222,0.008172951468649457,0.0007644499133471556
1997-01-20,776.7000122070312,-0.010017209212339876,0.008166457011311112,0.0007644499133471556
1997-01-21,782.719970703125,0.8890073721927363,0.007824855891284687,0.0007644499133471556
1997-01-22,786.22998046875,0.47547815384927605,0.0078024617429865014,0.0007644499133471556
1997-01-23,777.5599975585938,-1.5659178416891466,0.0075693544650088295,0.0007644499133471556
1997-01-24,770.52001953125,-1.2133476131947678,0.008125965896426071,0.0007644499133471556
1997-01-27,765.02001953125,-0.9488807460838747,0.008355195404844258,0.0007644499133471556
1997-01-28,765.02001953125,-0.0913908917301252,0.008364618167908407,0.0007644499133471556
1997-01-29,772.5,1.1186748140235838,0.00801444346484036,0.0007644499133471556
1997-01-30,784.1699829101562,1.7435968945752847,0.008160919043210731,0.0007644499133471556
1997-01-31,786.1599731445312,0.19757942237643183,0.008958616101589163,0.0007644499133471556
1997-02-03,786.72998046875,-0.004618715183510334,0.00858681386611932,0.0007644499133471556
1997-02-04,789.260009765625,0.2976042490152114,0.008219876976446803,0.0007644499133471556
1997-02-05,778.280029296875,-1.8675614038431487,0.007910779064192243,0.0007644499133471556
1997-02-06,780.1500244140625,0.18501919045919443,0.008839061599870815,0.0007644499133471556
1997-02-07,789.5599975585938,1.3249670191834255,0.008472010944842168,0.0007644499133471556
1997-02-10,785.4299926757812,-0.6817073606705304,0.008814553364630284,0.0007644499133471556
1997-02-11,789.5900268554688,0.5233061666986242,0.008633718840902516,0.0007644499133471556
1997-02-12,802.77001953125,1.8843042787635784,0.00837973155393579,0.0007644499133471556
1997-02-13,811.8200073242188,1.113944011108835,0.009377426845329401,0.0007644499133471556
1997-02-14,808.47998046875,-0.5133083429256755,0.009520948428733734,0.0007644499133471556
1997-02-18,816.2899780273438,0.959586063809558,0.00922198654317424,0.0007644499133471556
1997-02-19,812.489990234375,-0.588542259314867,0.009227056302855675,0.0007644499133471556
1997-02-20,802.7999877929688,-1.4214317118106414,0.008978583006947679,0.0007644499133471556
1997-02-21,801.77001953125,-0.21695091046756884,0.009441046231983455,0.0007644499133471556
1997-02-24,810.280029296875,1.0826963191618857,0.009045606751629732,0.0007644499133471556
1997-02-25,812.030029296875,0.15207562308286138,0.009159708353611403,0.0007644499133471556
1997-02-26,805.6799926757812,-0.9824236845537471,0.008769270499283988,0.0007644499133471556
1997-02-27,795.0700073242188,-1.5934734125344778,0.008798961907728184,0.0007644499133471556
1997-02-28,790.8200073242188,-0.6475660245515438,0.009457304588067442,0.0007644499133471556
1997-03-03,795.3099975585938,0.5304090764358801,0.009232744888947961,0.0007644499133471556
1997-03-04,790.9500122070312,-0.6992461613708356,0.00895486148809722,0.0007644499133471556
1997-03-05,801.989990234375,1.4917777887088053,0.008779395223552349,0.0007644499133471556
1997-03-06,798.5599975585938,-0.5421971646742733,0.009314829295445,0.0007644499133471556
1997-03-07,804.969970703125,0.7999123270517361,0.009039016435284342,0.0007644499133471556
1997-03-10,813.6500244140625,1.1159364319640661,0.008926050503575138,0.0007644499133471556
1997-03-11,811.3400268554688,-0.39771231126927725,0.009070735430467118,0.0007644499133471556
1997-03-12,804.260009765625,-1.0895854957929336,0.008745594259356268,0.0007644499133471556
1997-03-13,789.5599975585938,-2.1667379858389246,0.008866432852105482,0.0007644499133471556
1997-03-14,793.1699829101562,0.367451702076309,0.01033408685835862,0.0007644499133471556
1997-03-17,795.7100219726562,0.24490037158561656,0.00993392798210578,0.0007644499133471556
1997-03-18,789.6599731445312,-0.8822621843954258,0.009517393429615712,0.0007644499133471556
1997-03-19,785.77001953125,-0.6031870548238135,0.009454339801737943,0.0007644499133471556
1997-03-20,782.6500244140625,-0.5152893632082438,0.009204488433264704,0.0007644499133471556
1997-03-21,784.0999755859375,0.12178903924102132,0.008920783557808962,0.0007644499133471556
1997-03-24,790.8900146484375,0.9200777385329834,0.008540506742534476,0.0007644499133471556
1997-03-25,789.0700073242188,-0.3599080721629234,0.008525276877288102,0.0007644499133471556
1997-03-26,790.5,0.12732798101431939,0.00821626665759655,0.0007644499133471556
1997-03-27,773.8800048828125,-2.7942135213349646,0.007878165814811804,0.0007644499133471556
1997-03-31,757.1199951171875,-2.2348609430663218,0.01013912037913654,0.0007644499133471556
1997-04-01,759.6400146484375,0.21455590708119318,0.011924403993910971,0.0007644499133471556
1997-04-02,750.1099853515625,-1.1752208388200889,0.011392976269970965,0.0007644499133471556
1997-04-03,750.3200073242188,-0.04170697874487089,0.011616781649434497,0.0007644499133471556
1997-04-04,757.9000244140625,0.8384723944348244,0.011076382737118211,0.0007644499133471556
1997-04-07,762.1300048828125,0.4387147408637467,0.010943827105682006,0.0007644499133471556
1997-04-08,766.1199951171875,0.4227263994454934,0.010543954521641457,0.0007644499133471556
1997-04-09,760.5999755859375,-0.7873014790929259,0.010155824409038455,0.0007644499133471556
1997-04-10,758.3400268554688,-0.3738862631675865,0.010003427183472295,0.0007644499133471556
1997-04-11,737.6500244140625,-2.954250347112566,0.009622349297870621,0.0007644499133471556
1997-04-14,743.72998046875,0.5870264588916756,0.012681028246688715,0.0007644499133471556
1997-04-15,754.719970703125,1.1308835383929032,0.012295069166357833,0.0007644499133471556
1997-04-16,763.530029296875,0.8693605878671898,0.012470342580625758,0.0007644499133471556
1997-04-17,761.77001953125,-0.24897416017901797,0.012339458863771392,0.0007644499133471556
1997-04-18,766.3400268554688,0.44226681815330615,0.011795644426683509,0.0007644499133471556
1997-04-21,760.3699951171875,-0.7558854020390515,0.011357898870537486,0.0007644499133471556
1997-04-22,774.6099853515625,1.595873314463818,0.011147537468131987,0.0007644499133471556
1997-04-23,773.6400146484375,-0.1687533636386458,0.011954960780931922,0.0007644499133471556
1997-04-24,771.1799926757812,-0.3460814114442679,0.011411529123028665,0.0007644499133471556
1997-04-25,765.3699951171875,-0.7605105466819245,0.010949064612761145,0.0007644499133471556
1997-04-28,772.9600219726562,0.846529359407371,0.010753919597123936,0.0007644499133471556
1997-04-29,794.0499877929688,2.4591970655113595,0.010635437641109175,0.0007644499133471556
1997-04-30,801.3400268554688,0.6469256415520944,0.012945064004835144,0.0007644499133471556
1997-05-01,798.530029296875,-0.33958319898657185,0.012595545883427626,0.0007644499133471556
1997-05-02,812.969970703125,1.4212971031312724,0.012071472197875355,0.0007644499133471556
1997-05-05,830.2899780273438,1.6054384964476147,0.012654728638020236,0.0007644499133471556
1997-05-06,827.760009765625,-0.2811070279649911,0.0135755827190563,0.0007644499133471556
1997-05-07,815.6199951171875,-1.1972580314228176,0.01297896056022791,0.0007644499133471556
1997-05-08,820.260009765625,0.37039308513069924,0.013251788771808121,0.0007644499133471556
1997-05-09,824.780029296875,0.37222943403195896,0.01270961993762875,0.0007644499133471556
1997-05-12,837.6599731445312,1.2080170746488852,0.012194437427523417,0.0007644499133471556
1997-05-13,833.1300048828125,-0.49611159320791903,0.012471004286961995,0.0007644499133471556
1997-05-14,836.0399780273438,0.22623195228170964,0.01203315593246547,0.0007644499133471556
1997-05-15,841.8800048828125,0.5388833106084966,0.011498982223655845,0.0007644499133471556
1997-05-16,829.75,-1.3728596042905818,0.011128225593046062,0.0007644499133471556
1997-05-19,833.27001953125,0.2988915355184108,0.01160568906666977,0.0007644499133471556
1997-05-20,841.6599731445312,0.8324769499177291,0.011116112774547004,0.0007644499133471556
1997-05-21,839.3499755859375,-0.32000354002811066,0.01097736775550879,0.0007644499133471556
1997-05-22,835.6599731445312,-0.4911387864630534,0.0105273785708446,0.0007644499133471556
1997-05-23,847.030029296875,1.253401150651525,0.010172240674863206,0.0007644499133471556
1997-05-27,849.7100219726562,0.22864568365652657,0.010472723422111956,0.0007644499133471556
1997-05-28,847.2100219726562,-0.37024714478455545,0.010022945168733435,0.0007644499133471556
1997-05-29,844.0800170898438,-0.4632765317100096,0.009639548451664795,0.0007644499133471556
1997-05-30,848.280029296875,0.4509167202723635,0.009312268374589159,0.0007644499133471556
1997-06-02,846.3599853515625,-0.336890397534951,0.008995420298906452,0.0007644499133471556
1997-06-03,845.47998046875,-0.2085339783538708,0.008654432779999378,0.0007644499133471556
1997-06-04,840.1099853515625,-0.8595681257767929,0.00830198538863549,0.0007644499133471556
1997-06-05,843.4299926757812,0.3854652536742274,0.008248821792703332,0.0007644499133471556
1997-06-06,858.010009765625,2.0564822290637035,0.007962341401253605,0.0007644499133471556
1997-06-09,862.9099731445312,0.5393020924640984,0.009141725010214086,0.0007644499133471556
1997-06-10,865.27001953125,0.22168295947561292,0.008872140940758284,0.0007644499133471556
1997-06-11,869.5700073242188,0.4927055551807004,0.008509698195496967,0.0007644499133471556
1997-06-12,883.4600219726562,1.8285299069767451,0.008248564130070673,0.0007644499133471556
1997-06-13,893.27001953125,1.1220533853072585,0.009160364166158013,0.0007644499133471556
1997-06-16,893.9000244140625,-0.006381448859944135,0.009311235595955696,0.0007644499133471556
1997-06-17,894.4199829101562,-0.02055218217222452,0.008901483757606653,0.0007644499133471556
1997-06-18,889.0599975585938,-0.7955806423441991,0.00851600944266971,0.0007644499133471556
1997-06-19,897.989990234375,1.0968473819327949,0.008414798350695377,0.0007644499133471556
1997-06-20,898.7000122070312,0.003033866310943066,0.00854250766504539,0.0007644499133471556
1997-06-23,878.6199951171875,-2.8565215290470563,0.00817821560611882,0.0007644499133471556
1997-06-24,896.3400268554688,1.8071695126108478,0.01062595179012681,0.0007644499133471556
1997-06-25,888.989990234375,-0.76700912164653,0.011731684840890717,0.0007644499133471556
1997-06-26,883.6799926757812,-0.5863851606954354,0.011520461930530418,0.0007644499133471556
1997-06-27,887.2999877929688,0.2973201252085731,0.011178800303376242,0.0007644499133471556
1997-06-30,885.1400146484375,-0.2989270596758976,0.010710769590563248,0.0007644499133471556
1997-07-01,891.030029296875,0.5714885207043544,0.010267640652339712,0.0007644499133471556
1997-07-02,904.030029296875,1.3765521973988988,0.009966929248563901,0.0007644499133471556
1997-07-03,916.9199829101562,1.2864978790564339,0.010410573561472286,0.0007644499133471556
1997-07-07,912.2000122070312,-0.5509170366048284,0.010755487068354927,0.0007644499133471556
1997-07-08,918.75,0.6131101024016427,0.010422798334425592,0.0007644499133471556
1997-07-09,907.5399780273438,-1.2859954899281427,0.010140690578724444,0.0007644499133471556
1997-07-10,913.780029296875,0.5809529802131856,0.010479000067435146,0.0007644499133471556
1997-07-11,916.6799926757812,0.23627210328428735,0.010175196652450797,0.0007644499133471556
1997-07-14,918.3800048828124,0.11170236648140405,0.009743431684306433,0.0007644499133471556
1997-07-15,925.760009765625,0.7772096565372294,0.009314512140752615,0.0007644499133471556
1997-07-16,936.5900268554688,1.1839234220339425,0.009178098851234093,0.0007644499133471556
1997-07-17,931.6099853515624,-0.6492112752353748,0.009389611896768424,0.0007644499133471556
1997-07-18,915.2999877929688,-2.0097848473414417,0.009168563158945337,0.0007644499133471556
1997-07-21,912.9400024414062,-0.32063408581009867,0.010436049755557644,0.0007644499133471556
1997-07-22,933.97998046875,2.19890910693291,0.010014233937239396,0.0007644499133471556
1997-07-23,936.5599975585938,0.17022685358963482,0.01171455500554222,0.0007644499133471556
1997-07-24,940.2999877929688,0.2879816137856755,0.01118448077516574,0.0007644499133471556
1997-07-25,938.7899780273438,-0.22137494447229644,0.010713143717175766,0.0007644499133471556
1997-07-28,936.4500122070312,-0.3181019092552169,0.010248587719856352,0.0007644499133471556
1997-07-29,942.2899780273438,0.5543541250600569,0.009835709946737605,0.0007644499133471556
1997-07-30,952.2899780273438,1.0260350565551188,0.00954360934977723,0.0007644499133471556
1997-07-31,954.3099975585938,0.14104328691232454,0.009603623345468137,0.0007644499133471556
1997-08-01,947.1400146484376,-0.9041873859278571,0.009186238099438658,0.0007644499133471556
1997-08-04,950.2999877929688,0.28056655257845486,0.009146950839740115,0.0007644499133471556
1997-08-05,952.3699951171876,0.16071554318874892,0.008782276476789449,0.0007644499133471556
1997-08-06,960.3200073242188,0.8970447683312418,0.00841486468950952,0.0007644499133471556
1997-08-07,951.1900024414062,-1.2303915530393226,0.008385285899342336,0.0007644499133471556
1997-08-08,933.5399780273438,-2.258050195844944,0.008633331882100793,0.0007644499133471556
1997-08-11,937.0,0.28758825846298114,0.010205716751981309,0.0007644499133471556
1997-08-12,926.530029296875,-1.2263970259271813,0.009785799502455311,0.0007644499133471556
1997-08-13,922.02001953125,-0.5616313308673362,0.010049243819544262,0.0007644499133471556
1997-08-14,924.77001953125,0.22699732426784716,0.009752065056627133,0.0007644499133471556
1997-08-15,900.8099975585938,-2.8919734721023906,0.009341431857079781,0.0007644499133471556
1997-08-18,912.489990234375,0.9940167383940738,0.012191253478924535,0.0007644499133471556
1997-08-19,926.010009765625,1.1429278532099565,0.012199788925461997,0.0007644499133471556
1997-08-20,939.3499755859376,1.0927068913422704,0.012389989160858386,0.0007644499133471556
1997-08-21,925.0499877929688,-1.286650367813311,0.012516837619307665,0.0007644499133471556
1997-08-22,923.5399780273438,-0.1857434009971388,0.012911028974213772,0.0007644499133471556
1997-08-25,920.1599731445312,-0.3596629104325032,0.01231986784254324,0.0007644499133471556
1997-08-26,913.02001953125,-0.7238275904249631,0.011817981594374334,0.0007644499133471556
1997-08-27,913.7000122070312,-0.0017249667443135178,0.011567817661438926,0.0007644499133471556
1997-08-28,903.6699829101562,-1.070119746455473,0.011029160735604,0.0007644499133471556
1997-08-29,899.469970703125,-0.4873259881058316,0.011128099532212226,0.0007644499133471556
1997-09-02,927.5800170898438,2.7930618204247444,0.010744103127824945,0.0007644499133471556
1997-09-03,927.8599853515624,-0.033556942838193285,0.0137875765941597,0.0007644499133471556
1997-09-04,930.8699951171876,0.18849087656674307,0.0131270757670185,0.0007644499133471556
1997-09-05,929.0499877929688,-0.21728675163425848,0.012525070368437363,0.0007644499133471556
1997-09-08,931.2000122070312,0.12932963939385764,0.011962413569702806,0.0007644499133471556
1997-09-09,933.6199951171876,0.16044673066546697,0.011411625257796704,0.0007644499133471556
1997-09-10,919.030029296875,-1.5156727176967868,0.010896250757030667,0.0007644499133471556
1997-09-11,912.5900268554688,-0.6740001838860903,0.011567515590304332,0.0007644499133471556
1997-09-12,923.9099731445312,1.0245852452174637,0.011285976658387997,0.0007644499133471556
1997-09-15,919.77001953125,-0.46367608683543005,0.01133425956805141,0.0007644499133471556
1997-09-16,945.6400146484376,2.4681835247209714,0.010928625130902973,0.0007644499133471556
1997-09-17,943.0,-0.2673141776094993,0.013318147745940296,0.0007644499133471556
1997-09-18,947.2899780273438,0.29651434255299275,0.012729639764576332,0.0007644499133471556
1997-09-19,950.510009765625,0.21581386663500784,0.012181745968773765,0.0007644499133471556
1997-09-22,955.4299926757812,0.3779651132283094,0.011636921674720777,0.0007644499133471556
1997-09-23,951.9299926757812,-0.39676953077814187,0.011176382874139341,0.0007644499133471556
1997-09-24,944.47998046875,-0.8022637458791032,0.010746408680099916,0.0007644499133471556
1997-09-25,937.9099731445312,-0.7313066826797937,0.010590596212985647,0.0007644499133471556
1997-09-26,945.219970703125,0.6740829273031841,0.01038337643336383,0.0007644499133471556
1997-09-29,953.3400268554688,0.7680272941081723,0.010142234276746064,0.0007644499133471556
1997-09-30,947.280029296875,-0.7158785113076663,0.009975624562945977,0.0007644499133471556
1997-10-01,955.4099731445312,0.7959107997548408,0.009776646769217604,0.0007644499133471556
1997-10-02,960.4600219726562,0.46752620525678645,0.009640892137450714,0.0007644499133471556
1997-10-03,965.030029296875,0.4275077126900414,0.009315411216062029,0.0007644499133471556
1997-10-06,972.6900024414062,0.7944959798752663,0.008989047950911148,0.0007644499133471556
1997-10-07,983.1199951171876,1.1157976492898594,0.008873742862086227,0.0007644499133471556
1997-10-08,973.8400268554688,-1.1364297421992915,0.009018231276651885,0.0007644499133471556
1997-10-09,970.6199951171876,-0.44394448263596564,0.009182362236641185,0.0007644499133471556
1997-10-10,966.97998046875,-0.5098306854383121,0.00886901291663144,0.0007644499133471556
1997-10-13,968.0999755859376,0.045721013898940836,0.008598236186715931,0.0007644499133471556
1997-10-14,970.280029296875,0.18039343169320624,0.00823149377719181,0.0007644499133471556
1997-10-15,965.719970703125,-0.6931505064974436,0.007899096813981205,0.0007644499133471556
1997-10-16,955.25,-1.5035854388220813,0.007758302303464863,0.0007644499133471556
1997-10-17,944.1599731445312,-1.5063553809499899,0.008259618900435391,0.0007644499133471556
1997-10-20,955.6099853515624,1.2847919550044413,0.00878725919410828,0.0007644499133471556
1997-10-21,972.280029296875,1.8173014200099156,0.009095653676535446,0.0007644499133471556
1997-10-22,968.489990234375,-0.46366032086227194,0.010072376675865358,0.0007644499133471556
1997-10-23,950.6900024414062,-1.9860927671563666,0.00972490227318909,0.0007644499133471556
1997-10-24,941.6400146484376,-0.9369745997105707,0.011024245209299168,0.0007644499133471556
1997-10-27,876.989990234375,-6.544834200974308,0.010984529252566494,0.0007644499133471556
1997-10-28,921.8499755859376,2.0093990410973186,0.024446346619746127,0.0007644499133471556
1997-10-29,919.1599731445312,-0.13313461895723122,0.02769199856147515,0.0007644499133471556
1997-10-30,903.6799926757812,-0.6743928515327666,0.026318966493269935,0.0007644499133471556
1997-10-31,914.6199951171876,0.44051714592132885,0.025581106207548023,0.0007644499133471556
1997-11-03,938.989990234375,1.0404417696247272,0.02453928401079388,0.0007644499133471556
1997-11-04,940.760009765625,0.045496269696933274,0.02459103975352274,0.0007644499133471556
1997-11-05,942.760009765625,0.05819118061328869,0.023358078746758486,0.0007644499133471556
1997-11-06,938.030029296875,-0.2611063726929372,0.02219111272838096,0.0007644499133471556
1997-11-07,927.510009765625,-0.5692253947773687,0.021156515626156343,0.0007644499133471556
1997-11-10,921.1300048828124,-0.3751089630040379,0.020439005128485354,0.0007644499133471556
1997-11-11,923.780029296875,0.10776668293561013,0.019563999554474448,0.0007644499133471556
1997-11-12,905.9600219726562,-1.088099580813353,0.01860422596188168,0.0007644499133471556
1997-11-13,916.6599731445312,0.5855705474465525,0.018745770026872128,0.0007644499133471556
1997-11-14,928.3499755859376,0.6566375217624116,0.01813442014116771,0.0007644499133471556
1997-11-17,946.2000122070312,1.03731544674448,0.017623120996647982,0.0007644499133471556
1997-11-18,938.22998046875,-0.5219358072468154,0.017671378726928744,0.0007644499133471556
1997-11-19,944.5900268554688,0.35164936502837424,0.017038133257627597,0.0007644499133471556
1997-11-20,958.97998046875,0.8803546527500985,0.016305644479271065,0.0007644499133471556
1997-11-21,963.0900268554688,0.21784033031878436,0.016123020468292285,0.0007644499133471556
1997-11-24,946.6699829101562,-1.168314469107576,0.015373256167727879,0.0007644499133471556
1997-11-25,950.8200073242188,0.23091968310922636,0.01563219890466054,0.0007644499133471556
1997-11-26,951.6400146484376,0.006544942858845824,0.014912216868654758,0.0007644499133471556
1997-11-28,955.4000244140624,0.2240227851402012,0.014189847643428913,0.0007644499133471556
1997-12-01,974.77001953125,1.42572126708563,0.013541910184904941,0.0007644499133471556
1997-12-02,971.6799926757812,-0.27756680664512495,0.014192947348187641,0.0007644499133471556
1997-12-03,976.77001953125,0.3288380059369692,0.01356368541482585,0.0007644499133471556
1997-12-04,973.0999755859376,-0.3487181428362795,0.012987144653324605,0.0007644499133471556
1997-12-05,983.7899780273438,0.8163051082577104,0.012447748460883907,0.0007644499133471556
1997-12-08,982.3699951171876,-0.180109266063987,0.012264070427938143,0.0007644499133471556
1997-12-09,975.780029296875,-0.6402777333535568,0.011706299980941666,0.0007644499133471556
1997-12-10,969.7899780273438,-0.6074689512526598,0.01139498658325578,0.0007644499133471556
1997-12-11,954.9400024414062,-1.4627192869027803,0.011072163180191582,0.0007644499133471556
1997-12-12,953.3900146484376,-0.20462142093180866,0.011674703643794746,0.0007644499133471556
1997-12-15,963.3900146484376,0.8669181862363609,0.011154236212512502,0.0007644499133471556
1997-12-16,968.0399780273438,0.36671024974282157,0.01104579619863214,0.0007644499133471556
1997-12-17,965.5399780273438,-0.3157793539612844,0.01060971322328762,0.0007644499133471556
1997-12-18,955.2999877929688,-1.1227497587859143,0.010177283843495966,0.0007644499133471556
1997-12-19,946.780029296875,-0.9410631290206395,0.010332016563199691,0.0007644499133471556
1997-12-22,953.7000122070312,0.632462338267389,0.010305649050971375,0.0007644499133471556
1997-12-23,939.1300048828124,-1.6095169503512183,0.010040092659485737,0.0007644499133471556
1997-12-24,932.7000122070312,-0.7071096015223932,0.010797125446435378,0.0007644499133471556
1997-12-26,936.4600219726562,0.3084338013249487,0.010565519930361741,0.0007644499133471556
1997-12-29,953.3499755859376,1.6886201055852046,0.010133001332092828,0.0007644499133471556
1997-12-30,970.8400268554688,1.5815557159887197,0.011011424893858191,0.0007644499133471556
1997-12-31,970.4299926757812,-0.10068481895195454,0.011788162621827194,0.0007644499133471556
1998-01-02,975.0399780273438,0.3535286839108081,0.011243100881512966,0.0007644499133471556
1998-01-05,977.0700073242188,0.12188516676381776,0.01079197521245347,0.0007644499133471556
1998-01-06,966.5800170898438,-1.1216627130400745,0.010304941813165752,0.0007644499133471556
1998-01-07,964.0,-0.32863968663831805,0.010458995787976271,0.0007644499133471556
1998-01-08,956.0499877929688,-0.9010707008422709,0.010038662165646346,0.0007644499133471556
1998-01-09,927.6900024414062,-3.093467502271384,0.00998136304176113,0.0007644499133471556
1998-01-12,939.2100219726562,0.860853276990157,0.013448333509864113,0.0007644499133471556
1998-01-13,952.1199951171876,0.9696872411098937,0.013290370243460015,0.0007644499133471556
1998-01-14,957.9400024414062,0.40189748920506085,0.01326115780327378,0.0007644499133471556
1998-01-15,950.72998046875,-0.6533095080025663,0.01273440516305084,0.0007644499133471556
1998-01-16,961.510009765625,0.8478027039584933,0.012397265974033157,0.0007644499133471556
1998-01-20,978.5999755859376,1.3762683264044624,0.012245815821715418,0.0007644499133471556
1998-01-21,970.8099975585938,-0.6859073754044319,0.012766493067404284,0.0007644499133471556
1998-01-22,963.0399780273438,-0.7065533112680129,0.012455248396566027,0.0007644499133471556
1998-01-23,957.5900268554688,-0.5290845275796742,0.012171279069236533,0.0007644499133471556
1998-01-26,956.9500122070312,-0.12178938695224603,0.01176648613995413,0.0007644499133471556
1998-01-27,969.02001953125,1.048489221887996,0.011225356702774717,0.0007644499133471556
1998-01-28,977.4600219726562,0.6997902106408138,0.011300059765859323,0.0007644499133471556
1998-01-29,985.489990234375,0.6714236060025087,0.011046866290248949,0.0007644499133471556
1998-01-30,980.280029296875,-0.5625743246426378,0.010781054374704313,0.0007644499133471556
1998-02-02,1001.27001953125,1.9534671385255251,0.010454113804451442,0.0007644499133471556
1998-02-03,1006.0,0.3349831863077686,0.01178688419887252,0.0007644499133471556
1998-02-04,1006.9000244140624,0.01148601957144191,0.011301268859025966,0.0007644499133471556
1998-02-05,1003.5399780273438,-0.38107156703095985,0.010777637068404369,0.0007644499133471556
1998-02-06,1012.4600219726562,0.7803457799113298,0.010360609346993505,0.0007644499133471556
1998-02-09,1010.739990234375,-0.24170640138814448,0.010197323952349594,0.0007644499133471556
1998-02-10,1019.010009765625,0.7561601807047303,0.009765657342242669,0.0007644499133471556
1998-02-11,1020.010009765625,0.022539977258233562,0.009601318996206204,0.0007644499133471556
1998-02-12,1024.1400146484375,0.35710116649164836,0.009174878089650675,0.0007644499133471556
1998-02-13,1020.0900268554688,-0.5352734445157928,0.008830655177712475,0.0007644499133471556
1998-02-17,1022.760009765625,0.2157369961696604,0.008573077327974585,0.0007644499133471556
1998-02-18,1032.0799560546875,1.0097521054630536,0.00822659938881256,0.0007644499133471556
1998-02-19,1028.280029296875,-0.5375364006648634,0.008284199516870646,0.0007644499133471556
1998-02-20,1034.2099609375,0.6191657832634744,0.008052496949701836,0.0007644499133471556
1998-02-23,1038.1400146484375,0.3848856195122076,0.007868317180458577,0.0007644499133471556
1998-02-24,1030.56005859375,-1.0645491707456047,0.007602010298266935,0.0007644499133471556
1998-02-25,1042.9000244140625,1.4452350389705308,0.007707028039351981,0.0007644499133471556
1998-02-26,1048.6700439453125,0.5834005699852634,0.008147007878626695,0.0007644499133471556
1998-02-27,1049.3399658203125,-0.01584297017636699,0.007941938014897211,0.0007644499133471556
1998-03-02,1047.699951171875,-0.30582508975847345,0.007614070114156665,0.0007644499133471556
1998-03-03,1052.02001953125,0.4563882727670524,0.007341239076419121,0.0007644499133471556
1998-03-04,1047.3299560546875,-0.7343705202035642,0.007125241770770724,0.0007644499133471556
1998-03-05,1035.050048828125,-1.7853512546134789,0.007034298988341034,0.0007644499133471556
1998-03-06,1055.68994140625,2.437691587697034,0.007786175394962649,0.0007644499133471556
1998-03-09,1052.31005859375,-0.4191348882335067,0.00947468871883342,0.0007644499133471556
1998-03-10,1064.25,1.151127544722942,0.00913719115401621,0.0007644499133471556
1998-03-11,1068.469970703125,0.34273454294288813,0.009316001688817162,0.0007644499133471556
1998-03-12,1069.9200439453125,0.0660481880648778,0.008959810717514408,0.0007644499133471556
1998-03-13,1068.6099853515625,-0.23209277883749446,0.00857262984196675,0.0007644499133471556
1998-03-16,1079.27001953125,1.1133108391736428,0.008229265091043561,0.0007644499133471556
1998-03-17,1080.449951171875,0.03920837896944913,0.008371199172744617,0.0007644499133471556
1998-03-18,1085.52001953125,0.4885526060475808,0.008017820511663675,0.0007644499133471556
1998-03-19,1089.739990234375,0.40051112437057224,0.007778869961940013,0.0007644499133471556
1998-03-20,1099.1600341796875,1.042627598725287,0.00752205888097016,0.0007644499133471556
1998-03-23,1095.550048828125,-0.5326418331326894,0.007611433496598839,0.0007644499133471556
1998-03-24,1105.6500244140625,1.1353898546769374,0.007409265296317167,0.0007644499133471556
1998-03-25,1101.9300537109375,-0.5462474555361787,0.007569156962201586,0.0007644499133471556
1998-03-26,1100.800048828125,-0.24279319283937964,0.007374399270294303,0.0007644499133471556
1998-03-27,1095.43994140625,-0.7948329920384749,0.00710290963098446,0.0007644499133471556
1998-03-30,1093.5999755859375,-0.34717254448506807,0.007044109340273803,0.0007644499133471556
1998-03-31,1101.75,0.9774955543497148,0.0068137299385782925,0.0007644499133471556
1998-04-01,1108.1500244140625,0.7319974396606861,0.006868474299499458,0.0007644499133471556
1998-04-02,1120.010009765625,1.4561275792539858,0.006785938629499947,0.0007644499133471556
1998-04-03,1122.699951171875,0.226944392223471,0.007201687178693136,0.0007644499133471556
1998-04-06,1121.3800048828125,-0.2797416304944869,0.00693794072563472,0.0007644499133471556
1998-04-07,1109.550048828125,-1.69716122888873,0.006699394286297016,0.0007644499133471556
1998-04-08,1101.6500244140625,-1.0784060110082316,0.0073348474231167025,0.0007644499133471556
1998-04-09,1110.6700439453125,0.9916893021123182,0.0074518787088284156,0.0007644499133471556
1998-04-13,1109.68994140625,-0.21946768831962538,0.007505806834610531,0.0007644499133471556
1998-04-14,1115.75,0.648212780044249,0.007222520938637443,0.0007644499133471556
1998-04-15,1119.3199462890625,0.34289802532885005,0.007086758915425176,0.0007644499133471556
1998-04-16,1108.1700439453125,-1.5724314089051001,0.006852899348346868,0.0007644499133471556
1998-04-17,1122.719970703125,1.6644489901506865,0.007377691219133774,0.0007644499133471556
1998-04-20,1123.6500244140625,0.007923792035215007,0.008026518920069522,0.0007644499133471556
1998-04-21,1126.6700439453125,0.24951630154302742,0.0076934119108743645,0.0007644499133471556
1998-04-22,1130.5400390625,0.35986899592134414,0.00740425250861714,0.0007644499133471556
1998-04-23,1119.5799560546875,-1.4680716253268,0.007156533266411799,0.0007644499133471556
1998-04-24,1107.9000244140625,-1.4810248618242525,0.007597220241104221,0.0007644499133471556
1998-04-27,1086.5400390625,-2.507588280231496,0.008068482455128421,0.0007644499133471556
1998-04-28,1085.1099853515625,-0.20979782629861493,0.009921315954341606,0.0007644499133471556
1998-04-29,1094.6199951171875,0.8382548549664117,0.009497667459560407,0.0007644499133471556
1998-04-30,1111.75,1.5704683555554717,0.009400784058058958,0.0007644499133471556
1998-05-01,1121.0,0.7472309265693452,0.01006562161785582,0.0007644499133471556
1998-05-04,1122.0699462890625,0.01917385533354157,0.009885955214779306,0.0007644499133471556
1998-05-05,1115.5,-0.7028358722523053,0.009442974047583326,0.0007644499133471556
1998-05-06,1104.9200439453125,-1.1125318620519111,0.009252958251122252,0.0007644499133471556
1998-05-07,1095.1400146484375,-1.0277055891558442,0.009394909975604483,0.0007644499133471556
1998-05-08,1108.1400146484375,1.1669378676929871,0.009457465895900923,0.0007644499133471556
1998-05-11,1106.6400146484375,-0.21949007260652592,0.009654133417429673,0.0007644499133471556
1998-05-12,1115.7900390625,0.8077844741275997,0.009247328616700873,0.0007644499133471556
1998-05-13,1118.8599853515625,0.21710928135249555,0.00913428278809523,0.0007644499133471556
1998-05-14,1117.3699951171875,-0.2394945462160878,0.008756113145323166,0.0007644499133471556
1998-05-15,1108.72998046875,-1.0146539822574534,0.008403807409531313,0.0007644499133471556
1998-05-18,1105.8199462890625,-0.4008472326635799,0.008463463205645227,0.0007644499133471556
1998-05-19,1109.52001953125,0.31527029481259405,0.008170653747179301,0.0007644499133471556
1998-05-20,1119.06005859375,0.9909116396582734,0.007868655852232937,0.0007644499133471556
1998-05-21,1114.6400146484375,-0.5964971815968505,0.007916304802508978,0.0007644499133471556
1998-05-22,1110.469970703125,-0.5839839743468517,0.007727306449794113,0.0007644499133471556
1998-05-26,1094.02001953125,-2.080445712091691,0.007541061681133447,0.0007644499133471556
1998-05-27,1092.22998046875,-0.27622311612528333,0.008695844122739872,0.0007644499133471556
1998-05-28,1097.5999755859375,0.49551445617793405,0.008355045565056046,0.0007644499133471556
1998-05-29,1090.8199462890625,-0.8590907958167189,0.00810245895379386,0.0007644499133471556
1998-06-01,1090.97998046875,-0.07670298177868505,0.008053802776552666,0.0007644499133471556
1998-06-02,1093.219970703125,0.16663376630995116,0.00772134099915917,0.0007644499133471556
1998-06-03,1082.72998046875,-1.4029418391328017,0.007417471789891257,0.0007644499133471556
1998-06-04,1094.8299560546875,1.3256712770235006,0.007806609966458825,0.0007644499133471556
1998-06-05,1113.8599853515625,2.024562911253349,0.008134070453818906,0.0007644499133471556
1998-06-08,1115.719970703125,0.09728504196986157,0.009292415619412573,0.0007644499133471556
1998-06-09,1118.4100341796875,0.1849334187429391,0.008888086843259015,0.0007644499133471556
1998-06-10,1112.280029296875,-0.734958575029386,0.00851820150978038,0.0007644499133471556
1998-06-11,1094.5799560546875,-2.0056761351398844,0.008379095086215028,0.0007644499133471556
1998-06-12,1098.8399658203125,0.3269625861963321,0.009542097905652643,0.0007644499133471556
1998-06-15,1077.010009765625,-2.2718495356243484,0.009169095117172461,0.0007644499133471556
1998-06-16,1087.5899658203125,0.8301433358442906,0.010854830964841739,0.0007644499133471556
1998-06-17,1107.1099853515625,1.5881008621696984,0.010719939747573544,0.0007644499133471556
1998-06-18,1106.3699951171875,-0.12473802799902332,0.011488649735220536,0.0007644499133471556
1998-06-19,1100.6500244140625,-0.5425292788340487,0.01096327001447854,0.0007644499133471556
1998-06-22,1103.2099609375,0.14681012530441737,0.010617047782496659,0.0007644499133471556
1998-06-23,1119.489990234375,1.3688494582793698,0.010143328142941044,0.0007644499133471556
1998-06-24,1132.8800048828125,1.0512422086779427,0.010583100167829183,0.0007644499133471556
1998-06-25,1129.280029296875,-0.37019165567877677,0.010662665264909714,0.0007644499133471556
1998-06-26,1133.199951171875,0.26355956425341326,0.010247051865037788,0.0007644499133471556
1998-06-29,1138.489990234375,0.3964979911838993,0.009818255592803754,0.0007644499133471556
1998-06-30,1133.8399658203125,-0.5137194699786439,0.009454951357880709,0.0007644499133471556
1998-07-01,1148.56005859375,1.3248495591435236,0.009159163109298927,0.0007644499133471556
1998-07-02,1146.4200439453125,-0.2762353770210283,0.009518705257893096,0.0007644499133471556
1998-07-06,1157.3299560546875,0.9534016380130057,0.009132623733556654,0.0007644499133471556
1998-07-07,1154.6600341796875,-0.33656051895974237,0.00913381625450475,0.0007644499133471556
1998-07-08,1166.3800048828125,1.0625096661557591,0.00878536165293719,0.0007644499133471556
1998-07-09,1158.56005859375,-0.8434198684214524,0.008882271447434163,0.0007644499133471556
1998-07-10,1164.3299560546875,0.47744942851570654,0.008803909154525592,0.0007644499133471556
1998-07-13,1165.18994140625,-0.003064015961087758,0.008522440078846947,0.0007644499133471556
1998-07-14,1177.5799560546875,1.2026552136675364,0.008159349618745147,0.0007644499133471556
1998-07-15,1174.81005859375,-0.37227858559398885,0.008379250378567349,0.0007644499133471556
1998-07-16,1183.989990234375,0.8685158623788525,0.008081775307149222,0.0007644499133471556
1998-07-17,1186.75,0.19452383216886932,0.00803986990369655,0.0007644499133471556
1998-07-20,1184.0999755859375,-0.3885506774520183,0.0077208889346949946,0.0007644499133471556
1998-07-21,1165.0699462890625,-2.2731959650144735,0.007463631364186884,0.0007644499133471556
1998-07-22,1164.0799560546875,-0.1822161630203911,0.008860559438097087,0.0007644499133471556
1998-07-23,1139.75,-2.5773676086880215,0.008491822216951687,0.0007644499133471556
1998-07-24,1140.800048828125,0.01482582294297932,0.010550743482275592,0.0007644499133471556
1998-07-27,1147.27001953125,0.48571543892952596,0.010069601194447943,0.0007644499133471556
1998-07-28,1130.239990234375,-1.615164798658422,0.009732556807990001,0.0007644499133471556
1998-07-29,1125.2099609375,-0.49866110190582985,0.010477638258053814,0.0007644499133471556
1998-07-30,1142.949951171875,1.4689664883922324,0.010128547260778576,0.0007644499133471556
1998-07-31,1120.6700439453125,-1.9117401759126718,0.01069721023101845,0.0007644499133471556
1998-08-03,1112.43994140625,-0.6787366915106864,0.011986181996957975,0.0007644499133471556
1998-08-04,1072.1199951171875,-3.2222492524751645,0.011694379664973853,0.0007644499133471556
1998-08-05,1081.4300537109375,0.4904046858272418,0.016072128285561718,0.0007644499133471556
1998-08-06,1089.6300048828125,0.43865835520148677,0.015477773299702614,0.0007644499133471556
1998-08-07,1089.449951171875,-0.06251463088478289,0.014871823379533983,0.0007644499133471556
1998-08-10,1083.1400146484375,-0.46438568496522076,0.014154491217704922,0.0007644499133471556
1998-08-11,1068.97998046875,-1.0220259728708363,0.013623713577586445,0.0007644499133471556
1998-08-12,1084.219970703125,0.9804456030727624,0.013658537460373892,0.0007644499133471556
1998-08-13,1074.9100341796875,-0.6883117895668335,0.013639586808150703,0.0007644499133471556
1998-08-14,1062.75,-0.9127017738578924,0.013302845405443216,0.0007644499133471556
1998-08-17,1083.6700439453125,1.4182442858516695,0.013205856843268953,0.0007644499133471556
1998-08-18,1101.199951171875,1.1050100742267344,0.013830218575136334,0.0007644499133471556
1998-08-19,1098.06005859375,-0.25895550465893175,0.01397869529490695,0.0007644499133471556
1998-08-20,1091.5999755859375,-0.4991244741027674,0.013353386853925082,0.0007644499133471556
1998-08-21,1081.239990234375,-0.7997415727386982,0.012879680282634441,0.0007644499133471556
1998-08-24,1088.1400146484375,0.4417495478098342,0.012669754996114824,0.0007644499133471556
1998-08-25,1092.8499755859375,0.29156372360089905,0.012191710370763482,0.0007644499133471556
1998-08-26,1084.18994140625,-0.7472722785324664,0.011669481487360411,0.0007644499133471556
1998-08-27,1042.5899658203125,-3.4858891939124557,0.01144316096849022,0.0007644499133471556
1998-08-28,1027.1400146484375,-0.9564577780030948,0.016408632034395177,0.0007644499133471556
1998-08-31,957.280029296875,-4.359264968014727,0.01633349302368459,0.0007644499133471556
1998-09-01,994.260009765625,1.3842327391773048,0.026829550032514544,0.0007644499133471556
1998-09-02,990.47998046875,-0.16383666245709963,0.02791528552313,0.0007644499133471556
1998-09-03,982.260009765625,-0.3427608326141336,0.0265434507236985,0.0007644499133471556
1998-09-04,973.8900146484376,-0.36758530622790203,0.025360434246873117,0.0007644499133471556
1998-09-08,1023.4600219726562,2.0153684643010155,0.02425438286616032,0.0007644499133471556
1998-09-09,1006.2000122070312,-0.6462977817976533,0.027499156656100095,0.0007644499133471556
1998-09-10,980.1900024414062,-1.0104065787505825,0.026676555512085986,0.0007644499133471556
1998-09-11,1009.0599975585938,1.0604990990275909,0.026651223165410978,0.0007644499133471556
1998-09-14,1029.719970703125,0.7289231690038568,0.0267562358955084,0.0007644499133471556
1998-09-15,1037.6800537109375,0.265706821444443,0.026104567757175554,0.0007644499133471556
1998-09-16,1045.47998046875,0.2702478073639058,0.024881377430113982,0.0007644499133471556
1998-09-17,1018.8699951171876,-1.119117133688118,0.023720819991410576,0.0007644499133471556
1998-09-18,1020.0900268554688,0.01804015311160619,0.023961540326430036,0.0007644499133471556
1998-09-21,1023.8900146484376,0.12978278777837166,0.02275939969914381,0.0007644499133471556
1998-09-22,1029.6300048828125,0.22302163941968411,0.021638958296206233,0.0007644499133471556
1998-09-23,1066.0899658203125,1.651179644634657,0.02061177833490729,0.0007644499133471556
1998-09-24,1042.719970703125,-1.032786666868691,0.022201595963585306,0.0007644499133471556
1998-09-25,1044.75,0.05308860896936789,0.022236727428246037,0.0007644499133471556
1998-09-28,1048.68994140625,0.14197572745240863,0.021127823174726806,0.0007644499133471556
1998-09-29,1049.02001953125,-0.022380670571549847,0.020095314300500447,0.0007644499133471556
1998-09-30,1017.010009765625,-1.6627991126936004,0.01909665685817864,0.0007644499133471556
1998-10-01,986.3900146484376,-1.5206715652999019,0.020605935100238712,0.0007644499133471556
1998-10-02,1002.5999755859376,0.7120413288969247,0.021818398961720865,0.0007644499133471556
1998-10-05,988.5599975585938,-0.6989398386062389,0.021270777890368863,0.0007644499133471556
1998-10-06,984.5900268554688,-0.23111055092763627,0.020719296807459032,0.0007644499133471556
1998-10-07,970.6799926757812,-0.7594408340941208,0.01974207615322517,0.0007644499133471556
1998-10-08,959.4400024414062,-0.6424595628480486,0.019318750058999933,0.0007644499133471556
1998-10-09,984.3900146484376,1.3282501167346827,0.018752448186240084,0.0007644499133471556
1998-10-12,997.7100219726562,0.6534858414958686,0.019397589592936453,0.0007644499133471556
1998-10-13,994.7999877929688,-0.19559434663170194,0.018842186718303115,0.0007644499133471556
1998-10-14,1005.530029296875,0.5552433948517967,0.017945146806865375,0.0007644499133471556
1998-10-15,1047.489990234375,2.3145875354240526,0.017332492962661494,0.0007644499133471556
1998-10-16,1056.4200439453125,0.37536319827036646,0.0205790239920299,0.0007644499133471556
1998-10-19,1062.3900146484375,0.2472751421198475,0.019697798151544793,0.0007644499133471556
1998-10-20,1063.9300537109375,0.036428204823348805,0.018779377729922695,0.0007644499133471556
1998-10-21,1069.9200439453125,0.2716810749028401,0.017851154042671832,0.0007644499133471556
1998-10-22,1078.47998046875,0.42287594657118005,0.017036329540076594,0.0007644499133471556
1998-10-23,1070.6700439453125,-0.4912728579106501,0.016350205987212253,0.0007644499133471556
1998-10-26,1072.3199462890625,0.04924533683706368,0.015744917863326248,0.0007644499133471556
1998-10-27,1065.3399658203125,-0.4869973868469328,0.01497946525667411,0.0007644499133471556
1998-10-28,1068.0899658203125,0.1256924832419222,0.014428546037923736,0.0007644499133471556
1998-10-29,1085.9300537109375,1.1496485229953317,0.013743667994269616,0.0007644499133471556
1998-10-30,1098.6700439453125,0.7809536221006907,0.013956187613163796,0.0007644499133471556
1998-11-02,1111.5999755859375,0.7981465945898346,0.013701179370126399,0.0007644499133471556
1998-11-03,1110.8399658203125,-0.1075247018184193,0.013470316088443447,0.0007644499133471556
1998-11-04,1118.6700439453125,0.4877325900985854,0.012834110436130025,0.0007644499133471556
1998-11-05,1133.8499755859375,1.0273494701170232,0.012375468518644035,0.0007644499133471556
1998-11-06,1141.010009765625,0.4452205314511111,0.012421920028381805,0.0007644499133471556
1998-11-09,1130.199951171875,-0.8600556842613025,0.011957049680846146,0.0007644499133471556
1998-11-10,1128.260009765625,-0.20990057700463402,0.011826472010119472,0.0007644499133471556
1998-11-11,1120.969970703125,-0.6413528413782322,0.011299124746939466,0.0007644499133471556
1998-11-12,1117.68994140625,-0.3357956186325654,0.011003129535777954,0.0007644499133471556
1998-11-13,1125.719970703125,0.605673572679257,0.010557422831355322,0.0007644499133471556
1998-11-16,1135.8699951171875,0.7999233160782586,0.010265506499209218,0.0007644499133471556
1998-11-17,1139.3199462890625,0.2241322533873653,0.010120021924242394,0.0007644499133471556
1998-11-18,1144.47998046875,0.38750886117133276,0.009688481249031936,0.0007644499133471556
1998-11-19,1152.6099853515625,0.6768744896241338,0.009328324795463739,0.0007644499133471556
1998-11-20,1163.550048828125,0.9513752734907388,0.009126099453670123,0.0007644499133471556
1998-11-23,1188.2099609375,2.214374877024829,0.009125722942964837,0.0007644499133471556
1998-11-24,1182.989990234375,-0.4824799835281324,0.010709804738480506,0.0007644499133471556
1998-11-25,1186.8699951171875,0.2426991964658404,0.010342070435580891,0.0007644499133471556
1998-11-27,1192.3299560546875,0.38628557721506296,0.009902786186467555,0.0007644499133471556
1998-11-30,1163.6300048828125,-2.6364856965378434,0.009531383195933442,0.0007644499133471556
1998-12-01,1175.280029296875,0.7702921659809218,0.011940350612430069,0.0007644499133471556
1998-12-02,1171.25,-0.35810885992065017,0.011726426850727787,0.0007644499133471556
1998-12-03,1150.1400146484375,-1.684186933767544,0.011253096239879664,0.0007644499133471556
1998-12-04,1176.739990234375,1.8099971968219257,0.01220983009014866,0.0007644499133471556
1998-12-07,1187.699951171875,0.6314308852140941,0.013471431299930996,0.0007644499133471556
1998-12-08,1181.3800048828125,-0.46595740697119986,0.013090942852314649,0.0007644499133471556
1998-12-09,1183.489990234375,0.08090108432000027,0.012607883467753584,0.0007644499133471556
1998-12-10,1165.02001953125,-1.3727184086054256,0.012015480351569428,0.0007644499133471556
1998-12-11,1166.4599609375,0.0375926474742152,0.012522844004341994,0.0007644499133471556
1998-12-14,1141.199951171875,-1.8989080378324494,0.011931931237198863,0.0007644499133471556
1998-12-15,1162.8299560546875,1.3508169074326004,0.01333408235318453,0.0007644499133471556
1998-12-16,1161.93994140625,-0.11047055335596379,0.01385101894905024,0.0007644499133471556
1998-12-17,1179.97998046875,1.109695067463213,0.013194661838178532,0.0007644499133471556
1998-12-18,1188.030029296875,0.45213813856599844,0.013346751246199457,0.0007644499133471556
1998-12-21,1202.8399658203125,0.9050417150438856,0.012844105400430184,0.0007644499133471556
1998-12-22,1203.5699462890625,-0.012377504531498348,0.012745153966993186,0.0007644499133471556
1998-12-23,1228.5400390625,1.628338845007418,0.012141182292797878,0.0007644499133471556
1998-12-24,1226.27001953125,-0.20002548004170517,0.013067818212950208,0.0007644499133471556
1998-12-28,1225.489990234375,-0.11231294807865175,0.012471860704482064,0.0007644499133471556
1998-12-29,1241.81005859375,1.0482859093445829,0.011890681590963513,0.0007644499133471556
1998-12-30,1231.9300537109375,-0.731595468733179,0.01196344332355349,0.0007644499133471556
1998-12-31,1229.22998046875,-0.25253814360844595,0.011715448526818419,0.0007644499133471556
1999-01-04,1228.0999755859375,-0.1502974060062529,0.011205458620968074,0.0007644499133471556
1999-01-05,1244.780029296875,1.1893967809082162,0.010699660152879849,0.0007644499133471556
1999-01-06,1272.3399658203125,1.9330983902828394,0.010932923599182229,0.0007644499133471556
1999-01-07,1269.72998046875,-0.22935967638866353,0.012285872702369735,0.0007644499133471556
1999-01-08,1275.0899658203125,0.293719494742682,0.011739171680013117,0.0007644499133471556
1999-01-11,1263.8800048828125,-0.853560000498126,0.011240954454415896,0.0007644499133471556
1999-01-12,1239.510009765625,-1.8199076892772519,0.011118509085107343,0.0007644499133471556
1999-01-13,1234.4000244140625,-0.3982458858229955,0.012292797869785866,0.0007644499133471556
1999-01-14,1212.18994140625,-1.602120612812515,0.011809909258262339,0.0007644499133471556
1999-01-15,1243.260009765625,1.9371866311353898,0.012669882633815268,0.0007644499133471556
1999-01-19,1252.0,0.43851723138535165,0.014231716448362195,0.0007644499133471556
1999-01-20,1256.6199951171875,0.21334669122278982,0.013681254347601384,0.0007644499133471556
1999-01-21,1235.1600341796875,-1.3778049248917101,0.013056622537654945,0.0007644499133471556
1999-01-22,1225.18994140625,-0.6517457154917511,0.01360823329241047,0.0007644499133471556
1999-01-25,1233.97998046875,0.4821966685721933,0.013240170215027141,0.0007644499133471556
1999-01-26,1252.31005859375,1.09562557021478,0.012760509657394788,0.0007644499133471556
1999-01-27,1243.1700439453125,-0.6274944022646436,0.01289212799403134,0.0007644499133471556
1999-01-28,1265.3699951171875,1.3517117752707142,0.012528936755229949,0.0007644499133471556
1999-01-29,1279.6400146484375,0.8025058008087579,0.013021443862956844,0.0007644499133471556
1999-02-01,1273.0,-0.46576848400623105,0.012810935826727952,0.0007644499133471556
1999-02-02,1261.989990234375,-0.7658682706728995,0.012340160092061157,0.0007644499133471556
1999-02-03,1272.0699462890625,0.5937392565731149,0.01211166385749004,0.0007644499133471556
1999-02-04,1248.489990234375,-1.6571446010721413,0.01175219667351653,0.0007644499133471556
1999-02-05,1239.4000244140625,-0.635538734741366,0.012700802484685112,0.0007644499133471556
1999-02-08,1243.77001953125,0.22308406101608513,0.012350699985441376,0.0007644499133471556
1999-02-09,1216.1400146484375,-1.9688061590900645,0.011798843035882687,0.0007644499133471556
1999-02-10,1223.550048828125,0.3986477709583563,0.013320377717307968,0.0007644499133471556
1999-02-11,1254.0400390625,1.8648161591034846,0.012789148897437269,0.0007644499133471556
1999-02-12,1230.1300048828125,-1.407890921198453,0.014216273124762415,0.0007644499133471556
1999-02-16,1241.8699951171875,0.5876244837435461,0.014863225948730758,0.0007644499133471556
1999-02-17,1224.030029296875,-1.058230951498899,0.014395757917698638,0.0007644499133471556
1999-02-18,1237.280029296875,0.6908288172335014,0.014478663694551662,0.0007644499133471556
1999-02-19,1239.219970703125,0.056822262913970974,0.014118239615508819,0.0007644499133471556
1999-02-22,1272.1400146484375,1.8937267305484264,0.013441198854977162,0.0007644499133471556
1999-02-23,1271.1800537109375,-0.10129748554321304,0.014998772878020658,0.0007644499133471556
1999-02-24,1253.4100341796875,-1.0394214267055173,0.01427931962043459,0.0007644499133471556
1999-02-25,1245.02001953125,-0.5218209058180581,0.0143357700750751,0.0007644499133471556
1999-02-26,1238.3299560546875,-0.444639178430784,0.0138368315784548,0.0007644499133471556
1999-03-01,1236.1600341796875,-0.18923386236262987,0.01330778728830156,0.0007644499133471556
1999-03-02,1225.5,-0.742366244506604,0.012696366709466783,0.0007644499133471556
1999-03-03,1227.699951171875,0.08274537371221898,0.012436786337142364,0.0007644499133471556
1999-03-04,1246.6400146484375,1.2270173445413455,0.01185397551574404,0.0007644499133471556
1999-03-05,1275.469970703125,1.8186681210448814,0.012150826800597985,0.0007644499133471556
1999-03-08,1282.72998046875,0.3658943767944653,0.013423105743342633,0.0007644499133471556
1999-03-09,1279.8399658203125,-0.2346454869992211,0.012870524505953948,0.0007644499133471556
1999-03-10,1286.8399658203125,0.3814747686236341,0.012294603105090597,0.0007644499133471556
1999-03-11,1297.6800537109375,0.6459037123003669,0.011803728467291177,0.0007644499133471556
1999-03-12,1294.5899658203125,-0.2739498037692296,0.011493090032754656,0.0007644499133471556
1999-03-15,1307.260009765625,0.8158077690017106,0.011001225162540458,0.0007644499133471556
1999-03-16,1306.3800048828125,-0.13251287267464432,0.010850598963426853,0.0007644499133471556
1999-03-17,1297.8199462890625,-0.7082320330323613,0.010361737711912716,0.0007644499133471556
1999-03-18,1316.550048828125,1.3370568508868494,0.010144948955603304,0.0007644499133471556
1999-03-19,1299.2900390625,-1.3239334331885213,0.010545223714355343,0.0007644499133471556
1999-03-22,1297.010009765625,-0.23041923381915344,0.010940139097372008,0.0007644499133471556
1999-03-23,1262.1400146484375,-2.6771207999006705,0.010465485252868733,0.0007644499133471556
1999-03-24,1268.5899658203125,0.32859546855660254,0.013186018808744225,0.0007644499133471556
1999-03-25,1289.989990234375,1.264169735399564,0.012628041897121599,0.0007644499133471556
1999-03-26,1282.800048828125,-0.4890556163358181,0.012991736800039257,0.0007644499133471556
1999-03-29,1310.1700439453125,1.6242594298292465,0.012527097666785893,0.0007644499133471556
1999-03-30,1300.75,-0.5923218643785135,0.013473016163317048,0.0007644499133471556
1999-03-31,1286.3699951171875,-0.909659873376231,0.013061119842767872,0.0007644499133471556
1999-04-01,1293.719970703125,0.38051343808460686,0.012964121171704718,0.0007644499133471556
1999-04-05,1321.1199951171875,1.6231990776337721,0.012440643692128184,0.0007644499133471556
1999-04-06,1317.8900146484375,-0.24010603607371692,0.013378772279231064,0.0007644499133471556
1999-04-07,1326.8900146484375,0.47279853585316717,0.012778033162617884,0.0007644499133471556
1999-04-08,1343.97998046875,0.9772741778110406,0.012312846954047031,0.0007644499133471556
1999-04-09,1348.3499755859375,0.20175156043849193,0.012301308473453827,0.0007644499133471556
1999-04-12,1358.6300048828125,0.5815140013436695,0.011746558383539022,0.0007644499133471556
1999-04-13,1349.8199462890625,-0.638126751664965,0.011392849677551296,0.0007644499133471556
1999-04-14,1328.43994140625,-1.508435255526878,0.011091217151040283,0.0007644499133471556
1999-04-15,1322.8499755859375,-0.4235086377268325,0.011761851535613042,0.0007644499133471556
1999-04-16,1319.0,-0.3251114173641539,0.011316298186343271,0.0007644499133471556
1999-04-19,1289.47998046875,-2.156463318140445,0.010850776948936196,0.0007644499133471556
1999-04-20,1306.1700439453125,0.9597022931165711,0.012603651642126353,0.0007644499133471556
1999-04-21,1336.1199951171875,1.742838244671828,0.012569275122647043,0.0007644499133471556
1999-04-22,1358.8199462890625,1.170769136917886,0.013736524419546443,0.0007644499133471556
1999-04-23,1356.8499755859375,-0.15845717151878555,0.013980229683737022,0.0007644499133471556
1999-04-26,1360.0400390625,0.118857140154672,0.013325838800385908,0.0007644499133471556
1999-04-27,1362.800048828125,0.09944381441237962,0.012699160086784556,0.0007644499133471556
1999-04-28,1350.9100341796875,-0.787140324392635,0.012103849227748922,0.0007644499133471556
1999-04-29,1342.8299560546875,-0.5683305784399163,0.011900855567475409,0.0007644499133471556
1999-04-30,1335.1800537109375,-0.5616890748064695,0.011532341070833962,0.0007644499133471556
1999-05-03,1354.6300048828125,1.2258262701711018,0.011174302497586528,0.0007644499133471556
1999-05-04,1332.0,-1.5369615428269245,0.011458475193800038,0.0007644499133471556
1999-05-05,1347.31005859375,0.8746592170105072,0.012192215270272857,0.0007644499133471556
1999-05-06,1332.050048828125,-1.0069202685477796,0.012071819565961334,0.0007644499133471556
1999-05-07,1345.0,0.7366459085327912,0.012095930255838317,0.0007644499133471556
1999-05-10,1340.300048828125,-0.3599611690039519,0.011848380884790422,0.0007644499133471556
1999-05-11,1355.6099853515625,0.931729092292414,0.011369797257924254,0.0007644499133471556
1999-05-12,1364.0,0.4775175609276475,0.011320175895403819,0.0007644499133471556
1999-05-13,1367.56005859375,0.1686592627338473,0.010922397726859061,0.0007644499133471556
1999-05-14,1337.800048828125,-2.1816210234230566,0.010435411260911383,0.0007644499133471556
1999-05-17,1339.489990234375,0.040914785420186735,0.012171079292238832,0.0007644499133471556
1999-05-18,1333.3199462890625,-0.4639181819206971,0.011599793275632183,0.0007644499133471556
1999-05-19,1344.22998046875,0.6604101671800069,0.011182235249991472,0.0007644499133471556
1999-05-20,1338.8299560546875,-0.439268564575212,0.010903872425757393,0.0007644499133471556
1999-05-21,1330.2900390625,-0.6818417407904224,0.010506136468073824,0.0007644499133471556
1999-05-24,1306.6500244140625,-1.8210258563546493,0.01026608938842237,0.0007644499133471556
1999-05-25,1284.4000244140625,-1.5791789564903007,0.011359938804651352,0.0007644499133471556
1999-05-26,1304.760009765625,1.2310827455323403,0.012154317977180657,0.0007644499133471556
1999-05-27,1281.4100341796875,-1.5104160881042183,0.01246180607547822,0.0007644499133471556
1999-05-28,1301.8399658203125,1.1398095423341694,0.013206690076392852,0.0007644499133471556
1999-06-01,1294.260009765625,-0.49281413421380627,0.013400511008718164,0.0007644499133471556
1999-06-02,1294.81005859375,-0.026279477349925476,0.012920699042218833,0.0007644499133471556
1999-06-03,1299.5400390625,0.2341619549897336,0.01230739787517763,0.0007644499133471556
1999-06-04,1327.75,1.7609980686026552,0.01176091275865117,0.0007644499133471556
1999-06-07,1334.52001953125,0.33522633903759413,0.012891173917639278,0.0007644499133471556
1999-06-08,1317.3299560546875,-1.1116212369146354,0.0123506219914637,0.0007644499133471556
1999-06-09,1318.6400146484375,0.018360829028282327,0.01250140423682783,0.0007644499133471556
1999-06-10,1302.8199462890625,-1.0775122668242147,0.011911009491285153,0.0007644499133471556
1999-06-11,1293.6400146484375,-0.6519671968374467,0.012018385267959366,0.0007644499133471556
1999-06-14,1294.0,-0.041539845331132336,0.011704796115233842,0.0007644499133471556
1999-06-15,1301.1600341796875,0.42596576971083855,0.011159475489666457,0.0007644499133471556
1999-06-16,1330.4100341796875,1.998101355273312,0.010743469327630978,0.0007644499133471556
1999-06-17,1339.9000244140625,0.5203991398465555,0.012189415850980814,0.0007644499133471556
1999-06-18,1342.8399658203125,0.12117869511296218,0.0117784424111548,0.0007644499133471556
1999-06-21,1349.0,0.3392831888151396,0.011236567886422412,0.0007644499133471556
1999-06-22,1335.8800048828125,-0.9775013388889512,0.010780315426199671,0.0007644499133471556
1999-06-23,1333.06005859375,-0.26685393694637755,0.010783460539332428,0.0007644499133471556
1999-06-24,1315.780029296875,-1.3374667773626,0.010326893793720293,0.0007644499133471556
1999-06-25,1315.31005859375,-0.10451051097402833,0.010732834478460664,0.0007644499133471556
1999-06-28,1331.3499755859375,1.1082800559950872,0.010247024543380999,0.0007644499133471556
1999-06-29,1351.449951171875,1.369082490659963,0.010386633008268467,0.0007644499133471556
1999-06-30,1372.7099609375,1.3700930749066416,0.010834560129202761,0.0007644499133471556
1999-07-01,1380.9599609375,0.4626794336656481,0.01129847406996622,0.0007644499133471556
1999-07-02,1391.219970703125,0.6093017852299563,0.010893957672914007,0.0007644499133471556
1999-07-06,1388.1199951171875,-0.28279370668028886,0.010591391023171005,0.0007644499133471556
1999-07-07,1395.8599853515625,0.4725243383429236,0.010149619437725,0.0007644499133471556
1999-07-08,1394.4200439453125,-0.18327310295048876,0.009802652139658799,0.0007644499133471556
1999-07-09,1403.280029296875,0.5937105920812885,0.009380554885132108,0.0007644499133471556
1999-07-12,1399.0999755859375,-0.41054515561394767,0.009128518472681747,0.0007644499133471556
1999-07-13,1393.56005859375,-0.537410931300717,0.0088050667290001,0.0007644499133471556
1999-07-14,1398.1700439453125,0.29687320401546113,0.00854962347877581,0.0007644499133471556
1999-07-15,1409.6199951171875,0.8989874761411788,0.008221962154125928,0.0007644499133471556
1999-07-16,1418.780029296875,0.6968694077536419,0.00819774410161866,0.0007644499133471556
1999-07-19,1407.6500244140625,-1.073589767432044,0.008047909536803254,0.0007644499133471556
1999-07-20,1377.0999755859375,-2.783510053897008,0.008157431834113237,0.0007644499133471556
1999-07-21,1379.2900390625,0.07871233583206734,0.010476520547991884,0.0007644499133471556
1999-07-22,1360.969970703125,-1.4131876164179986,0.010002700847598734,0.0007644499133471556
1999-07-23,1356.93994140625,-0.3554531420123694,0.010493612920559212,0.0007644499133471556
1999-07-26,1347.760009765625,-0.7491959931974356,0.010080952319769949,0.0007644499133471556
1999-07-27,1362.8399658203125,1.046461038282107,0.009902251489171968,0.0007644499133471556
1999-07-28,1365.4000244140625,0.11145406921883624,0.009979548950922026,0.0007644499133471556
1999-07-29,1341.030029296875,-1.968508685761163,0.00953711643296339,0.0007644499133471556
1999-07-30,1328.719970703125,-0.9258787977696807,0.010785857110292315,0.0007644499133471556
1999-08-02,1328.050048828125,-0.11814721747088262,0.010738830634359417,0.0007644499133471556
1999-08-03,1322.1800537109375,-0.5065445571342463,0.010254295369579098,0.0007644499133471556
1999-08-04,1305.3299560546875,-1.3701281053459426,0.009919168344141348,0.0007644499133471556
1999-08-05,1313.7099609375,0.5442564457371952,0.010353331125345646,0.0007644499133471556
1999-08-06,1300.2900390625,-1.0995104794739399,0.010033800844259477,0.0007644499133471556
1999-08-09,1297.800048828125,-0.2638001012493886,0.01016389162072687,0.0007644499133471556
1999-08-10,1281.4300537109375,-1.3818099812569244,0.009739636540321193,0.0007644499133471556
1999-08-11,1301.9300537109375,1.483635914325382,0.010182205983990977,0.0007644499133471556
1999-08-12,1298.1600341796875,-0.34014427282923676,0.010772977182475043,0.0007644499133471556
1999-08-13,1327.6800537109375,2.100539072799918,0.010340557529510415,0.0007644499133471556
1999-08-16,1330.77001953125,0.13094095344681436,0.011915204386800642,0.0007644499133471556
1999-08-17,1344.1600341796875,0.8134877414082073,0.01136725352488794,0.0007644499133471556
1999-08-18,1332.8399658203125,-0.822937381243401,0.011205931150513087,0.0007644499133471556
1999-08-19,1323.5899658203125,-0.6990056894664258,0.011056722870438445,0.0007644499133471556
1999-08-20,1336.6099853515625,0.8347587415131449,0.010810765260101855,0.0007644499133471556
1999-08-23,1360.219970703125,1.567800168017524,0.01068084663077747,0.0007644499133471556
1999-08-24,1363.5,0.1440000589523503,0.011416964472876769,0.0007644499133471556
1999-08-25,1381.7900390625,1.1524932857694608,0.010898471441674402,0.0007644499133471556
1999-08-26,1362.010009765625,-1.3689869985153251,0.011090449576265572,0.0007644499133471556
1999-08-27,1348.27001953125,-0.9431196641662982,0.011561314737091486,0.0007644499133471556
1999-08-30,1324.02001953125,-1.641744102125422,0.011520781863592788,0.0007644499133471556
1999-08-31,1320.4100341796875,-0.2812186976867337,0.012427009718792886,0.0007644499133471556
1999-09-01,1331.0699462890625,0.6120159852803889,0.011889100382356466,0.0007644499133471556
1999-09-02,1319.1099853515625,-0.8475798120213092,0.011550869691929911,0.0007644499133471556
1999-09-03,1357.239990234375,2.4290736503790953,0.011416497461249597,0.0007644499133471556
1999-09-07,1350.449951171875,-0.41810788070584737,0.01382378768310228,0.0007644499133471556
1999-09-08,1344.1500244140625,-0.40967681064669637,0.01327979196305721,0.0007644499133471556
1999-09-09,1347.6600341796875,0.14451458534390624,0.012756286306578126,0.0007644499133471556
1999-09-10,1351.6600341796875,0.18078904065302773,0.01216479467806705,0.0007644499133471556
1999-09-13,1344.1300048828125,-0.5469074586444022,0.011612521567073106,0.0007644499133471556
1999-09-14,1336.2900390625,-0.588354814199107,0.011241975659567074,0.0007644499133471556
1999-09-15,1317.969970703125,-1.3350731239690774,0.010912469496191745,0.0007644499133471556
1999-09-16,1318.47998046875,-0.033317699221884496,0.011332073464525536,0.0007644499133471556
1999-09-17,1335.4200439453125,1.1105395664185111,0.010807259229832588,0.0007644499133471556
1999-09-20,1335.530029296875,-0.062286734862316936,0.010950857977859102,0.0007644499133471556
1999-09-21,1307.5799560546875,-2.09729253986855,0.010449005706242593,0.0007644499133471556
1999-09-22,1310.510009765625,0.12248240056437106,0.012033279994917333,0.0007644499133471556
1999-09-23,1280.4100341796875,-2.0910737345771917,0.011477579943272894,0.0007644499133471556
1999-09-24,1277.3599853515625,-0.23865906154196176,0.013196143268951995,0.0007644499133471556
1999-09-27,1283.31005859375,0.30805294874810296,0.012604446174835247,0.0007644499133471556
1999-09-28,1282.199951171875,-0.1350646226272502,0.01206725120576379,0.0007644499133471556
1999-09-29,1268.3699951171875,-1.0084727423373696,0.011511621690550169,0.0007644499133471556
1999-09-30,1282.7099609375,0.9078857527892686,0.011541032824897142,0.0007644499133471556
1999-10-01,1282.81005859375,-0.05987035936675496,0.011465053591604817,0.0007644499133471556
1999-10-04,1304.5999755859375,1.4705238103795613,0.010934186654550784,0.0007644499133471556
1999-10-05,1301.3499755859375,-0.28234500934942275,0.011541706260998678,0.0007644499133471556
1999-10-06,1325.4000244140625,1.5880334337415438,0.011049956750746324,0.0007644499133471556
1999-10-07,1317.6400146484375,-0.5605600336390972,0.011839053522333918,0.0007644499133471556
1999-10-08,1336.02001953125,1.1412986504533242,0.011467936983864587,0.0007644499133471556
1999-10-11,1335.2099609375,-0.11767104768318742,0.011650750334772237,0.0007644499133471556
1999-10-12,1313.0400390625,-1.5750995069654719,0.011115433812999611,0.0007644499133471556
1999-10-13,1285.550048828125,-1.8440300687450781,0.01188855819381419,0.0007644499133471556
1999-10-14,1283.4200439453125,-0.18378316229521569,0.013182416411479169,0.0007644499133471556
1999-10-15,1247.4100341796875,-2.3236868746208317,0.012576326500465312,0.0007644499133471556
1999-10-18,1254.1300048828125,0.30778798928564727,0.014972091461024626,0.0007644499133471556
1999-10-19,1261.3199462890625,0.3459049193152234,0.014316622504152964,0.0007644499133471556
1999-10-20,1289.4300537109375,1.55180469896526,0.01371119893952237,0.0007644499133471556
1999-10-21,1283.6099853515625,-0.36223323480865216,0.014599274497863881,0.0007644499133471556
1999-10-22,1301.6500244140625,0.9430496218116932,0.013988500267384841,0.0007644499133471556
1999-10-25,1293.6300048828125,-0.4989411382560214,0.013919347795502182,0.0007644499133471556
1999-10-26,1281.9100341796875,-0.7350480738654424,0.01342156282828463,0.0007644499133471556
1999-10-27,1296.7099609375,0.8157443446636445,0.013134786125432929,0.0007644499133471556
1999-10-28,1342.43994140625,2.620315293493664,0.012935123832482688,0.0007644499133471556
1999-10-29,1362.9300537109375,0.8916427414867736,0.01613154339045485,0.0007644499133471556
1999-11-01,1354.1199951171875,-0.4540278190873499,0.015967061626896154,0.0007644499133471556
1999-11-02,1347.739990234375,-0.3574634774614106,0.015350197170918732,0.0007644499133471556
1999-11-03,1354.9300537109375,0.30992746013123346,0.014701097811586598,0.0007644499133471556
1999-11-04,1362.6400146484375,0.3491983194453672,0.014059985434506015,0.0007644499133471556
1999-11-05,1370.22998046875,0.3556527255132855,0.013468586431952255,0.0007644499133471556
1999-11-08,1377.010009765625,0.3231444051813866,0.012908917156034786,0.0007644499133471556
1999-11-09,1365.280029296875,-0.7538471711600547,0.012362428329521075,0.0007644499133471556
1999-11-10,1373.4599609375,0.42970327055950824,0.01212247657344745,0.0007644499133471556
1999-11-11,1381.4599609375,0.43241644285464736,0.011663196003641898,0.0007644499133471556
1999-11-12,1396.06005859375,0.8683539174069711,0.011226635327882406,0.0007644499133471556
1999-11-15,1394.3900146484375,-0.17641661144669957,0.011118120155539321,0.0007644499133471556
1999-11-16,1420.0699462890625,1.6461026748643555,0.010621830912379756,0.0007644499133471556
1999-11-17,1410.7099609375,-0.643093486838515,0.011471865835680434,0.0007644499133471556
1999-11-18,1424.93994140625,0.8300222141070565,0.01117093050920671,0.0007644499133471556
1999-11-19,1422.0,-0.2565817860202786,0.011028783558804852,0.0007644499133471556
1999-11-22,1420.93994140625,-0.14306148286187514,0.010556287147632492,0.0007644499133471556
1999-11-23,1404.6400146484375,-1.219782055938303,0.0100853922474343,0.0007644499133471556
1999-11-24,1417.0799560546875,0.7783730841668541,0.010345787944074411,0.0007644499133471556
1999-11-26,1416.6199951171875,-0.10696843365562536,0.010181379512070035,0.0007644499133471556
1999-11-29,1407.8299560546875,-0.7184878754906721,0.009726981705682956,0.0007644499133471556
1999-11-30,1388.9100341796875,-1.4987323813111515,0.009537819574156465,0.0007644499133471556
1999-12-01,1397.719970703125,0.5493953010601271,0.010117624374608553,0.0007644499133471556
1999-12-02,1409.0400390625,0.74426258706947,0.009810895657023616,0.0007644499133471556
1999-12-03,1433.300048828125,1.6920971680119314,0.009636806469625713,0.0007644499133471556
1999-12-06,1423.3299560546875,-0.7388230010741582,0.010482613754226164,0.0007644499133471556
1999-12-07,1409.1700439453125,-1.0465214675936267,0.010284266736776532,0.0007644499133471556
1999-12-08,1403.8800048828125,-0.4368247868197399,0.01036004474928232,0.0007644499133471556
1999-12-09,1408.1099853515625,0.22470241427049797,0.009986915502557047,0.0007644499133471556
1999-12-10,1417.0400390625,0.5811463074440815,0.00956281965933655,0.0007644499133471556
1999-12-13,1415.219970703125,-0.22047983974667607,0.009296501230026157,0.0007644499133471556
1999-12-14,1403.1700439453125,-1.04551782183372,0.00890987321013062,0.0007644499133471556
1999-12-15,1413.3299560546875,0.717373361407788,0.008991338960032187,0.0007644499133471556
1999-12-16,1418.780029296875,0.3494707506868591,0.00882570898836168,0.0007644499133471556
1999-12-17,1421.030029296875,0.09651778973752506,0.008497536494224136,0.0007644499133471556
1999-12-20,1418.0899658203125,-0.34835590600683786,0.008139835144017275,0.0007644499133471556
1999-12-21,1433.4300537109375,1.2735091174803341,0.007848306202645323,0.0007644499133471556
1999-12-22,1436.1300048828125,0.13746124648311359,0.008128386753690297,0.0007644499133471556
1999-12-23,1458.3399658203125,1.8703408719602326,0.007796616248443244,0.0007644499133471556
1999-12-27,1457.0999755859375,-0.18528225439314006,0.00871689929726117,0.0007644499133471556
1999-12-28,1457.6600341796875,-0.04549016710475547,0.008356938185860968,0.0007644499133471556
1999-12-29,1463.4599609375,0.40059093777294835,0.008004636272310352,0.0007644499133471556
1999-12-30,1464.469970703125,-0.009635174586667666,0.007735821958336049,0.0007644499133471556
1999-12-31,1469.25,0.33612506436883033,0.007420554424676439,0.0007644499133471556
2000-01-03,1455.219970703125,-1.445652496397571,0.007165930013911998,0.0007644499133471556
2000-01-04,1399.4200439453125,-5.254790345566743,0.007586149519346006,0.0007644499133471556
2000-01-05,1402.1099853515625,0.08112999272584522,0.01424735796716676,0.0007644499133471556
2000-01-06,1403.449951171875,0.01406282907123942,0.01356567912071051,0.0007644499133471556
2000-01-07,1441.469970703125,2.0102316867531203,0.012916670246334814,0.0007644499133471556
2000-01-10,1457.5999755859375,0.7067727574253175,0.014662951919008228,0.0007644499133471556
2000-01-11,1438.56005859375,-0.9720777406147821,0.01431266875162762,0.0007644499133471556
2000-01-12,1432.25,-0.3614375011158912,0.014277626355938697,0.0007644499133471556
2000-01-13,1449.6800537109375,0.828237510062934,0.013681818457134023,0.0007644499133471556
2000-01-14,1465.1500244140625,0.7305452303731923,0.013483509541170734,0.0007644499133471556
2000-01-18,1455.1400146484375,-0.5776773968668318,0.013190695934116457,0.0007644499133471556
2000-01-19,1455.9000244140625,-0.01896117814362737,0.012778374734394774,0.0007644499133471556
2000-01-20,1445.5699462890625,-0.6477660203611377,0.012172701616568929,0.0007644499133471556
2000-01-21,1441.3599853515625,-0.31061991856969445,0.011850553770829149,0.0007644499133471556
2000-01-24,1401.530029296875,-2.535729856302174,0.011352563472114522,0.0007644499133471556
2000-01-25,1410.030029296875,0.3778499813129998,0.01397918208527821,0.0007644499133471556
2000-01-26,1404.0899658203125,-0.3719272725026042,0.013406034051938982,0.0007644499133471556
2000-01-27,1398.56005859375,-0.36638224997685154,0.012857211117971104,0.0007644499133471556
2000-01-28,1360.1600341796875,-2.3195633028939477,0.012332175891639414,0.0007644499133471556
2000-01-31,1394.4599609375,1.6451538824033052,0.014673642918139818,0.0007644499133471556
2000-02-01,1409.280029296875,0.6202659038148458,0.0158114301330146,0.0007644499133471556
2000-02-02,1409.1199951171875,-0.05723939667436659,0.015339325973150676,0.0007644499133471556
2000-02-03,1424.969970703125,0.7139393943767003,0.014596333899840825,0.0007644499133471556
2000-02-04,1424.3699951171875,-0.08316840853555556,0.01425520783606448,0.0007644499133471556
2000-02-07,1424.239990234375,-0.06304460443807203,0.01357334121279751,0.0007644499133471556
2000-02-08,1441.719970703125,0.8845460570280236,0.012926453821594661,0.0007644499133471556
2000-02-09,1411.7099609375,-1.7025996292436465,0.0128036953601255,0.0007644499133471556
2000-02-10,1416.8299560546875,0.2052427020071931,0.013914224045487414,0.0007644499133471556
2000-02-11,1387.1199951171875,-1.6539841293426933,0.013275066255480084,0.0007644499133471556
2000-02-14,1389.93994140625,0.08838306941881208,0.01432895404662669,0.0007644499133471556
2000-02-15,1402.050048828125,0.5797896091838833,0.01364373820163399,0.0007644499133471556
2000-02-16,1387.6700439453125,-0.8379291695563219,0.013215702630201132,0.0007644499133471556
2000-02-17,1388.260009765625,-0.026032060285062168,0.013037453515238884,0.0007644499133471556
2000-02-18,1346.0899658203125,-2.5456802638342313,0.01241772324833393,0.0007644499133471556
2000-02-22,1352.1700439453125,0.24447606168519118,0.015307116541279007,0.0007644499133471556
2000-02-23,1360.68994140625,0.37763090928977305,0.01460868021467292,0.0007644499133471556
2000-02-24,1353.4300537109375,-0.43655092833157644,0.0140056516497626,0.0007644499133471556
2000-02-25,1333.3599853515625,-1.166395985406573,0.013464157537638072,0.0007644499133471556
2000-02-28,1348.050048828125,0.7440759724309736,0.013698371147952781,0.0007644499133471556
2000-02-29,1366.4200439453125,0.9521341418561022,0.013412630239688007,0.0007644499133471556
2000-03-01,1379.18994140625,0.6390036872788974,0.013360900703861726,0.0007644499133471556
2000-03-02,1381.760009765625,0.08446753962321392,0.012990531351349265,0.0007644499133471556
2000-03-03,1409.1700439453125,1.525215040984106,0.012377535873140564,0.0007644499133471556
2000-03-06,1391.280029296875,-1.030314442035896,0.01314273716361872,0.0007644499133471556
2000-03-07,1355.6199951171875,-2.0265141126886137,0.01319001277428749,0.0007644499133471556
2000-03-08,1366.699951171875,0.49146507612044,0.015007533702719865,0.0007644499133471556
2000-03-09,1401.68994140625,1.6955343164573164,0.014458640118413373,0.0007644499133471556
2000-03-10,1395.0699462890625,-0.35051155965314573,0.015687085636983903,0.0007644499133471556
2000-03-13,1383.6199951171875,-0.5996577123184601,0.015018159462433537,0.0007644499133471556
2000-03-14,1359.1500244140625,-1.2784377090794785,0.014555403799972227,0.0007644499133471556
2000-03-15,1392.1400146484375,1.5493616179096867,0.01498563640101715,0.0007644499133471556
2000-03-16,1458.469970703125,2.8714024513669703,0.0159438914332294,0.0007644499133471556
2000-03-17,1464.469970703125,0.1615267308858266,0.020683953566631056,0.0007644499133471556
2000-03-20,1456.6300048828125,-0.311591770165301,0.019680495167534996,0.0007644499133471556
2000-03-21,1493.8699951171875,1.3022749825504891,0.018797921710209622,0.0007644499133471556
2000-03-22,1500.6400146484375,0.19381097328848879,0.01938578932020365,0.0007644499133471556
2000-03-23,1527.3499755859375,0.9142891148325617,0.018460296483180785,0.0007644499133471556
2000-03-24,1527.4599609375,-0.0378427737928546,0.01829786404481475,0.0007644499133471556
2000-03-27,1523.8599853515625,-0.17959288843795074,0.017395285489390736,0.0007644499133471556
2000-03-28,1507.72998046875,-0.6884540579586617,0.016567313661811297,0.0007644499133471556
2000-03-29,1508.52001953125,-0.014906041881363208,0.01614075310735345,0.0007644499133471556
2000-03-30,1487.9200439453125,-0.9454153547100932,0.015352299348080262,0.0007644499133471556
2000-03-31,1498.5799560546875,0.4173962503439211,0.015271610051399707,0.0007644499133471556
2000-04-03,1505.969970703125,0.28338660766963586,0.014661157711655232,0.0007644499133471556
2000-04-04,1494.72998046875,-0.5892717070776856,0.014010623218816833,0.0007644499133471556
2000-04-05,1487.3699951171875,-0.4198933977432204,0.013576229169227676,0.0007644499133471556
2000-04-06,1501.3399658203125,0.6580583215419634,0.01304460914576885,0.0007644499133471556
2000-04-07,1516.3499755859375,0.7230726672635405,0.012700860919368109,0.0007644499133471556
2000-04-10,1504.4599609375,-0.6951602609834943,0.012423841982152121,0.0007644499133471556
2000-04-11,1500.5899658203125,-0.2753312044922924,0.01213125281202764,0.0007644499133471556
2000-04-12,1467.1700439453125,-2.0063881330987234,0.011606620725369037,0.0007644499133471556
2000-04-13,1440.510009765625,-1.4496811881347884,0.013177125350978737,0.0007644499133471556
2000-04-14,1356.56005859375,-4.389392998150715,0.013853748675725697,0.0007644499133471556
2000-04-17,1401.43994140625,1.3898540312765533,0.0228683445777399,0.0007644499133471556
2000-04-18,1441.6099853515625,1.1544702730559404,0.02381685135518844,0.0007644499133471556
2000-04-19,1427.469970703125,-0.43985125308485296,0.024147614041769933,0.0007644499133471556
2000-04-20,1434.5400390625,0.18027009303901767,0.023166303047037727,0.0007644499133471556
2000-04-24,1429.8599853515625,-0.18292518574435715,0.022042838558054514,0.0007644499133471556
2000-04-25,1477.43994140625,1.5239973902654655,0.020977623604771668,0.0007644499133471556
2000-04-26,1460.989990234375,-0.5382877179686539,0.022220438545545323,0.0007644499133471556
2000-04-27,1464.9200439453125,0.08969787598299249,0.021426729446647082,0.0007644499133471556
2000-04-28,1452.4300537109375,-0.45797456799128006,0.02036589199824089,0.0007644499133471556
2000-05-01,1468.25,0.5146701136239558,0.019563429950614403,0.0007644499133471556
2000-05-02,1446.2900390625,-0.840089202154085,0.018847976388310678,0.0007644499133471556
2000-05-03,1415.0999755859375,-1.2156037037226053,0.01856357545485676,0.0007644499133471556
2000-05-04,1409.5699462890625,-0.24685233238033172,0.018958611232995044,0.0007644499133471556
2000-05-05,1432.6300048828125,0.8553903910187081,0.018076908914730575,0.0007644499133471556
2000-05-08,1424.1700439453125,-0.3750651941944698,0.017829301697545267,0.0007644499133471556
2000-05-09,1412.1400146484375,-0.5415926274196815,0.017074408915276455,0.0007644499133471556
2000-05-10,1383.050048828125,-1.309242045241072,0.016482440385199627,0.0007644499133471556
2000-05-11,1407.81005859375,0.9976424748209798,0.017019781094274537,0.0007644499133471556
2000-05-12,1420.9599609375,0.5018164772133054,0.017003975443372142,0.0007644499133471556
2000-05-15,1452.3599853515625,1.2876930074297805,0.016380214381481774,0.0007644499133471556
2000-05-16,1466.0400390625,0.510330092444061,0.016872717502769627,0.0007644499133471556
2000-05-17,1447.800048828125,-0.8169111083011514,0.01626146106039512,0.0007644499133471556
2000-05-18,1437.2099609375,-0.5067559728482133,0.01599574533471974,0.0007644499133471556
2000-05-19,1406.949951171875,-1.4298135616733079,0.015417360233908323,0.0007644499133471556
2000-05-22,1400.719970703125,-0.32201027458107256,0.0161556549490153,0.0007644499133471556
2000-05-23,1373.8599853515625,-1.302762730884881,0.015449116708135617,0.0007644499133471556
2000-05-24,1399.050048828125,1.0915209833886292,0.015945395874242065,0.0007644499133471556
2000-05-25,1381.52001953125,-0.8315753206878034,0.016082203149391062,0.0007644499133471556
2000-05-26,1378.02001953125,-0.20841776452020408,0.015838889286021444,0.0007644499133471556
2000-05-30,1422.449951171875,2.0508187706734016,0.015100579715172946,0.0007644499133471556
2000-05-31,1420.5999755859375,-0.11988124134652672,0.01723248928057194,0.0007644499133471556
2000-06-01,1448.81005859375,1.152530617029637,0.01639767280923882,0.0007644499133471556
2000-06-02,1477.260009765625,1.1226496069879035,0.01664099543329244,0.0007644499133471556
2000-06-05,1467.6300048828125,-0.43391620596823965,0.016834169420006335,0.0007644499133471556
2000-06-06,1457.8399658203125,-0.46133575875037824,0.01616489330371709,0.0007644499133471556
2000-06-07,1471.3599853515625,0.5446745681698284,0.015544728959502414,0.0007644499133471556
2000-06-08,1461.6700439453125,-0.49096511195341286,0.015015191936230871,0.0007644499133471556
2000-06-09,1456.949951171875,-0.27644325757901117,0.014465614565085036,0.0007644499133471556
2000-06-12,1446.0,-0.6011013520924535,0.013822131938699602,0.0007644499133471556
2000-06-13,1469.43994140625,1.1426043786150608,0.01340425661825255,0.0007644499133471556
2000-06-14,1470.5400390625,-0.0011819668853896347,0.013603621334508433,0.0007644499133471556
2000-06-15,1478.72998046875,0.36977236107093664,0.012952404851536288,0.0007644499133471556
2000-06-16,1464.4599609375,-0.8420157072910889,0.012424353529486518,0.0007644499133471556
2000-06-19,1486.0,1.1280227038829003,0.012266552057629838,0.0007644499133471556
2000-06-20,1475.949951171875,-0.6070595740202543,0.012437953948526766,0.0007644499133471556
2000-06-21,1479.1300048828125,0.11492557714124024,0.01207575661448716,0.0007644499133471556
2000-06-22,1452.1800537109375,-1.6630366644894117,0.011516653883421945,0.0007644499133471556
2000-06-23,1441.47998046875,-0.6550019896036664,0.01245799658091695,0.0007644499133471556
2000-06-26,1455.31005859375,0.7240716392018303,0.01213164030713604,0.0007644499133471556
2000-06-27,1450.550048828125,-0.34033768123560515,0.01187232042766299,0.0007644499133471556
2000-06-28,1454.8199462890625,0.19103698833875019,0.011384529757856747,0.0007644499133471556
2000-06-29,1442.3900146484375,-0.8591883291784675,0.010876689263658625,0.0007644499133471556
2000-06-30,1454.5999755859375,0.7119135309424114,0.010766773714485872,0.0007644499133471556
2000-07-03,1469.5400390625,0.8969980757896439,0.010539678532523043,0.0007644499133471556
2000-07-05,1446.22998046875,-1.6001693108217396,0.01046998337822278,0.0007644499133471556
2000-07-06,1456.6700439453125,0.5718757003181617,0.011240960160182225,0.0007644499133471556
2000-07-07,1478.9000244140625,1.3192407448686412,0.01090103978883793,0.0007644499133471556
2000-07-10,1475.6199951171875,-0.2641535729284192,0.011299477917108369,0.0007644499133471556
2000-07-11,1480.8800048828125,0.258332745133337,0.010814819095346562,0.0007644499133471556
2000-07-12,1492.9200439453125,0.7082153562046307,0.010354201195940733,0.0007644499133471556
2000-07-13,1495.8399658203125,0.11733357021921205,0.01013764455812401,0.0007644499133471556
2000-07-14,1509.97998046875,0.8923441297416282,0.009686894841058849,0.0007644499133471556
2000-07-17,1510.489990234375,-0.044320357978732086,0.009628704978110221,0.0007644499133471556
2000-07-18,1493.739990234375,-1.2949716517673946,0.009201366959080333,0.0007644499133471556
2000-07-19,1481.9599609375,-0.9110897471161503,0.009529221374809257,0.0007644499133471556
2000-07-20,1495.5699462890625,0.8828262980017599,0.009489306871548251,0.0007644499133471556
2000-07-21,1480.18994140625,-1.1775845844121655,0.009427263992758702,0.0007644499133471556
2000-07-24,1464.2900390625,-1.2002978031574734,0.009634574171009182,0.0007644499133471556
2000-07-25,1474.469970703125,0.6246239900742284,0.009867733981698375,0.0007644499133471556
2000-07-26,1452.4200439453125,-1.646759862423253,0.009613953169722895,0.0007644499133471556
2000-07-27,1449.6199951171875,-0.2591860698326616,0.01039469904223569,0.0007644499133471556
2000-07-28,1419.8900146484375,-2.157970647098804,0.009956801569243926,0.0007644499133471556
2000-07-31,1430.8299560546875,0.5969887969004827,0.011576097814275835,0.0007644499133471556
2000-08-01,1438.0999755859375,0.3829112584203565,0.01123933069300356,0.0007644499133471556
2000-08-02,1438.699951171875,-0.032159783427276774,0.010800344036188536,0.0007644499133471556
2000-08-03,1452.56005859375,0.8561686282226256,0.01030546202296374,0.0007644499133471556
2000-08-04,1462.9300537109375,0.6221879005259606,0.010204800640956134,0.0007644499133471556
2000-08-07,1479.3199462890625,1.0442884695620784,0.00993664690935838,0.0007644499133471556
2000-08-08,1482.800048828125,0.15834392280657061,0.010011681268235793,0.0007644499133471556
2000-08-09,1472.8699951171875,-0.7817063747658247,0.009573671611002478,0.0007644499133471556
2000-08-10,1460.25,-0.9932778340233358,0.009433081725322926,0.0007644499133471556
2000-08-11,1471.8399658203125,0.7545194879287568,0.009464555636944138,0.0007644499133471556
2000-08-14,1491.56005859375,1.347737209131477,0.009308080153071689,0.0007644499133471556
2000-08-15,1484.4300537109375,-0.5729605059385996,0.009697256429340108,0.0007644499133471556
2000-08-16,1479.8499755859375,-0.4091557557671783,0.009420939183388094,0.0007644499133471556
2000-08-17,1496.0699462890625,1.1160693133929014,0.009082293702097496,0.0007644499133471556
2000-08-18,1491.719970703125,-0.3984126049479702,0.009227335927530514,0.0007644499133471556
2000-08-21,1499.47998046875,0.4974008115043684,0.008894479719112629,0.0007644499133471556
2000-08-22,1498.1300048828125,-0.19323796801230486,0.008617101899878733,0.0007644499133471556
2000-08-23,1505.969970703125,0.5390812220971284,0.008264195348214303,0.0007644499133471556
2000-08-24,1508.31005859375,0.09810933286609438,0.008034080500146113,0.0007644499133471556
2000-08-25,1506.449951171875,-0.2593943484243457,0.007704294295633826,0.0007644499133471556
2000-08-28,1514.0899658203125,0.579023724732175,0.007416395292638427,0.0007644499133471556
2000-08-29,1509.8399658203125,-0.49368996108172253,0.007242123068713512,0.0007644499133471556
2000-08-30,1502.5899658203125,-0.7918807250683536,0.007043799645671556,0.0007644499133471556
2000-08-31,1517.6800537109375,1.3210765764958143,0.006985344869979438,0.0007644499133471556
2000-09-01,1520.77001953125,0.17411421671456054,0.007290961295698166,0.0007644499133471556
2000-09-05,1507.0799560546875,-1.3981955152493606,0.007014236214095475,0.0007644499133471556
2000-09-06,1492.25,-1.4422474076081513,0.007386649798904834,0.0007644499133471556
2000-09-07,1502.510009765625,0.7792802182070496,0.007811761875205966,0.0007644499133471556
2000-09-08,1494.5,-0.7912511538567123,0.0077216906672081575,0.0007644499133471556
2000-09-11,1489.260009765625,-0.5596879575348168,0.007641389718716791,0.0007644499133471556
2000-09-12,1481.989990234375,-0.7595978588278137,0.0074487257634149985,0.0007644499133471556
2000-09-13,1484.9100341796875,0.1635937249826303,0.007359480560561026,0.0007644499133471556
2000-09-14,1480.8699951171875,-0.49297095008919306,0.0070772683066828435,0.0007644499133471556
2000-09-15,1465.81005859375,-1.5951701581733961,0.006887145419300279,0.0007644499133471556
2000-09-18,1444.510009765625,-2.0714661495738165,0.007435463098565758,0.0007644499133471556
2000-09-19,1459.9000244140625,1.1481272732257157,0.008564674658904935,0.0007644499133471556
2000-09-20,1451.3399658203125,-0.760498718147133,0.00873790138123674,0.0007644499133471556
2000-09-21,1449.050048828125,-0.2722597635866766,0.008607555324735667,0.0007644499133471556
2000-09-22,1448.719970703125,-0.11997258092482105,0.008270766315440672,0.0007644499133471556
2000-09-25,1439.030029296875,-0.9428490217045025,0.00792867321485424,0.0007644499133471556
2000-09-26,1427.2099609375,-1.1349218926970033,0.007940884437350908,0.0007644499133471556
2000-09-27,1426.5699462890625,-0.14973617733943412,0.008100835351546732,0.0007644499133471556
2000-09-28,1458.2900390625,2.7311950071384072,0.007772117795222552,0.0007644499133471556
2000-09-29,1436.510009765625,-1.596484509617038,0.009904528007203267,0.0007644499133471556
2000-10-02,1436.22998046875,-0.09021486285685908,0.010634679540983419,0.0007644499133471556
2000-10-03,1426.4599609375,-0.7475911053648295,0.010152927123373155,0.0007644499133471556
2000-10-04,1434.3199462890625,0.4744357826135791,0.009970914680098992,0.0007644499133471556
2000-10-05,1436.280029296875,0.062407249773502614,0.009633116659662632,0.0007644499133471556
2000-10-06,1408.989990234375,-2.166719874963982,0.009206441268384503,0.0007644499133471556
2000-10-09,1402.030029296875,-0.5329469260701446,0.010725967408199068,0.0007644499133471556
2000-10-10,1387.02001953125,-1.1101420875038934,0.01038433044257735,0.0007644499133471556
2000-10-11,1364.5899658203125,-1.6214707838209528,0.010526265927531267,0.0007644499133471556
2000-10-12,1329.780029296875,-2.3476594576574135,0.01133252309983717,0.0007644499133471556
2000-10-13,1374.1700439453125,2.3669510360753625,0.013549903239067553,0.0007644499133471556
2000-10-16,1374.6199951171875,-0.026923346920283454,0.016233815680663212,0.0007644499133471556
2000-10-17,1349.969970703125,-1.221404544215623,0.015440770593102018,0.0007644499133471556
2000-10-18,1342.1300048828125,-0.41725154143085885,0.01579117079193799,0.0007644499133471556
2000-10-19,1388.760009765625,2.202854469063875,0.015157112017415153,0.0007644499133471556
2000-10-20,1396.9300537109375,0.28824974222701605,0.01769746763769084,0.0007644499133471556
2000-10-23,1395.780029296875,-0.09397585744227556,0.016898385019569077,0.0007644499133471556
2000-10-24,1398.1300048828125,0.057087091214036774,0.01607654630945058,0.0007644499133471556
2000-10-25,1364.9000244140625,-1.6227905676451502,0.015293963132087236,0.0007644499133471556
2000-10-26,1364.43994140625,-0.06705691331309166,0.01642766600735264,0.0007644499133471556
2000-10-27,1379.5799560546875,0.6572202215437106,0.015627300881267965,0.0007644499133471556
2000-10-30,1398.6600341796875,0.8535071458097832,0.0151974553844472,0.0007644499133471556
2000-10-31,1429.4000244140625,1.3984996126284506,0.014998704992922355,0.0007644499133471556
2000-11-01,1421.219970703125,-0.41532515975714945,0.015659069954519548,0.0007644499133471556
2000-11-02,1428.3199462890625,0.2806969329247626,0.015029746926043648,0.0007644499133471556
2000-11-03,1426.68994140625,-0.13275480223406877,0.014359600282492285,0.0007644499133471556
2000-11-06,1432.18994140625,0.22538599807441165,0.013679712315555658,0.0007644499133471556
2000-11-07,1431.8699951171875,-0.07564833058563131,0.013058733887126804,0.0007644499133471556
2000-11-08,1409.280029296875,-1.3396544503312375,0.012441098025781507,0.0007644499133471556
2000-11-09,1400.1400146484375,-0.5631123371156218,0.012912457801104752,0.0007644499133471556
2000-11-10,1365.97998046875,-2.0371041318412564,0.012500385299087712,0.0007644499133471556
2000-11-13,1351.260009765625,-0.8139992242501136,0.014249470142530606,0.0007644499133471556
2000-11-14,1382.949951171875,1.5985434099714917,0.014023338779998815,0.0007644499133471556
2000-11-15,1389.81005859375,0.27852795582123363,0.015021027078071713,0.0007644499133471556
2000-11-16,1372.3199462890625,-0.9357804245996528,0.014350417844595504,0.0007644499133471556
2000-11-17,1367.719970703125,-0.28890238966238296,0.014267969784779488,0.0007644499133471556
2000-11-20,1342.6199951171875,-1.4140335658461989,0.013639437989979651,0.0007644499133471556
2000-11-21,1347.3499755859375,0.19281748926180597,0.014274156786425456,0.0007644499133471556
2000-11-22,1322.3599853515625,-1.4314708623491934,0.01361265863008994,0.0007644499133471556
2000-11-24,1341.77001953125,0.9671123990691678,0.014276721682636186,0.0007644499133471556
2000-11-27,1348.969970703125,0.32223824121562467,0.014235474374138215,0.0007644499133471556
2000-11-28,1336.0899658203125,-0.7603642138930057,0.013622884607177706,0.0007644499133471556
2000-11-29,1341.9300537109375,0.26933544964410205,0.013355292883667286,0.0007644499133471556
2000-11-30,1314.949951171875,-1.6509030736063965,0.012765595721874766,0.0007644499133471556
2000-12-01,1315.22998046875,-0.040032584739093914,0.013776638418078082,0.0007644499133471556
2000-12-04,1324.969970703125,0.5042140066971035,0.013117059683670364,0.0007644499133471556
2000-12-05,1376.5400390625,2.9564536072491423,0.01265668001607836,0.0007644499133471556
2000-12-06,1351.4599609375,-1.149624065007269,0.01665946513471481,0.0007644499133471556
2000-12-07,1343.550048828125,-0.39256656360567005,0.01690034309265587,0.0007644499133471556
2000-12-08,1369.8900146484375,1.1512907971463533,0.016199733830838215,0.0007644499133471556
2000-12-11,1380.199951171875,0.4096075851812641,0.0164388449292467,0.0007644499133471556
2000-12-12,1371.1800537109375,-0.46422863531182756,0.01577048036510276,0.0007644499133471556
2000-12-13,1359.989990234375,-0.5905846449826696,0.015169430076451702,0.0007644499133471556
2000-12-14,1340.9300537109375,-1.0126003965558927,0.014693206147094707,0.0007644499133471556
2000-12-15,1312.1500244140625,-1.5268251041285181,0.014710827803772213,0.0007644499133471556
2000-12-18,1322.739990234375,0.4660453804412731,0.015607608000765293,0.0007644499133471556
2000-12-19,1305.5999755859375,-0.9195609253775652,0.015014881980289026,0.0007644499133471556
2000-12-20,1264.739990234375,-2.184784869656619,0.014903333118743645,0.0007644499133471556
2000-12-21,1274.8599853515625,0.4151865421077158,0.017354482357492772,0.0007644499133471556
2000-12-22,1305.949951171875,1.4013059879651186,0.01664868416356118,0.0007644499133471556
2000-12-26,1315.18994140625,0.361685356343881,0.017379579837044815,0.0007644499133471556
2000-12-27,1328.9200439453125,0.5782905439272523,0.016637083567404246,0.0007644499133471556
2000-12-28,1334.219970703125,0.19979203927442904,0.01609555728863494,0.0007644499133471556
2000-12-29,1320.280029296875,-0.734455166941823,0.015341197657707242,0.0007644499133471556
2001-01-02,1283.27001953125,-1.9463898058454816,0.015000481582403751,0.0007644499133471556
2001-01-03,1347.56005859375,2.8544421671156455,0.016857801797287082,0.0007644499133471556
2001-01-04,1333.3399658203125,-0.5215372404351576,0.02180668113358863,0.0007644499133471556
2001-01-05,1298.3499755859375,-1.302117092503195,0.021009852444705813,0.0007644499133471556
2001-01-08,1295.8599853515625,-0.12392216718514544,0.02165958370059822,0.0007644499133471556
2001-01-09,1300.800048828125,0.14763651021853413,0.0205944405685783,0.0007644499133471556
2001-01-10,1313.27001953125,0.447970337079046,0.019591202838107783,0.0007644499133471556
2001-01-11,1326.8199462890625,0.5049925242196308,0.018812924921079856,0.0007644499133471556
2001-01-12,1318.550048828125,-0.38727799021994347,0.018118319253536356,0.0007644499133471556
2001-01-16,1326.6500244140625,0.30877621138598704,0.01735836836601961,0.0007644499133471556
2001-01-17,1329.469970703125,0.08192867041228333,0.016586482822157772,0.0007644499133471556
2001-01-18,1347.969970703125,0.827337464201708,0.015779462953413224,0.0007644499133471556
2001-01-19,1342.5400390625,-0.30899520810947917,0.015536855885132362,0.0007644499133471556
2001-01-22,1342.9000244140625,-0.03341485443978249,0.01485412245066188,0.0007644499133471556
2001-01-23,1360.4000244140625,0.8618518230098978,0.014135689074892488,0.0007644499133471556
2001-01-24,1364.300048828125,0.1502380804469874,0.01396630175141625,0.0007644499133471556
2001-01-25,1357.510009765625,-0.4322635262730457,0.01331089824861637,0.0007644499133471556
2001-01-26,1354.949951171875,-0.20721997469811762,0.012798375964169852,0.0007644499133471556
2001-01-29,1364.1700439453125,0.4924676849983988,0.012218568497350986,0.0007644499133471556
2001-01-30,1373.72998046875,0.5275033247030728,0.011789473577750788,0.0007644499133471556
2001-01-31,1366.010009765625,-0.5614208451325695,0.011399674194716165,0.0007644499133471556
2001-02-01,1373.469970703125,0.4238159960220842,0.011046832092690506,0.0007644499133471556
2001-02-02,1349.469970703125,-1.7294420097577747,0.010635171182970611,0.0007644499133471556
2001-02-05,1354.31005859375,0.24240344732993377,0.011616137721708088,0.0007644499133471556
2001-02-06,1352.260009765625,-0.20518672823748532,0.011108509267764048,0.0007644499133471556
2001-02-07,1340.8900146484375,-0.8671570098986752,0.010618769532948007,0.0007644499133471556
2001-02-08,1332.530029296875,-0.6670994850453499,0.01052110027282338,0.0007644499133471556
2001-02-09,1314.760009765625,-1.3816081103096662,0.010270434701605912,0.0007644499133471556
2001-02-12,1330.31005859375,1.0244954498840635,0.010730594283392968,0.0007644499133471556
2001-02-13,1318.800048828125,-0.8768717367516096,0.010781762147254357,0.0007644499133471556
2001-02-14,1315.9200439453125,-0.276030757018747,0.010689551441391564,0.0007644499133471556
2001-02-15,1326.6099853515625,0.7154150177492228,0.010240602774808674,0.0007644499133471556
2001-02-16,1301.530029296875,-1.978586389105776,0.010032787603233338,0.0007644499133471556
2001-02-20,1278.93994140625,-1.6089387894875833,0.011357426412611777,0.0007644499133471556
2001-02-21,1255.27001953125,-1.5939969429574885,0.01219908832657178,0.0007644499133471556
2001-02-22,1252.8199462890625,-0.20796541081400963,0.013070379607221135,0.0007644499133471556
2001-02-23,1245.8599853515625,-0.5077894986586321,0.01247637984032109,0.0007644499133471556
2001-02-26,1267.6500244140625,1.3759815825439483,0.01204545139883437,0.0007644499133471556
2001-02-27,1257.93994140625,-0.6731448337166297,0.012558732708877926,0.0007644499133471556
2001-02-28,1239.93994140625,-1.2395802992258227,0.012243596995507273,0.0007644499133471556
2001-03-01,1241.22998046875,0.021920052616818276,0.012564464137372238,0.0007644499133471556
2001-03-02,1234.1800537109375,-0.5396883168823203,0.011970672645187903,0.0007644499133471556
2001-03-05,1241.4100341796875,0.4383593690986062,0.011580869258694981,0.0007644499133471556
2001-03-06,1253.800048828125,0.8220428642817819,0.011151086357615567,0.0007644499133471556
2001-03-07,1261.8900146484375,0.5150878089512779,0.011002357038511663,0.0007644499133471556
2001-03-08,1264.739990234375,0.1401928447432168,0.010638924762553115,0.0007644499133471556
2001-03-09,1233.4200439453125,-2.5425768575839567,0.010162986876960791,0.0007644499133471556
2001-03-12,1180.1600341796875,-3.5816915687005992,0.0125374371289251,0.0007644499133471556
2001-03-13,1197.6600341796875,0.7647350156583824,0.0182483866181788,0.0007644499133471556
2001-03-14,1166.7099609375,-1.50798646217683,0.017869088140326502,0.0007644499133471556
2001-03-15,1173.56005859375,0.2693266036637308,0.018897782598435865,0.0007644499133471556
2001-03-16,1150.530029296875,-1.1416343255488173,0.018029970059028972,0.0007644499133471556
2001-03-19,1170.81005859375,0.914558836649695,0.018269667509274546,0.0007644499133471556
2001-03-20,1142.6199951171875,-1.3879855040772784,0.018110023507065566,0.0007644499133471556
2001-03-21,1122.1400146484375,-0.9990425687833745,0.018868792750518438,0.0007644499133471556
2001-03-22,1117.5799560546875,-0.2566236052942004,0.01884645597430472,0.0007644499133471556
2001-03-23,1139.8299560546875,1.054191716074548,0.017974952501159883,0.0007644499133471556
2001-03-26,1152.68994140625,0.5791250262805497,0.018052665932073303,0.0007644499133471556
2001-03-27,1182.1700439453125,1.4025945365349444,0.017459806680109505,0.0007644499133471556
2001-03-28,1153.2900390625,-1.3989706224019582,0.018225871248438576,0.0007644499133471556
2001-03-29,1147.949951171875,-0.28428592785203727,0.019014345378171635,0.0007644499133471556
2001-03-30,1160.3299560546875,0.5489284284355159,0.018148557644275937,0.0007644499133471556
2001-04-02,1145.8699951171875,-0.7593137356065983,0.017521992931663358,0.0007644499133471556
2001-04-03,1106.4599609375,-2.08487031944986,0.01715354888127299,0.0007644499133471556
2001-04-04,1103.25,-0.18660442804335675,0.01966606748413994,0.0007644499133471556
2001-04-05,1151.43994140625,2.2425437727750848,0.018723586809671757,0.0007644499133471556
2001-04-06,1128.4300537109375,-0.9531389147454408,0.021980424854141523,0.0007644499133471556
2001-04-09,1137.5899658203125,0.3349992303376051,0.021851321624340322,0.0007644499133471556
2001-04-10,1168.3800048828125,1.242360531697717,0.020881030922030846,0.0007644499133471556
2001-04-11,1165.8900146484375,-0.13553305885947556,0.02138128997237778,0.0007644499133471556
2001-04-12,1183.5,0.6996702499500106,0.02033378386462235,0.0007644499133471556
2001-04-16,1179.6800537109375,-0.20178169132515927,0.019810217020701352,0.0007644499133471556
2001-04-17,1191.81005859375,0.5017186931872831,0.018866146616960205,0.0007644499133471556
2001-04-18,1238.1600341796875,2.058134578062216,0.018166341299540978,0.0007644499133471556
2001-04-19,1253.68994140625,0.5641216763496221,0.02074068827824934,0.0007644499133471556
2001-04-20,1242.97998046875,-0.4664349775176443,0.02003258709904442,0.0007644499133471556
2001-04-23,1224.3599853515625,-0.8237033551515757,0.0192519671876369,0.0007644499133471556
2001-04-24,1209.469970703125,-0.6865868514655784,0.018934929375585434,0.0007644499133471556
2001-04-25,1228.75,0.8164177685249387,0.01843507116892614,0.0007644499133471556
2001-04-26,1234.52001953125,0.21631404491414766,0.018123668265779783,0.0007644499133471556
2001-04-27,1253.050048828125,0.8183566713446362,0.017271102580047274,0.0007644499133471556
2001-04-30,1249.4599609375,-0.21391579139784886,0.01698631733930292,0.0007644499133471556
2001-05-01,1266.43994140625,0.7864844536150233,0.0161909008278755,0.0007644499133471556
2001-05-02,1267.4300537109375,0.0010732253353879979,0.015888724664714863,0.0007644499133471556
2001-05-03,1248.5799560546875,-1.04202889988933,0.015113640366065715,0.0007644499133471556
2001-05-04,1266.6099853515625,0.894560966311781,0.015172479990994853,0.0007644499133471556
2001-05-07,1263.510009765625,-0.21395404578919133,0.015026163636731388,0.0007644499133471556
2001-05-08,1261.199951171875,-0.1810263302173674,0.014331672105265408,0.0007644499133471556
2001-05-09,1255.5400390625,-0.38511852758963944,0.013664026715452976,0.0007644499133471556
2001-05-10,1255.1800537109375,-0.08018633191241806,0.013109572912996305,0.0007644499133471556
2001-05-11,1245.6700439453125,-0.6701493516983544,0.012489616268636627,0.0007644499133471556
2001-05-14,1248.9200439453125,0.1512355085939968,0.012174323927755663,0.0007644499133471556
2001-05-15,1249.43994140625,-0.029981922560219646,0.011615629856970172,0.0007644499133471556
2001-05-16,1284.989990234375,2.4642472115026943,0.01107481203144433,0.0007644499133471556
2001-05-17,1288.489990234375,0.14500167546663106,0.013486768363709876,0.0007644499133471556
2001-05-18,1291.9599609375,0.14973426030492193,0.012855991927331428,0.0007644499133471556
2001-05-21,1312.8299560546875,1.2447070737108303,0.012260084716863802,0.0007644499133471556
2001-05-22,1309.3800048828125,-0.2697541580245992,0.012588434042174912,0.0007644499133471556
2001-05-23,1289.050048828125,-1.3633680541578919,0.012038308720684192,0.0007644499133471556
2001-05-24,1293.1700439453125,0.1936246897635641,0.01253250069002405,0.0007644499133471556
2001-05-25,1277.8900146484375,-1.0574528119372053,0.011963427926913373,0.0007644499133471556
2001-05-29,1267.9300537109375,-0.7129706324876076,0.012046849398048207,0.0007644499133471556
2001-05-30,1248.0799560546875,-1.4043046469489888,0.0117807816898913,0.0007644499133471556
2001-05-31,1255.8199462890625,0.4395226145992702,0.01232682361381845,0.0007644499133471556
2001-06-01,1260.6700439453125,0.2604860253683158,0.011863237979727676,0.0007644499133471556
2001-06-04,1267.1099853515625,0.38164872507768954,0.01134785613858617,0.0007644499133471556
2001-06-05,1283.5699462890625,1.1136417230037716,0.01090302288106343,0.0007644499133471556
2001-06-06,1270.030029296875,-1.028839798078345,0.011050428838918096,0.0007644499133471556
2001-06-07,1276.9599609375,0.4212019843727105,0.011104476020790222,0.0007644499133471556
2001-06-08,1264.9599609375,-0.9548433437740781,0.010688876127656477,0.0007644499133471556
2001-06-11,1254.3900146484375,-0.8579930158862745,0.010670844247441212,0.0007644499133471556
2001-06-12,1255.8499755859375,0.03774619233270274,0.01056409833733872,0.0007644499133471556
2001-06-13,1241.5999755859375,-1.2076192281539513,0.010082825420669992,0.0007644499133471556
2001-06-14,1219.8699951171875,-1.7833432180379098,0.01032948050757166,0.0007644499133471556
2001-06-15,1214.3599853515625,-0.46542007952009967,0.011369437753709131,0.0007644499133471556
2001-06-18,1208.4300537109375,-0.5162393287375212,0.010963105076234722,0.0007644499133471556
2001-06-19,1212.5799560546875,0.25125370919367596,0.010602008634470344,0.0007644499133471556
2001-06-20,1223.1400146484375,0.7789080535650855,0.01015087723795887,0.0007644499133471556
2001-06-21,1237.0400390625,1.0543881955781744,0.009992217434992252,0.0007644499133471556
2001-06-22,1225.3499755859375,-1.018110247315839,0.01007691765516629,0.0007644499133471556
2001-06-25,1218.5999755859375,-0.621017916598756,0.010125808768520216,0.0007644499133471556
2001-06-26,1216.760009765625,-0.23078116283446434,0.009859957131666958,0.0007644499133471556
2001-06-27,1211.0699462890625,-0.5772665415053871,0.009444206170779396,0.0007644499133471556
2001-06-28,1226.199951171875,1.2690958019229581,0.009180744728760702,0.0007644499133471556
2001-06-29,1224.3800048828125,-0.23730862260315014,0.0094803509536774,0.0007644499133471556
2001-07-02,1236.719970703125,1.0194356339616493,0.009087030492470843,0.0007644499133471556
2001-07-03,1234.449951171875,-0.28450276649423345,0.009144560390380198,0.0007644499133471556
2001-07-05,1219.239990234375,-1.4989415963345196,0.008781016781975176,0.0007644499133471556
2001-07-06,1190.5899658203125,-2.632009731844913,0.009324890235249563,0.0007644499133471556
2001-07-09,1198.780029296875,0.5216862090829469,0.011675588741858029,0.0007644499133471556
2001-07-10,1181.52001953125,-1.3526136138862366,0.011287100395985421,0.0007644499133471556
2001-07-11,1180.1800537109375,-0.16174814957778572,0.01174169137010263,0.0007644499133471556
2001-07-12,1208.1400146484375,2.0208342471516096,0.011208506760352297,0.0007644499133471556
2001-07-13,1215.6800537109375,0.4278335139856933,0.012755397006640577,0.0007644499133471556
2001-07-16,1202.449951171875,-0.9544345691575369,0.012265883912904061,0.0007644499133471556
2001-07-17,1214.43994140625,0.7488212478924209,0.01222917428365058,0.0007644499133471556
2001-07-18,1207.7099609375,-0.527299260303608,0.01198843846790412,0.0007644499133471556
2001-07-19,1215.02001953125,0.4547070376294576,0.011590169416931582,0.0007644499133471556
2001-07-20,1210.8499755859375,-0.3762839526665391,0.011168245042503078,0.0007644499133471556
2001-07-23,1191.030029296875,-1.6093707859899216,0.010729981340885068,0.0007644499133471556
2001-07-24,1171.6500244140625,-1.48897067893182,0.011531402966771537,0.0007644499133471556
2001-07-25,1190.489990234375,1.2454191097474878,0.01219468712390947,0.0007644499133471556
2001-07-26,1202.9300537109375,0.7690669336782727,0.012522789469186335,0.0007644499133471556
2001-07-27,1205.8199462890625,0.13301272673510012,0.012292409395156037,0.0007644499133471556
2001-07-30,1204.52001953125,-0.1572033557352772,0.011724147018237353,0.0007644499133471556
2001-07-31,1211.22998046875,0.42808584498405083,0.011191079280457992,0.0007644499133471556
2001-08-01,1215.9300537109375,0.2884991002615044,0.010774571777207618,0.0007644499133471556
2001-08-02,1220.75,0.30912907763300157,0.010324857824685164,0.0007644499133471556
2001-08-03,1214.3499755859375,-0.6078599545369946,0.009905142980025362,0.0007644499133471556
2001-08-06,1200.47998046875,-1.2709453313408376,0.009640008249712022,0.0007644499133471556
2001-08-07,1204.4000244140625,0.25080477681284896,0.00995047809211025,0.0007644499133471556
2001-08-08,1183.530029296875,-1.9135261461185216,0.009534473777441129,0.0007644499133471556
2001-08-09,1183.4300537109375,-0.07935635449336133,0.010697641748398013,0.0007644499133471556
2001-08-10,1190.1600341796875,0.48047288466069504,0.01021136430230714,0.0007644499133471556
2001-08-13,1191.2900390625,0.018707539230575013,0.009865321450018808,0.0007644499133471556
2001-08-14,1186.72998046875,-0.4881006346798505,0.009423522268188298,0.0007644499133471556
2001-08-15,1178.02001953125,-0.891812449893989,0.009117364778613177,0.0007644499133471556
2001-08-16,1181.6600341796875,0.25587564689420894,0.009069753207856013,0.0007644499133471556
2001-08-17,1161.969970703125,-2.018506674728167,0.008703410933524919,0.0007644499133471556
2001-08-20,1171.4100341796875,0.7382092786301279,0.009925255046625586,0.0007644499133471556
2001-08-21,1157.260009765625,-1.3257658505460201,0.009743409827063792,0.0007644499133471556
2001-08-22,1165.31005859375,0.6094978183320858,0.0101191435286102,0.0007644499133471556
2001-08-23,1162.0899658203125,-0.3586588421837742,0.009846592736920318,0.0007644499133471556
2001-08-24,1184.9300537109375,1.9749757589849748,0.009468074611196045,0.0007644499133471556
2001-08-27,1179.2099609375,-0.5227807457079916,0.010718655542341828,0.0007644499133471556
2001-08-28,1161.510009765625,-1.5318815334639828,0.010371721329181072,0.0007644499133471556
2001-08-29,1148.56005859375,-1.0849536138173934,0.011038542168187553,0.0007644499133471556
2001-08-30,1129.030029296875,-1.6061194046486755,0.011153966363137775,0.0007644499133471556
2001-08-31,1133.5799560546875,0.27195063450775475,0.011977889685290725,0.0007644499133471556
2001-09-04,1132.93994140625,-0.11598533917361781,0.011460114819824094,0.0007644499133471556
2001-09-05,1131.739990234375,-0.16681659945966162,0.010935118568382494,0.0007644499133471556
2001-09-06,1106.4000244140625,-2.2407362970944247,0.010447096921428017,0.0007644499133471556
2001-09-07,1085.780029296875,-1.5923498548649389,0.01229461200672359,0.0007644499133471556
2001-09-10,1092.5400390625,0.4132529580169098,0.013169165812700077,0.0007644499133471556
2001-09-17,1038.77001953125,-4.049124096478731,0.012652713357441187,0.0007644499133471556
2001-09-18,1032.739990234375,-0.33222423055500655,0.019824967948375332,0.0007644499133471556
2001-09-19,1016.0999755859376,-0.8976013796664772,0.018948454985124576,0.0007644499133471556
2001-09-20,984.5399780273438,-1.723322480053556,0.01875271172666891,0.0007644499133471556
2001-09-21,965.7999877929688,-0.9793632922968943,0.020403249711108476,0.0007644499133471556
2001-09-24,1003.4500122070312,1.842897931222869,0.02033652662000197,0.0007644499133471556
2001-09-25,1012.27001953125,0.35505271114071824,0.022494768418354502,0.0007644499133471556
2001-09-26,1007.0399780273438,-0.27636445987002123,0.021509603064270983,0.0007644499133471556
2001-09-27,1018.6099853515624,0.5195218292848149,0.020517281174237536,0.0007644499133471556
2001-09-28,1040.93994140625,1.0582609252004196,0.019768949176483967,0.0007644499133471556
2001-10-01,1038.550048828125,-0.15425962555093956,0.019856058522397312,0.0007644499133471556
2001-10-02,1051.3299560546875,0.6068904167885404,0.018893000622104614,0.0007644499133471556
2001-10-03,1072.280029296875,1.0364521355620666,0.018299747610352815,0.0007644499133471556
2001-10-04,1069.6300048828125,-0.17654773572615484,0.01834575192778871,0.0007644499133471556
2001-10-05,1071.3800048828125,0.04982300798548043,0.01746769132962377,0.0007644499133471556
2001-10-08,1062.43994140625,-0.5504994758839225,0.016610183140853507,0.0007644499133471556
2001-10-09,1056.75,-0.38234239769077794,0.01604421578442704,0.0007644499133471556
2001-10-10,1080.989990234375,1.4251868057952084,0.01537669898380789,0.0007644499133471556
2001-10-11,1097.4300537109375,0.8897988026144122,0.016104093096545244,0.0007644499133471556
2001-10-12,1091.6500244140625,-0.3793096203612286,0.015937497104857985,0.0007644499133471556
2001-10-15,1089.97998046875,-0.1502937498337396,0.015273129303705018,0.0007644499133471556
2001-10-16,1097.5400390625,0.42256204608358683,0.014548320126983932,0.0007644499133471556
2001-10-17,1077.0899658203125,-1.4006771681130807,0.013973861581433005,0.0007644499133471556
2001-10-18,1068.6099853515625,-0.5938088585330938,0.01459839032293127,0.0007644499133471556
2001-10-19,1073.47998046875,0.2673920730860074,0.01414594881602793,0.0007644499133471556
2001-10-22,1089.9000244140625,1.066639181256918,0.013515190827390465,0.0007644499133471556
2001-10-23,1084.780029296875,-0.40215705807611946,0.01360959021797499,0.0007644499133471556
2001-10-24,1085.199951171875,-0.028884256912933524,0.013066687832874506,0.0007644499133471556
2001-10-25,1100.0899658203125,1.0335708466454148,0.012445452471561482,0.0007644499133471556
2001-10-26,1104.6099853515625,0.2668911401098672,0.012499121363217873,0.0007644499133471556
2001-10-29,1078.300048828125,-2.080791287163013,0.011952662485687264,0.0007644499133471556
2001-10-30,1059.7900390625,-1.317972122882671,0.013717596631760245,0.0007644499133471556
2001-10-31,1059.780029296875,-0.054529610886699185,0.014192197437794018,0.0007644499133471556
2001-11-01,1084.0999755859375,1.6227052121491656,0.013510963069524784,0.0007644499133471556
2001-11-02,1087.199951171875,0.14399151023594867,0.014521424639683155,0.0007644499133471556
2001-11-05,1102.8399658203125,0.9771251984574761,0.013835126749056062,0.0007644499133471556
2001-11-06,1118.8599853515625,0.9888968236345158,0.01381054791264315,0.0007644499133471556
2001-11-07,1115.800048828125,-0.2538220419318442,0.01380126958340231,0.0007644499133471556
2001-11-08,1118.5400390625,0.12805399953217614,0.013183253281680048,0.0007644499133471556
2001-11-09,1120.31005859375,0.06499689251806082,0.01256578071238808,0.0007644499133471556
2001-11-12,1118.3299560546875,-0.21157682636351813,0.011974246668546122,0.0007644499133471556
2001-11-13,1139.0899658203125,1.5410551397854069,0.011439406560093224,0.0007644499133471556
2001-11-14,1141.2099609375,0.08990865712358033,0.012178480903235927,0.0007644499133471556
2001-11-15,1142.239990234375,0.011861482782660289,0.011610649016863824,0.0007644499133471556
2001-11-16,1138.6500244140625,-0.35342653974998894,0.011069673909052122,0.0007644499133471556
2001-11-19,1151.06005859375,0.9480848132820167,0.010627199407290294,0.0007644499133471556
2001-11-20,1142.6600341796875,-0.7628499886318169,0.010603461028931534,0.0007644499133471556
2001-11-21,1137.030029296875,-0.5473896172534155,0.010419876409619801,0.0007644499133471556
2001-11-23,1150.3399658203125,1.0766576681446633,0.010099260087523982,0.0007644499133471556
2001-11-26,1157.4200439453125,0.5263037038110632,0.010206002722555505,0.0007644499133471556
2001-11-27,1149.5,-0.7721008117814038,0.009883181914901592,0.0007644499133471556
2001-11-28,1128.52001953125,-1.9723056210505854,0.009726919531966506,0.0007644499133471556
2001-11-29,1140.199951171875,0.8662122642791137,0.011004387959932168,0.0007644499133471556
2001-11-30,1139.449951171875,-0.1305207374446485,0.01089823531558802,0.0007644499133471556
2001-12-03,1129.9000244140625,-0.8822368090209526,0.010406437334522917,0.0007644499133471556
2001-12-04,1144.800048828125,1.1946809204056141,0.010326093727459861,0.0007644499133471556
2001-12-05,1170.3499755859375,2.0176246377253273,0.010561125339829489,0.0007644499133471556
2001-12-06,1167.0999755859375,-0.2949809976708845,0.012018604374637969,0.0007644499133471556
2001-12-07,1158.31005859375,-0.7234525570185154,0.011506451257621748,0.0007644499133471556
2001-12-10,1139.9300537109375,-1.487715144477894,0.01126535727747314,0.0007644499133471556
2001-12-11,1136.760009765625,-0.29791051779160305,0.011913761171329742,0.0007644499133471556
2001-12-12,1137.0699462890625,-0.04311339040774231,0.011408011116561595,0.0007644499133471556
2001-12-13,1119.3800048828125,-1.5115058787409792,0.010879359678137196,0.0007644499133471556
2001-12-14,1123.0899658203125,0.22041305737935077,0.011543643287760223,0.0007644499133471556
2001-12-17,1134.3599853515625,0.8356277382378977,0.011034061469633706,0.0007644499133471556
2001-12-18,1142.9200439453125,0.6195802870228535,0.010899922835589704,0.0007644499133471556
2001-12-19,1149.56005859375,0.4742099609737313,0.010603809230257945,0.0007644499133471556
2001-12-20,1139.9300537109375,-0.8964602085141229,0.010236770280256324,0.0007644499133471556
2001-12-21,1144.8900146484375,0.35167480913189575,0.01017195767362525,0.0007644499133471556
2001-12-24,1144.6500244140625,-0.09965808892089982,0.009774324294807664,0.0007644499133471556
2001-12-26,1149.3699951171875,0.35864172883726003,0.009342407743433041,0.0007644499133471556
2001-12-27,1157.1300048828125,0.6634519719858366,0.008989940613767703,0.0007644499133471556
2001-12-28,1161.02001953125,0.29477430305693064,0.00879211759132626,0.0007644499133471556
2001-12-31,1148.0799560546875,-1.4167684787103791,0.008450535432334096,0.0007644499133471556
2002-01-02,1154.6700439453125,0.5579379347240948,0.008888503715903238,0.0007644499133471556
2002-01-03,1165.27001953125,0.9692947934893066,0.008639022724076042,0.0007644499133471556
2002-01-04,1172.510009765625,0.6269668738990309,0.00865990237243462,0.0007644499133471556
2002-01-07,1164.8900146484375,-0.8615885283326111,0.008454771106327402,0.0007644499133471556
2002-01-08,1160.7099609375,-0.5189999525492066,0.008399367348264231,0.0007644499133471556
2002-01-09,1155.1400146484375,-0.6836491635865668,0.00815438966624752,0.0007644499133471556
2002-01-10,1156.550048828125,0.05694055388126776,0.00799898304614389,0.0007644499133471556
2002-01-11,1145.5999755859375,-1.3401603140695,0.007668807799568884,0.0007644499133471556
2002-01-14,1138.4100341796875,-0.8818267315312556,0.00800652048343231,0.0007644499133471556
2002-01-15,1146.18994140625,0.7581352212706044,0.007975246862987182,0.0007644499133471556
2002-01-16,1127.5699462890625,-2.1789126719155925,0.007867672045734447,0.0007644499133471556
2002-01-17,1138.8800048828125,1.0016638892976881,0.009200741607716867,0.0007644499133471556
2002-01-18,1127.5799560546875,-1.1616810179231254,0.009241842668917944,0.0007644499133471556
2002-01-22,1119.31005859375,-0.8615313454200078,0.009431668297736381,0.0007644499133471556
2002-01-23,1128.1800537109375,0.7621062854115395,0.009354123261215925,0.0007644499133471556
2002-01-24,1132.1500244140625,0.29852745261931846,0.009206151868062827,0.0007644499133471556
2002-01-25,1133.280029296875,0.026366521560208345,0.008842939709251428,0.0007644499133471556
2002-01-28,1133.06005859375,-0.1132920323722821,0.008461051137635428,0.0007644499133471556
2002-01-29,1100.6400146484375,-3.6751746919134125,0.008106987943417847,0.0007644499133471556
2002-01-30,1113.5699462890625,0.9091080258080737,0.012005977308613046,0.0007644499133471556
2002-01-31,1130.199951171875,1.1790524335642552,0.011924060669475186,0.0007644499133471556
2002-02-01,1122.199951171875,-0.64711726145349,0.01215856007693974,0.0007644499133471556
2002-02-04,1094.43994140625,-2.1807869878074344,0.011836409283966433,0.0007644499133471556
2002-02-05,1090.02001953125,-0.34886488388251186,0.013790871219696608,0.0007644499133471556
2002-02-06,1083.510009765625,-0.5112434714000288,0.01321235887022577,0.0007644499133471556
2002-02-07,1080.1700439453125,-0.3020376884600359,0.012752558817964766,0.0007644499133471556
2002-02-08,1096.219970703125,1.145782898569457,0.012205579999525202,0.0007644499133471556
2002-02-11,1111.93994140625,1.0866430695648164,0.01239953000501382,0.0007644499133471556
2002-02-12,1107.5,-0.3806620995534718,0.012518745167573786,0.0007644499133471556
2002-02-13,1118.510009765625,0.7595911102105593,0.0120166997891094,0.0007644499133471556
2002-02-14,1116.47998046875,-0.21889361376586783,0.011791296834310714,0.0007644499133471556
2002-02-15,1104.1800537109375,-1.0509584663092901,0.0112680806419592,0.0007644499133471556
2002-02-19,1083.3399658203125,-1.7468439195752967,0.011345402086064821,0.0007644499133471556
2002-02-20,1097.97998046875,1.0196550713765493,0.01241481623383126,0.0007644499133471556
2002-02-21,1080.949951171875,-1.316771455867226,0.012451911142435266,0.0007644499133471556
2002-02-22,1089.8399658203125,0.5761577551463256,0.012889137023725234,0.0007644499133471556
2002-02-25,1109.4300537109375,1.3654737040432547,0.012487317224207699,0.0007644499133471556
2002-02-26,1109.3800048828125,-0.06227561728375885,0.012999680519124346,0.0007644499133471556
2002-02-27,1109.8900146484375,-0.024614692377021796,0.012384087974986906,0.0007644499133471556
2002-02-28,1106.72998046875,-0.30640366471403374,0.011800350164203704,0.0007644499133471556
2002-03-01,1131.780029296875,1.9124753331024977,0.01130340680006006,0.0007644499133471556
2002-03-04,1153.8399658203125,1.4642646856837096,0.012661228840157674,0.0007644499133471556
2002-03-05,1146.1400146484375,-0.559275063094008,0.013338951466879094,0.0007644499133471556
2002-03-06,1162.77001953125,1.0568303229912335,0.01290734047137828,0.0007644499133471556
2002-03-07,1157.5400390625,-0.40591852113210664,0.01298895874289902,0.0007644499133471556
2002-03-08,1164.31005859375,0.40611684807738085,0.012477049273900663,0.0007644499133471556
2002-03-11,1168.260009765625,0.2187230424340542,0.01198928832348195,0.0007644499133471556
2002-03-12,1165.5799560546875,-0.2672210171703019,0.01145546549506228,0.0007644499133471556
2002-03-13,1154.0899658203125,-0.9733289800949846,0.010963512446063424,0.0007644499133471556
2002-03-14,1153.0400390625,-0.15278407785365672,0.010960620350319313,0.0007644499133471556
2002-03-15,1166.1600341796875,1.0077514879440224,0.01046876401130821,0.0007644499133471556
2002-03-18,1165.550048828125,-0.12257930308583587,0.010504697489588837,0.0007644499133471556
2002-03-19,1170.2900390625,0.3282926845550894,0.010033864461324028,0.0007644499133471556
2002-03-20,1151.8499755859375,-1.727651441338726,0.009635473898850663,0.0007644499133471556
2002-03-21,1153.5899658203125,0.07073902168370241,0.010531884212836781,0.0007644499133471556
2002-03-22,1148.699951171875,-0.4985339889752911,0.01005430668382699,0.0007644499133471556
2002-03-25,1131.8699951171875,-1.596452326692815,0.009724153632892956,0.0007644499133471556
2002-03-26,1138.489990234375,0.4852261091003222,0.010443041969567605,0.0007644499133471556
2002-03-27,1144.5799560546875,0.45302464582651825,0.01008875522163618,0.0007644499133471556
2002-03-28,1147.3900146484375,0.1733455763121953,0.009735705910134078,0.0007644499133471556
2002-04-01,1146.5400390625,-0.1616110203626592,0.009315669802822713,0.0007644499133471556
2002-04-02,1136.760009765625,-1.0463613093860231,0.008917642610330321,0.0007644499133471556
2002-04-03,1125.4000244140625,-1.2009179189275994,0.008999798667623744,0.0007644499133471556
2002-04-04,1126.3399658203125,0.0076310445060547415,0.009226520370485674,0.0007644499133471556
2002-04-05,1122.72998046875,-0.45055238478555754,0.008821738898654874,0.0007644499133471556
2002-04-08,1125.2900390625,0.17742069210278089,0.008528672563052408,0.0007644499133471556
2002-04-09,1117.800048828125,-0.9100469641462773,0.00817842770672453,0.0007644499133471556
2002-04-10,1130.469970703125,1.2871092115250862,0.008162856729115623,0.0007644499133471556
2002-04-11,1103.68994140625,-2.92376408237494,0.008461298695891673,0.0007644499133471556
2002-04-12,1111.010009765625,0.5262524180174724,0.011108760662810229,0.0007644499133471556
2002-04-15,1102.550048828125,-0.7823788331001792,0.010747027902055607,0.0007644499133471556
2002-04-16,1128.3699951171875,2.1166900792445733,0.01057497098097618,0.0007644499133471556
2002-04-17,1126.0699462890625,-0.22967509507171913,0.012212521389430818,0.0007644499133471556
2002-04-18,1124.469970703125,-0.18734788017972723,0.01166978498954071,0.0007644499133471556
2002-04-19,1125.1700439453125,-0.0127460149629499,0.01114567882021334,0.0007644499133471556
2002-04-22,1107.8299560546875,-1.5328561673486523,0.010630819372136004,0.0007644499133471556
2002-04-23,1100.9599609375,-0.6174361191771651,0.01131301844436911,0.0007644499133471556
2002-04-24,1093.1400146484375,-0.7175121654450951,0.011000006775135369,0.0007644499133471556
2002-04-25,1091.47998046875,-0.21209293492998235,0.010769791084237678,0.0007644499133471556
2002-04-26,1076.3199462890625,-1.4321561671400458,0.010300022020353596,0.0007644499133471556
2002-04-29,1065.449951171875,-1.0081148349525937,0.010827155425681603,0.0007644499133471556
2002-04-30,1076.9200439453125,0.9155376829788833,0.010860838154045123,0.0007644499133471556
2002-05-01,1086.4599609375,0.7456388594061035,0.01080290115248427,0.0007644499133471556
2002-05-02,1084.56005859375,-0.2372296778802971,0.010600232406327927,0.0007644499133471556
2002-05-03,1073.4300537109375,-1.0920676618839555,0.010145616551995813,0.0007644499133471556
2002-05-06,1052.6700439453125,-1.9763860596348481,0.01026813224463396,0.0007644499133471556
2002-05-07,1049.489990234375,-0.3262242153199226,0.011617662399419021,0.0007644499133471556
2002-05-08,1088.8499755859375,3.237182689246754,0.01113724555001138,0.0007644499133471556
2002-05-09,1073.010009765625,-1.0046788737880339,0.015346922225387543,0.0007644499133471556
2002-05-10,1054.989990234375,-1.1531420408798727,0.015350202059322984,0.0007644499133471556
2002-05-13,1074.56005859375,1.1303820106467048,0.015583759262210067,0.0007644499133471556
2002-05-14,1097.280029296875,1.277317673990322,0.01578200747862811,0.0007644499133471556
2002-05-15,1091.0699462890625,-0.3965566335863811,0.01623992508272523,0.0007644499133471556
2002-05-16,1098.22998046875,0.3709507788925976,0.015572169312681383,0.0007644499133471556
2002-05-17,1106.5899658203125,0.45703334480385693,0.014920046633624345,0.0007644499133471556
2002-05-20,1091.8800048828125,-0.9857637512216458,0.01435095185241412,0.0007644499133471556
2002-05-21,1079.8800048828125,-0.8243125343359143,0.014333771105293998,0.0007644499133471556
2002-05-22,1086.02001953125,0.3474630808845815,0.014117405606067059,0.0007644499133471556
2002-05-23,1097.0799560546875,0.6927740991440922,0.013522386742382948,0.0007644499133471556
2002-05-24,1083.8199462890625,-0.9796394671931191,0.013193350282593204,0.0007644499133471556
2002-05-28,1074.550048828125,-0.7098840194531671,0.013177114766876406,0.0007644499133471556
2002-05-29,1067.6600341796875,-0.5590358114676749,0.012874121278769054,0.0007644499133471556
2002-05-30,1064.6600341796875,-0.2871662085093112,0.01246068703791951,0.0007644499133471556
2002-05-31,1067.1400146484375,0.13102313279475655,0.01192312396759465,0.0007644499133471556
2002-06-03,1040.6800537109375,-2.2745322826304966,0.011374751324986781,0.0007644499133471556
2002-06-04,1040.68994140625,-0.05614064819068953,0.013447453784018952,0.0007644499133471556
2002-06-05,1049.9000244140625,0.6283024240881068,0.012806884352145845,0.0007644499133471556
2002-06-06,1029.1500244140625,-1.6651039715016063,0.012447362155826662,0.0007644499133471556
2002-06-07,1027.530029296875,-0.1738205720896234,0.013461006809390226,0.0007644499133471556
2002-06-10,1030.739990234375,0.18341544044656446,0.01283773567018487,0.0007644499133471556
2002-06-11,1013.5999755859376,-1.4312808752113766,0.012249940377594725,0.0007644499133471556
2002-06-12,1020.260009765625,0.44995918378678484,0.012856122740611297,0.0007644499133471556
2002-06-13,1009.5599975585938,-0.913784063510737,0.01237422139568467,0.0007644499133471556
2002-06-14,1007.27001953125,-0.2469394276201232,0.012291757402782528,0.0007644499133471556
2002-06-17,1036.1700439453125,2.3424254313464767,0.011749827697023287,0.0007644499133471556
2002-06-18,1037.1400146484375,0.012200410582177143,0.014034258526462678,0.0007644499133471556
2002-06-19,1019.989990234375,-1.3053181378464573,0.01335963604270323,0.0007644499133471556
2002-06-20,1006.2899780273438,-1.0349998682228163,0.01380385198710092,0.0007644499133471556
2002-06-21,989.1400146484376,-1.295828969749491,0.013855311503705545,0.0007644499133471556
2002-06-24,992.719970703125,0.19921920910513705,0.014297203125964974,0.0007644499133471556
2002-06-25,976.1400146484376,-1.291191588033152,0.013636269997068868,0.0007644499133471556
2002-06-26,973.530029296875,-0.24470704620986533,0.014065032660138681,0.0007644499133471556
2002-06-27,990.6400146484376,1.2403347501413993,0.013430320086229637,0.0007644499133471556
2002-06-28,989.8200073242188,-0.11561501339179842,0.0137745760250153,0.0007644499133471556
2002-07-01,968.6500244140624,-1.7057039977917143,0.013123139196831226,0.0007644499133471556
2002-07-02,948.0900268554688,-1.5575138008784946,0.0142652744742563,0.0007644499133471556
2002-07-03,953.989990234375,0.35791249809671416,0.01519719570699009,0.0007644499133471556
2002-07-05,989.030029296875,2.425664531207753,0.014555625937064698,0.0007644499133471556
2002-07-08,976.97998046875,-0.7401910528516167,0.017594083723791096,0.0007644499133471556
2002-07-09,952.8300170898438,-1.499700089011842,0.017199498411503467,0.0007644499133471556
2002-07-10,920.469970703125,-1.9433616100131286,0.0181729401404567,0.0007644499133471556
2002-07-11,927.3699951171876,0.32861238450018465,0.02040029755381854,0.0007644499133471556
2002-07-12,921.3900146484376,-0.37106827146970284,0.019494127754474247,0.0007644499133471556
2002-07-15,917.9299926757812,-0.24259586813268755,0.018659584884391928,0.0007644499133471556
2002-07-16,900.9400024414062,-1.093080547611755,0.017790922673158297,0.0007644499133471556
2002-07-17,906.0399780273438,0.2720627913160164,0.017938195680925494,0.0007644499133471556
2002-07-18,881.5599975585938,-1.644630252425492,0.017119238959764596,0.0007644499133471556
2002-07-19,847.75,-2.162992994785599,0.01843359250482739,0.0007644499133471556
2002-07-22,819.8499755859375,-1.6010079094006062,0.021379572081394183,0.0007644499133471556
2002-07-23,797.7000122070312,-1.2308349026148167,0.02287326639084751,0.0007644499133471556
2002-07-24,843.4299926757812,2.3509680662214474,0.023386047204715658,0.0007644499133471556
2002-07-25,838.6799926757812,-0.2297751583171503,0.027906122328243507,0.0007644499133471556
2002-07-26,852.8400268554688,0.6013516583490213,0.02657067530631702,0.0007644499133471556
2002-07-29,898.9600219726562,2.019159760756364,0.025704813963261276,0.0007644499133471556
2002-07-30,902.780029296875,0.11921172645824293,0.029157449497304432,0.0007644499133471556
2002-07-31,911.6199951171876,0.32413211438055567,0.02770431272019131,0.0007644499133471556
2002-08-01,884.6599731445312,-1.1638455638601575,0.026450520625127566,0.0007644499133471556
2002-08-02,864.239990234375,-0.8985794383387163,0.026839378043938534,0.0007644499133471556
2002-08-05,834.5999755859375,-1.3436427083736633,0.02654158541933651,0.0007644499133471556
2002-08-06,859.5700073242188,1.0448564149967365,0.027482516732566572,0.0007644499133471556
2002-08-07,876.77001953125,0.6914766722527155,0.02754684384973586,0.0007644499133471556
2002-08-08,905.4600219726562,1.1727507672534148,0.026803609542150234,0.0007644499133471556
2002-08-09,908.6400146484376,0.10070224144012088,0.027222990992958423,0.0007644499133471556
2002-08-12,903.7999877929688,-0.23605861159055966,0.02586374058447284,0.0007644499133471556
2002-08-13,884.2100219726562,-0.9206231551524154,0.024633225245948513,0.0007644499133471556
2002-08-14,919.6199951171876,1.5772252376193203,0.024410888984607512,0.0007644499133471556
2002-08-15,930.25,0.4121887301741977,0.026027837732432415,0.0007644499133471556
2002-08-16,928.77001953125,-0.09450849522604389,0.024936022786671095,0.0007644499133471556
2002-08-19,950.7000122070312,0.9527052430721543,0.023693547722382958,0.0007644499133471556
2002-08-20,937.4299926757812,-0.6293573734601101,0.023549318981952398,0.0007644499133471556
2002-08-21,949.3599853515624,0.520500397691701,0.02282712460798093,0.0007644499133471556
2002-08-22,962.7000122070312,0.5998104721389078,0.02198918197685868,0.0007644499133471556
2002-08-23,940.8599853515624,-1.1143083165582002,0.02127953634834921,0.0007644499133471556
2002-08-26,947.9500122070312,0.3137693397505468,0.021490264681566194,0.0007644499133471556
2002-08-27,934.8200073242188,-0.7168877033950795,0.02052234366343679,0.0007644499133471556
2002-08-28,917.8699951171876,-0.952296921366772,0.020017592869177307,0.0007644499133471556
2002-08-29,917.7999877929688,-0.04223971081383309,0.019903647754980092,0.0007644499133471556
2002-08-30,916.0700073242188,-0.14015094937595296,0.018916387095498685,0.0007644499133471556
2002-09-03,878.02001953125,-2.3995787234778763,0.017998094328285613,0.0007644499133471556
2002-09-04,893.4000244140625,0.766705388297897,0.02165185209542962,0.0007644499133471556
2002-09-05,879.1500244140625,-0.7947441128353853,0.02119339612065198,0.0007644499133471556
2002-09-06,893.9199829101562,0.7645906494732669,0.020790546326915748,0.0007644499133471556
2002-09-09,902.9600219726562,0.4568965333904981,0.0203493850261637,0.0007644499133471556
2002-09-10,909.5800170898438,0.334596858374619,0.019546637208252178,0.0007644499133471556
2002-09-11,909.4500122070312,-0.0485627881888725,0.01868485388347343,0.0007644499133471556
2002-09-12,886.9099731445312,-1.4559245262990894,0.017762598807243683,0.0007644499133471556
2002-09-13,889.8099975585938,0.1339572786485963,0.018662837063657553,0.0007644499133471556
2002-09-16,891.0999755859375,0.03853436702191305,0.01775618272541392,0.0007644499133471556
2002-09-17,873.52001953125,-1.2255349368974895,0.016882447367573317,0.0007644499133471556
2002-09-18,869.4600219726562,-0.3140822917544746,0.017266632227533302,0.0007644499133471556
2002-09-19,843.3200073242188,-1.8961495474961123,0.016502028110278618,0.0007644499133471556
2002-09-20,845.3900146484375,0.09167152924227279,0.01840413740070145,0.0007644499133471556
2002-09-23,833.7000122070312,-0.8392553781513341,0.01750228465281829,0.0007644499133471556
2002-09-24,819.2899780273438,-1.0555735524119314,0.017241816278460914,0.0007644499133471556
2002-09-25,839.6599731445312,1.3736967256982513,0.01732149530485434,0.0007644499133471556
2002-09-26,854.9500122070312,0.9590685834797917,0.01801908262490719,0.0007644499133471556
2002-09-27,827.3699951171875,-1.8710592034467404,0.017933939510799125,0.0007644499133471556
2002-09-30,815.280029296875,-0.777201541736474,0.01992377772932364,0.0007644499133471556
2002-10-01,847.9099731445312,1.971006555282147,0.019522191816071528,0.0007644499133471556
2002-10-02,827.9099731445312,-1.1197832417190412,0.021999343283070388,0.0007644499133471556
2002-10-03,818.9500122070312,-0.5239279587968414,0.022227909908855217,0.0007644499133471556
2002-10-04,800.5800170898438,-1.0949556359532087,0.021417315595456246,0.0007644499133471556
2002-10-07,785.280029296875,-0.929322619668193,0.021586213902420662,0.0007644499133471556
2002-10-08,798.5499877929688,0.7468205389711969,0.021414433157479304,0.0007644499133471556
2002-10-09,776.760009765625,-1.3583304660376259,0.02093053459548024,0.0007644499133471556
2002-10-10,803.9199829101562,1.5470790378674786,0.021720839613897144,0.0007644499133471556
2002-10-11,835.3200073242188,1.62738190324666,0.02307430312817768,0.0007644499133471556
2002-10-14,841.4400024414062,0.2638537025048413,0.024768911826410958,0.0007644499133471556
2002-10-15,881.27001953125,1.9265395009715938,0.02360964225661921,0.0007644499133471556
2002-10-16,860.02001953125,-0.9526868537241115,0.026423009177308526,0.0007644499133471556
2002-10-17,879.2000122070312,0.8109330781069587,0.02625654339898865,0.0007644499133471556
2002-10-18,884.3900146484375,0.19867066280421045,0.025777794378574657,0.0007644499133471556
2002-10-21,899.719970703125,0.6694029040954067,0.0245307614446304,0.0007644499133471556
2002-10-22,890.1599731445312,-0.48018534350253683,0.023838356655269618,0.0007644499133471556
2002-10-23,896.1400146484375,0.2588412744571104,0.022913754903375015,0.0007644499133471556
2002-10-24,882.5,-0.7372081423976712,0.02184230924097449,0.0007644499133471556
2002-10-25,897.6500244140625,0.7620758805712242,0.02133255520645164,0.0007644499133471556
2002-10-28,890.22998046875,-0.4342577632404678,0.02087442258687179,0.0007644499133471556
2002-10-29,882.1500244140625,-0.4933994932960617,0.02002869310636429,0.0007644499133471556
2002-10-30,890.7100219726562,0.46137204577923213,0.019273675305046267,0.0007644499133471556
2002-10-31,885.760009765625,-0.34217732216895064,0.018520594722865876,0.0007644499133471556
2002-11-01,900.9600219726562,0.9174684032048194,0.01771220823508807,0.0007644499133471556
2002-11-04,908.3499755859376,0.42156740206139576,0.017563986597326456,0.0007644499133471556
2002-11-05,915.3900146484376,0.4127371453247864,0.016853414174592844,0.0007644499133471556
2002-11-06,923.760009765625,0.5156739949014648,0.016168428906960037,0.0007644499133471556
2002-11-07,902.6500244140624,-1.5318521392491435,0.015590179421946997,0.0007644499133471556
2002-11-08,894.739990234375,-0.5781313382686504,0.016546752177098712,0.0007644499133471556
2002-11-11,876.1900024414062,-1.3564512554640513,0.016008424193060505,0.0007644499133471556
2002-11-12,882.9500122070312,0.4163317218831492,0.01662417785059958,0.0007644499133471556
2002-11-13,882.530029296875,-0.07774727821757642,0.015951964696329413,0.0007644499133471556
2002-11-14,904.27001953125,1.552927784819619,0.015178261681165463,0.0007644499133471556
2002-11-15,909.8300170898438,0.33210907897838443,0.01615531799175693,0.0007644499133471556
2002-11-18,900.3599853515625,-0.7265125892335659,0.01545406185592807,0.0007644499133471556
2002-11-19,896.739990234375,-0.3173945067756997,0.015101593780095022,0.0007644499133471556
2002-11-20,914.1500244140624,1.278318259671299,0.014444207730138086,0.0007644499133471556
2002-11-21,933.760009765625,1.3758004433818498,0.01487156662615667,0.0007644499133471556
2002-11-22,930.5499877929688,-0.271761014459544,0.015484598490258645,0.0007644499133471556
2002-11-25,932.8699951171876,0.11669032010413063,0.014787897070963618,0.0007644499133471556
2002-11-26,913.3099975585938,-1.5590549672259446,0.014082210399072008,0.0007644499133471556
2002-11-27,938.8699951171876,1.7884092537921146,0.015006190014491603,0.0007644499133471556
2002-11-29,936.3099975585938,-0.21196099420659373,0.01648819197745708,0.0007644499133471556
2002-12-02,934.530029296875,-0.1697014592467346,0.015717631920408842,0.0007644499133471556
2002-12-03,920.75,-1.0431049685372977,0.014974192931376083,0.0007644499133471556
2002-12-04,917.5800170898438,-0.2802309348943849,0.015034803445644557,0.0007644499133471556
2002-12-05,906.5499877929688,-0.8951461001939113,0.01436420905716928,0.0007644499133471556
2002-12-06,912.22998046875,0.38518657441906207,0.01423078553428409,0.0007644499133471556
2002-12-09,892.0,-1.6989784213383228,0.013649641980801708,0.0007644499133471556
2002-12-10,904.4500122070312,0.8836593932316229,0.014820704958532906,0.0007644499133471556
2002-12-11,904.9600219726562,-0.013686073891722262,0.014665962705158716,0.0007644499133471556
2002-12-12,901.5800170898438,-0.322877911269229,0.01395703829716094,0.0007644499133471556
2002-12-13,889.47998046875,-1.068704829716145,0.01335845765080609,0.0007644499133471556
2002-12-16,910.4000244140624,1.6708818166625246,0.01345555364729626,0.0007644499133471556
2002-12-17,902.989990234375,-0.6139931526470194,0.014555653788575072,0.0007644499133471556
2002-12-18,891.1199951171875,-0.9911322044678369,0.014122056711010317,0.0007644499133471556
2002-12-19,884.25,-0.6025201499254778,0.014113577589616797,0.0007644499133471556
2002-12-20,895.760009765625,0.8890897159567863,0.013686192334330131,0.0007644499133471556
2002-12-23,897.3800048828125,0.07689753995661401,0.013556108065542001,0.0007644499133471556
2002-12-24,892.469970703125,-0.48414308611168955,0.012911462344291113,0.0007644499133471556
2002-12-26,889.6599731445312,-0.3147662410948052,0.012447267653519644,0.0007644499133471556
2002-12-27,875.4000244140625,-1.4196310043218983,0.011920586613621194,0.0007644499133471556
2002-12-30,879.3900146484375,0.3027640268835831,0.012495207669588828,0.0007644499133471556
2002-12-31,879.8200073242188,-0.02304070460460733,0.01196154579190842,0.0007644499133471556
2003-01-02,909.030029296875,2.7976248386747007,0.011401217699934805,0.0007644499133471556
2003-01-03,908.5900268554688,-0.08530832197456881,0.014636346930181171,0.0007644499133471556
2003-01-06,929.010009765625,1.5401765326698194,0.01393417331261137,0.0007644499133471556
2003-01-07,922.9299926757812,-0.49487008555342604,0.014813139084414813,0.0007644499133471556
2003-01-08,909.9299926757812,-1.0473063639143978,0.014274876044085233,0.0007644499133471556
2003-01-09,927.5700073242188,1.2854328894172662,0.014342371383522625,0.0007644499133471556
2003-01-10,927.5700073242188,-0.051724453028847206,0.014779274957645559,0.0007644499133471556
2003-01-13,926.260009765625,-0.1548224514852883,0.014066033731138912,0.0007644499133471556
2003-01-14,931.6599731445312,0.3765756553281381,0.013406281404120708,0.0007644499133471556
2003-01-15,918.219970703125,-1.1894003272368692,0.01285974165256161,0.0007644499133471556
2003-01-16,914.5999755859376,-0.359354925100609,0.013119750064410867,0.0007644499133471556
2003-01-17,901.780029296875,-1.1829981474845606,0.012578729825441178,0.0007644499133471556
2003-01-21,887.6199951171875,-1.293547416739305,0.012826242072842253,0.0007644499133471556
2003-01-22,878.3599853515625,-0.8499289949533984,0.01323834373852051,0.0007644499133471556
2003-01-23,887.3400268554688,0.7196269023431027,0.013072451887409289,0.0007644499133471556
2003-01-24,861.4000244140625,-2.381092940009545,0.012781400554142522,0.0007644499133471556
2003-01-27,847.47998046875,-1.1110701875430609,0.01535117579165456,0.0007644499133471556
2003-01-28,858.5399780273438,0.7863556623666018,0.015516616862346353,0.0007644499133471556
2003-01-29,864.3599853515625,0.39340765193550425,0.01523009337934473,0.0007644499133471556
2003-01-30,844.6099853515625,-1.6347566218600809,0.014606955142813537,0.0007644499133471556
2003-01-31,855.7000122070312,0.7812939820738652,0.015718086978056833,0.0007644499133471556
2003-02-03,860.3200073242188,0.2996019668053197,0.015420826575646284,0.0007644499133471556
2003-02-04,848.2000122070312,-1.0144478636819596,0.014739446541521319,0.0007644499133471556
2003-02-05,843.5900268554688,-0.42103785464176813,0.014759468459044092,0.0007644499133471556
2003-02-06,838.1500244140625,-0.5103506349190944,0.014174500083797704,0.0007644499133471556
2003-02-07,829.6900024414062,-0.7978251251895412,0.013673950322771179,0.0007644499133471556
2003-02-10,835.969970703125,0.5040472687272437,0.01344338665042306,0.0007644499133471556
2003-02-11,829.2000122070312,-0.6859181545511203,0.012969108339275212,0.0007644499133471556
2003-02-12,818.6799926757812,-1.0696486553986735,0.012651413118928005,0.0007644499133471556
2003-02-13,817.3699951171875,-0.18556641608750965,0.012749426229569363,0.0007644499133471556
2003-02-14,834.8900146484375,1.680277218068617,0.012166852179169529,0.0007644499133471556
2003-02-18,851.1699829101562,1.4065334708704158,0.013186608642347313,0.0007644499133471556
2003-02-19,845.1300048828125,-0.571830357229953,0.013790516515010969,0.0007644499133471556
2003-02-20,837.0999755859375,-0.7723472339261198,0.01335074227620494,0.0007644499133471556
2003-02-21,848.1699829101562,0.944360052906101,0.013102109515102357,0.0007644499133471556
2003-02-24,832.5800170898438,-1.4807877389233484,0.013044532173419148,0.0007644499133471556
2003-02-25,838.5700073242188,0.465140594000515,0.01376849329250029,0.0007644499133471556
2003-02-26,827.5499877929688,-1.055669224475251,0.013255103848085896,0.0007644499133471556
2003-02-27,837.280029296875,0.8192476611399443,0.013334934701116442,0.0007644499133471556
2003-02-28,841.1500244140625,0.29289346873266076,0.013134484284200262,0.0007644499133471556
2003-03-03,834.8099975585938,-0.6629952365381329,0.012564692052295618,0.0007644499133471556
2003-03-04,821.989990234375,-1.3267084814354648,0.012241109190832553,0.0007644499133471556
2003-03-05,829.8499755859375,0.6898513032901288,0.012687175540868392,0.0007644499133471556
2003-03-06,822.0999755859375,-0.8195394311810424,0.012381795449069437,0.0007644499133471556
2003-03-07,828.8900146484375,0.6114205742272595,0.012202748739367308,0.0007644499133471556
2003-03-10,807.47998046875,-2.272412526445248,0.011852452323335351,0.0007644499133471556
2003-03-11,800.72998046875,-0.6540239912668969,0.014003959541050732,0.0007644499133471556
2003-03-12,804.1900024414062,0.26036161264452534,0.013624610607991128,0.0007644499133471556
2003-03-13,831.9000244140625,2.543586058121595,0.013017942881913878,0.0007644499133471556
2003-03-14,833.27001953125,0.054933509414903145,0.01603797387350158,0.0007644499133471556
2003-03-17,862.7899780273438,2.2316650851162945,0.015257265251734915,0.0007644499133471556
2003-03-18,866.4500122070312,0.19386083850297198,0.01789257427612431,0.0007644499133471556
2003-03-19,874.02001953125,0.46553591176113646,0.017043610915411133,0.0007644499133471556
2003-03-20,875.6699829101562,0.06843397185593778,0.0163888948466968,0.0007644499133471556
2003-03-21,895.7899780273438,1.4080300762329214,0.015590752154950807,0.0007644499133471556
2003-03-24,864.22998046875,-2.248290833531603,0.016293052865219693,0.0007644499133471556
2003-03-25,874.739990234375,0.5912458006821962,0.019151635025735345,0.0007644499133471556
2003-03-26,869.9500122070312,-0.3375474839498421,0.01853186774287636,0.0007644499133471556
2003-03-27,868.52001953125,-0.13597951880559572,0.017720069798562305,0.0007644499133471556
2003-03-28,863.5,-0.3890830858405288,0.016863206546177133,0.0007644499133471556
2003-03-31,848.1799926757812,-1.1548962572472934,0.016162039317530002,0.0007644499133471556
2003-04-01,858.47998046875,0.6890981481985727,0.01640701284908739,0.0007644499133471556
2003-04-02,880.9000244140625,1.5648889724445112,0.015986008905365043,0.0007644499133471556
2003-04-03,876.4500122070312,-0.3421204660774608,0.017037618983942664,0.0007644499133471556
2003-04-04,878.8499755859375,0.12086710366840205,0.01629959939340502,0.0007644499133471556
2003-04-07,879.9299926757812,0.0298882466396892,0.015514250235307503,0.0007644499133471556
2003-04-08,878.2899780273438,-0.17818340875205949,0.01476001751536712,0.0007644499133471556
2003-04-09,865.989990234375,-1.056779184488287,0.01406907939344672,0.0007644499133471556
2003-04-10,871.5800170898438,0.4006984530420371,0.014149983056401754,0.0007644499133471556
2003-04-11,868.2999877929688,-0.3339092345937607,0.013581124883365945,0.0007644499133471556
2003-04-14,885.22998046875,1.4259419597254144,0.013005973446136514,0.0007644499133471556
2003-04-15,890.8099975585938,0.4047831551782837,0.013635034646715432,0.0007644499133471556
2003-04-16,879.9099731445312,-0.9987507072406312,0.013092365560713543,0.0007644499133471556
2003-04-17,893.5800170898438,1.1184332209696952,0.013100322906051112,0.0007644499133471556
2003-04-21,892.010009765625,-0.19021461184485872,0.013263865023097789,0.0007644499133471556
2003-04-22,911.3699951171876,1.6362797518916214,0.012655019640331331,0.0007644499133471556
2003-04-23,919.02001953125,0.5571312137632165,0.01363143819232396,0.0007644499133471556
2003-04-24,911.4299926757812,-0.6868689232429257,0.013186750949380412,0.0007644499133471556
2003-04-25,898.8099975585938,-1.143403664052896,0.012862975291632568,0.0007644499133471556
2003-04-28,914.8400268554688,1.2951274722772586,0.013059025402899408,0.0007644499133471556
2003-04-29,917.8400268554688,0.18616882740992688,0.013479414998446515,0.0007644499133471556
2003-04-30,916.9199829101562,-0.1374503210726464,0.012858128236474446,0.0007644499133471556
2003-05-01,916.2999877929688,-0.1175258102417159,0.012259860795402725,0.0007644499133471556
2003-05-02,930.0800170898438,1.2113880934777308,0.011691021103363319,0.0007644499133471556
2003-05-05,926.5499877929688,-0.38171455315526737,0.01196463317399738,0.0007644499133471556
2003-05-06,934.3900146484376,0.6668062443207786,0.011489811553969123,0.0007644499133471556
2003-05-07,929.6199951171876,-0.5249627127568778,0.011205520250542651,0.0007644499133471556
2003-05-08,920.27001953125,-1.0031639099229428,0.010838925302679317,0.0007644499133471556
2003-05-09,933.4099731445312,1.2342313470456014,0.010867445438952326,0.0007644499133471556
2003-05-12,945.1099853515624,1.0479757876320817,0.011157069995283797,0.0007644499133471556
2003-05-13,942.2999877929688,-0.3331796021163044,0.011231404828296621,0.0007644499133471556
2003-05-14,939.280029296875,-0.3689244398968957,0.010773145470999603,0.0007644499133471556
2003-05-15,946.6699829101562,0.6832271684602409,0.010351520629619608,0.0007644499133471556
2003-05-16,944.2999877929688,-0.3233047123082076,0.01011768774774122,0.0007644499133471556
2003-05-19,920.77001953125,-2.6765375911958795,0.009713314551206607,0.0007644499133471556
2003-05-20,919.72998046875,-0.15473880342151666,0.01224398872260388,0.0007644499133471556
2003-05-21,923.4199829101562,0.2773095111607454,0.011682156219966234,0.0007644499133471556
2003-05-22,931.8699951171876,0.7462976161822731,0.011181483401294235,0.0007644499133471556
2003-05-23,933.219970703125,0.062286175973555076,0.010968332780880918,0.0007644499133471556
2003-05-27,951.47998046875,1.7785354997621767,0.01046549617751704,0.0007644499133471556
2003-05-28,953.219970703125,0.09231908966128528,0.011510076310547466,0.0007644499133471556
2003-05-29,949.6400146484376,-0.4123286821608808,0.010979506160586273,0.0007644499133471556
2003-05-30,963.5900268554688,1.3078415459997412,0.010565874821139496,0.0007644499133471556
2003-06-02,967.0,0.2530053170479726,0.01094097454258536,0.0007644499133471556
2003-06-03,971.5599975585938,0.37624295597729107,0.010472167340276013,0.0007644499133471556
2003-06-04,986.239990234375,1.4135538146060111,0.010068416332777013,0.0007644499133471556
2003-06-05,990.1400146484376,0.3012788643384836,0.01056227216648792,0.0007644499133471556
2003-06-06,987.760009765625,-0.3131078908258176,0.01012765543908849,0.0007644499133471556
2003-06-09,975.9299926757812,-1.3183103615300664,0.009719530702877292,0.0007644499133471556
2003-06-10,984.8400268554688,0.8252999614615926,0.010085925298889182,0.0007644499133471556
2003-06-11,997.47998046875,1.203055198928776,0.00996497106362882,0.0007644499133471556
2003-06-12,998.510009765625,0.026227070413525296,0.010205060411946383,0.0007644499133471556
2003-06-13,988.6099853515624,-1.1010715432555396,0.00974389563369936,0.0007644499133471556
2003-06-16,1010.739990234375,2.1643648874982064,0.009875254425803176,0.0007644499133471556
2003-06-17,1011.6599731445312,0.012646016980682942,0.011493214988461405,0.0007644499133471556
2003-06-18,1010.0900268554688,-0.21147401340040353,0.010958826499043572,0.0007644499133471556
2003-06-19,994.7000122070312,-1.5381764032236744,0.010478638739069606,0.0007644499133471556
2003-06-20,995.6900024414062,0.020637659523140898,0.011160193133064331,0.0007644499133471556
2003-06-23,981.6400146484376,-1.4068797982311871,0.010644661510486875,0.0007644499133471556
2003-06-24,983.4500122070312,0.09664266671471833,0.01115141941475758,0.0007644499133471556
2003-06-25,975.3200073242188,-0.851928911347759,0.010641298954485344,0.0007644499133471556
2003-06-26,985.8200073242188,0.9443306142001786,0.010529903123946596,0.0007644499133471556
2003-06-27,976.219970703125,-1.004418586926907,0.010503886326827036,0.0007644499133471556
2003-06-30,974.5,-0.23992154606520322,0.010536243388065209,0.0007644499133471556
2003-07-01,982.3200073242188,0.7166700298347255,0.010085756549639707,0.0007644499133471556
2003-07-02,993.75,1.0931126647582357,0.009883782427207732,0.0007644499133471556
2003-07-03,985.7000122070312,-0.889160872615224,0.010007249644488014,0.0007644499133471556
2003-07-07,1004.4199829101562,1.8157273463700472,0.009940375422149155,0.0007644499133471556
2003-07-08,1007.8400268554688,0.23963774160193207,0.01099476289992006,0.0007644499133471556
2003-07-09,1002.2100219726562,-0.6051912742672678,0.01051951714421572,0.0007644499133471556
2003-07-10,988.7000122070312,-1.4015710870190305,0.010228772015085959,0.0007644499133471556
2003-07-11,998.1400146484376,0.8156465300192958,0.010713158488805703,0.0007644499133471556
2003-07-14,1003.8599853515624,0.46832152556881124,0.010569281598220301,0.0007644499133471556
2003-07-15,1000.4199829101562,-0.41144292123735715,0.010200952982940454,0.0007644499133471556
2003-07-16,994.0900268554688,-0.7238775153028324,0.009824660463534866,0.0007644499133471556
2003-07-17,981.72998046875,-1.377739820050987,0.009636014711772438,0.0007644499133471556
2003-07-18,993.3200073242188,1.089557984945944,0.010070252307246926,0.0007644499133471556
2003-07-21,978.7999877929688,-1.5200945191108046,0.010190159833779522,0.0007644499133471556
2003-07-22,988.1099853515624,0.8034595204319609,0.010830967244050072,0.0007644499133471556
2003-07-23,988.6099853515624,-0.024223394064758666,0.010674034849650857,0.0007644499133471556
2003-07-24,981.5999755859376,-0.7736524098982951,0.010186076597969319,0.0007644499133471556
2003-07-25,998.6799926757812,1.6449129149921882,0.01002246446739897,0.0007644499133471556
2003-07-28,996.52001953125,-0.2705369821822769,0.010828908764251053,0.0007644499133471556
2003-07-29,989.280029296875,-0.7768060930060378,0.010370984288155914,0.0007644499133471556
2003-07-30,987.489990234375,-0.25238675426196994,0.010204676125313498,0.0007644499133471556
2003-07-31,990.3099975585938,0.21351986296552508,0.009775262902358639,0.0007644499133471556
2003-08-01,980.1500244140624,-1.1833600549896328,0.009360487319820301,0.0007644499133471556
2003-08-04,982.8200073242188,0.20431212240771082,0.009573107514317279,0.0007644499133471556
2003-08-05,965.4600219726562,-2.0272907935665376,0.009167778705962894,0.0007644499133471556
2003-08-06,967.0800170898438,0.08718178695006919,0.01046199506476194,0.0007644499133471556
2003-08-07,974.1199951171876,0.6495478338293899,0.009989725589420123,0.0007644499133471556
2003-08-08,977.5900268554688,0.2864008493782713,0.009746627741271963,0.0007644499133471556
2003-08-11,980.5900268554688,0.24592447397314887,0.009350928193882009,0.0007644499133471556
2003-08-12,990.3499755859376,1.019268015146975,0.008966711981565338,0.0007644499133471556
2003-08-13,984.030029296875,-0.7940561314499563,0.009025088801787384,0.0007644499133471556
2003-08-14,990.510009765625,0.6509650620051752,0.008908477763845166,0.0007644499133471556
2003-08-15,990.6699829101562,-0.06925260340316926,0.008706634712167068,0.0007644499133471556
2003-08-18,999.739990234375,1.0017662317432825,0.008334600009025826,0.0007644499133471556
2003-08-19,1002.3499755859376,0.2197805154684338,0.008384785012782892,0.0007644499133471556
2003-08-20,1000.2999877929688,-0.3492875743468708,0.008049887902543072,0.0007644499133471556
2003-08-21,1003.27001953125,0.2834135389395459,0.007763538515484531,0.0007644499133471556
2003-08-22,993.0599975585938,-1.4702577926659581,0.007477145077977211,0.0007644499133471556
2003-08-25,993.7100219726562,-0.01387874929717273,0.007932770827447911,0.0007644499133471556
2003-08-26,996.72998046875,0.29847258793475506,0.007605440946562291,0.0007644499133471556
2003-08-27,996.7899780273438,-0.09605975107770443,0.007331450702436349,0.0007644499133471556
2003-08-28,1002.8400268554688,0.7504612150290227,0.007044650309458259,0.0007644499133471556
2003-08-29,1008.010009765625,0.6285463186500995,0.006964718877590026,0.0007644499133471556
2003-09-02,1021.989990234375,1.9042721608835826,0.00683155899314017,0.0007644499133471556
2003-09-03,1026.27001953125,0.44387977929602507,0.007692942680077464,0.0007644499133471556
2003-09-04,1027.969970703125,0.11947402004702908,0.007454476376412188,0.0007644499133471556
2003-09-05,1021.3900146484376,-1.00336161479479,0.007161870649544194,0.0007644499133471556
2003-09-08,1031.6400146484375,1.2757405368700292,0.007227860187909784,0.0007644499133471556
2003-09-09,1023.1699829101562,-1.2011698395779231,0.007499854258045207,0.0007644499133471556
2003-09-10,1010.9199829101562,-1.6607730986712075,0.007712850036427842,0.0007644499133471556
2003-09-11,1016.4199829101562,0.5562255288653281,0.008380399974761872,0.0007644499133471556
2003-09-12,1018.6300048828124,0.17264551573207018,0.008152597240733549,0.0007644499133471556
2003-09-15,1014.8099975585938,-0.5779374783842447,0.00782375542821874,0.0007644499133471556
2003-09-16,1029.3199462890625,1.760356651330373,0.00763054889532867,0.0007644499133471556
2003-09-17,1025.969970703125,-0.47881967303938844,0.00840464584453594,0.0007644499133471556
2003-09-18,1039.5799560546875,1.5244721892263846,0.008143025064088866,0.0007644499133471556
2003-09-19,1036.300048828125,-0.45186906615563616,0.008684968812728133,0.0007644499133471556
2003-09-22,1022.8200073242188,-1.6498866076532601,0.008399152163118354,0.0007644499133471556
2003-09-23,1029.030029296875,0.5811287960164468,0.009100674359286848,0.0007644499133471556
2003-09-24,1009.3800048828124,-2.2640225173650776,0.008853623743331521,0.0007644499133471556
2003-09-25,1003.27001953125,-0.6527493002844176,0.010472705341010495,0.0007644499133471556
2003-09-26,996.8499755859376,-0.7033515564191224,0.01021413925459373,0.0007644499133471556
2003-09-29,1006.5800170898438,0.8950131008262259,0.009998746988481723,0.0007644499133471556
2003-09-30,995.969970703125,-1.1433123724178482,0.009936991159477942,0.0007644499133471556
2003-10-01,1018.219970703125,2.109272957145911,0.010112345957805384,0.0007644499133471556
2003-10-02,1020.239990234375,0.10432636841540582,0.011669707695464668,0.0007644499133471556
2003-10-03,1029.8499755859375,0.7735434653838361,0.011131634057158613,0.0007644499133471556
2003-10-06,1034.3499755859375,0.3286030609390903,0.01094207618786365,0.0007644499133471556
2003-10-07,1039.25,0.37741248688714085,0.010496904239460923,0.0007644499133471556
2003-10-08,1033.780029296875,-0.5986435383737372,0.010092371914516125,0.0007644499133471556
2003-10-09,1038.72998046875,0.4088186827693134,0.009814445164804947,0.0007644499133471556
2003-10-10,1038.06005859375,-0.1490678913455127,0.009456102196398895,0.0007644499133471556
2003-10-13,1045.3499755859375,0.6889341211471768,0.009048240062594397,0.0007644499133471556
2003-10-14,1049.47998046875,0.3586255573087612,0.008863285393884365,0.0007644499133471556
2003-10-15,1046.760009765625,-0.3935770257544667,0.008535930468584283,0.0007644499133471556
2003-10-16,1050.0699462890625,0.29047637810472166,0.008236948511961203,0.0007644499133471556
2003-10-17,1039.3199462890625,-1.3948702773212673,0.007925199989775122,0.0007644499133471556
2003-10-20,1044.6800537109375,0.526224064366131,0.008322725533157918,0.0007644499133471556
2003-10-21,1046.030029296875,0.06518169972718584,0.008084388354732195,0.0007644499133471556
2003-10-22,1030.3599853515625,-2.046382288007266,0.007749423170782814,0.0007644499133471556
2003-10-23,1033.77001953125,0.28575016758602295,0.008887629657685346,0.0007644499133471556
2003-10-24,1028.9100341796875,-0.6414185466421884,0.008538512570494018,0.0007644499133471556
2003-10-27,1031.1300048828125,0.16664865824514866,0.008345824125420958,0.0007644499133471556
2003-10-28,1046.7900390625,1.787517346494067,0.008004752032864142,0.0007644499133471556
2003-10-29,1048.1099853515625,0.056056087397458626,0.008842970227308278,0.0007644499133471556
2003-10-30,1046.93994140625,-0.22233251801371393,0.008462147091791715,0.0007644499133471556
2003-10-31,1050.7099609375,0.3483911854954223,0.008123257618743312,0.0007644499133471556
2003-11-03,1059.02001953125,0.9081775359319316,0.00783264447265421,0.0007644499133471556
2003-11-04,1053.25,-0.7961049684335442,0.007822836068429562,0.0007644499133471556
2003-11-05,1051.81005859375,-0.27543801145379326,0.007742309903761125,0.0007644499133471556
2003-11-06,1058.050048828125,0.6908560836362071,0.007455448841047137,0.0007644499133471556
2003-11-07,1053.2099609375,-0.7297682957644785,0.007330382826286882,0.0007644499133471556
2003-11-10,1047.1099853515625,-0.9091896200608571,0.0072296050070542305,0.0007644499133471556
2003-11-11,1046.5699462890625,-0.17699956676647882,0.007233494528578365,0.0007644499133471556
2003-11-12,1058.530029296875,1.5226462029552386,0.006960666206949015,0.0007644499133471556
2003-11-13,1058.4100341796875,-0.11792289566150153,0.007443986842186972,0.0007644499133471556
2003-11-14,1050.3499755859375,-1.1757507574703525,0.007151894596065164,0.0007644499133471556
2003-11-17,1043.6300048828125,-0.9782456077782181,0.00734257673112075,0.0007644499133471556
2003-11-18,1034.1500244140625,-1.33843044108728,0.007388966905466794,0.0007644499133471556
2003-11-19,1042.43994140625,0.9353965398470864,0.007718390840106673,0.0007644499133471556
2003-11-20,1033.6500244140625,-1.194456465418376,0.007729257567432574,0.0007644499133471556
2003-11-21,1035.280029296875,0.10219350219962534,0.007938359978954097,0.0007644499133471556
2003-11-24,1052.0799560546875,2.0135698368906705,0.007614692700296769,0.0007644499133471556
2003-11-25,1053.8900146484375,0.10979608693427154,0.008693652729586351,0.0007644499133471556
2003-11-26,1058.449951171875,0.42675925173727836,0.008325498547614637,0.0007644499133471556
2003-11-28,1058.199951171875,-0.12432872437031399,0.008048600698444153,0.0007644499133471556
2003-12-01,1070.1199951171875,1.3519039728881477,0.007720246486485732,0.0007644499133471556
2003-12-02,1066.6199951171875,-0.5006626887495369,0.008070246808556041,0.0007644499133471556
2003-12-03,1064.72998046875,-0.3239945400389397,0.007833428201769348,0.0007644499133471556
2003-12-04,1069.719970703125,0.517873732569463,0.007552472524552747,0.0007644499133471556
2003-12-05,1061.5,-1.1539175772503556,0.007347450561420308,0.0007644499133471556
2003-12-08,1069.300048828125,0.8717185769200463,0.007521719214420868,0.0007644499133471556
2003-12-09,1060.1800537109375,-1.2447519044596964,0.007495444380133918,0.0007644499133471556
2003-12-10,1059.050048828125,-0.23639551225370836,0.00774498476280192,0.0007644499133471556
2003-12-11,1071.2099609375,1.4297308781272597,0.0074503799956356165,0.0007644499133471556
2003-12-12,1074.1400146484375,0.2500790906856649,0.007865875220242345,0.0007644499133471556
2003-12-15,1068.0400390625,-0.853679957270641,0.007566741271570882,0.0007644499133471556
2003-12-16,1075.1300048828125,0.7773329543510242,0.007528189178186516,0.0007644499133471556
2003-12-17,1076.47998046875,0.06586062105181656,0.007446055248448206,0.0007644499133471556
2003-12-18,1089.1800537109375,1.53339369457467,0.0071503347171561595,0.0007644499133471556
2003-12-19,1088.6600341796875,-0.16229329258011974,0.00765284378816938,0.0007644499133471556
2003-12-22,1092.93994140625,0.42967186619640885,0.0073525777875813395,0.0007644499133471556
2003-12-23,1096.02001953125,0.28758189016311336,0.007127518178072833,0.0007644499133471556
2003-12-24,1094.0400390625,-0.3739701944140494,0.006879163631084932,0.0007644499133471556
2003-12-26,1095.8900146484375,0.1388000658940974,0.0066648374071391495,0.0007644499133471556
2003-12-29,1109.47998046875,1.7996173872070949,0.0064236641426543735,0.0007644499133471556
2003-12-30,1109.6400146484375,-0.08688635622001249,0.007138264625407576,0.0007644499133471556
2003-12-31,1111.9200439453125,0.18770081504775618,0.00686298994608424,0.0007644499133471556
2004-01-02,1108.47998046875,-0.5840251509220381,0.006614527356651249,0.0007644499133471556
2004-01-05,1122.219970703125,1.7831435790655654,0.0064799607475067855,0.0007644499133471556
2004-01-06,1123.6700439453125,0.07334768628001398,0.007183090230601946,0.0007644499133471556
2004-01-07,1126.3299560546875,0.23173020468677322,0.006904225151427501,0.0007644499133471556
2004-01-08,1131.9200439453125,0.6286392741118468,0.0066594220254350064,0.0007644499133471556
2004-01-09,1121.8599853515625,-1.4819191697175271,0.006540023077061,0.0007644499133471556
2004-01-12,1127.22998046875,0.5755354051129885,0.006968849385143899,0.0007644499133471556
2004-01-13,1121.219970703125,-0.896729178956463,0.006814071124061246,0.0007644499133471556
2004-01-14,1130.52001953125,1.099052175245677,0.006820348794759169,0.0007644499133471556
2004-01-15,1132.050048828125,0.08454511534011937,0.006955109007018555,0.0007644499133471556
2004-01-16,1139.8299560546875,0.9093056117533923,0.006691313001792364,0.0007644499133471556
2004-01-20,1138.77001953125,-0.25265809484913426,0.006707840226253097,0.0007644499133471556
2004-01-21,1147.6199951171875,1.076945928496082,0.006478532105685439,0.0007644499133471556
2004-01-22,1143.93994140625,-0.6023756640193478,0.006601006208832815,0.0007644499133471556
2004-01-23,1141.550048828125,-0.44111926617192904,0.006474013094034186,0.0007644499133471556
2004-01-26,1155.3699951171875,1.788623179452539,0.006300462929946296,0.0007644499133471556
2004-01-27,1144.050048828125,-1.5170649035101273,0.006994060491744639,0.0007644499133471556
2004-01-28,1128.47998046875,-1.935793027061848,0.007473688311311098,0.0007644499133471556
2004-01-29,1134.1099853515625,0.49907986616179184,0.008439856325018986,0.0007644499133471556
2004-01-30,1131.1300048828125,-0.41486152436385887,0.008184663528598101,0.0007644499133471556
2004-02-02,1135.260009765625,0.3640654572524732,0.007910997450819572,0.0007644499133471556
2004-02-03,1136.030029296875,-0.01131480102481605,0.007636361882222195,0.0007644499133471556
2004-02-04,1126.52001953125,-1.2516213752078258,0.007327257355068697,0.0007644499133471556
2004-02-05,1128.5899658203125,0.14132840838535835,0.007580454744948252,0.0007644499133471556
2004-02-06,1142.760009765625,1.6084275582745136,0.007282212923231656,0.0007644499133471556
2004-02-09,1139.81005859375,-0.42575776568995904,0.007866478276650777,0.0007644499133471556
2004-02-10,1145.5400390625,0.5582684330763316,0.007612990865271484,0.0007644499133471556
2004-02-11,1157.760009765625,1.3268303939762822,0.007421059014324418,0.0007644499133471556
2004-02-12,1152.1099853515625,-0.7307362769315969,0.00774086520640472,0.0007644499133471556
2004-02-13,1145.81005859375,-0.8192634874096323,0.007625897532283691,0.0007644499133471556
2004-02-17,1156.989990234375,1.182492373718251,0.007564941101090972,0.0007644499133471556
2004-02-18,1151.8199462890625,-0.6753854006892901,0.007762964916413507,0.0007644499133471556
2004-02-19,1147.06005859375,-0.6439175070133214,0.007618219815873937,0.0007644499133471556
2004-02-20,1144.1099853515625,-0.4474346796128288,0.007463924731920016,0.0007644499133471556
2004-02-23,1140.989990234375,-0.48285442154704844,0.007238581846972448,0.0007644499133471556
2004-02-24,1139.0899658203125,-0.34548474449799754,0.0070367215173500865,0.0007644499133471556
2004-02-25,1143.6700439453125,0.47724579660464383,0.0068063675408712295,0.0007644499133471556
2004-02-26,1144.9100341796875,0.0481763780257562,0.006625301012066799,0.0007644499133471556
2004-02-27,1144.93994140625,-0.11570416224848984,0.00638117366889659,0.0007644499133471556
2004-03-01,1155.969970703125,1.4331296375777896,0.006156568224867591,0.0007644499133471556
2004-03-02,1149.0999755859375,-1.0296081628047866,0.006531841076504649,0.0007644499133471556
2004-03-03,1151.030029296875,0.13795595954729062,0.006623586245871983,0.0007644499133471556
2004-03-04,1154.8699951171875,0.40189718205311853,0.006384991871038985,0.0007644499133471556
2004-03-05,1156.8599853515625,0.15423158974525783,0.0062062280802750065,0.0007644499133471556
2004-03-08,1147.199951171875,-1.525880061941152,0.005996360707632209,0.0007644499133471556
2004-03-09,1140.5799560546875,-1.0174364008240604,0.0064394509392766315,0.0007644499133471556
2004-03-10,1123.8900146484375,-2.3763041410710755,0.0065250155166046864,0.0007644499133471556
2004-03-11,1106.780029296875,-2.041861002651109,0.007887618067133468,0.0007644499133471556
2004-03-12,1120.5699462890625,1.2855069121038147,0.009037727715010758,0.0007644499133471556
2004-03-15,1104.489990234375,-1.6272754907573064,0.009351953840282928,0.0007644499133471556
2004-03-16,1110.699951171875,0.47997684852868355,0.010088553658548844,0.0007644499133471556
2004-03-17,1123.75,1.1198760548320834,0.009747912381807755,0.0007644499133471556
2004-03-18,1122.3199462890625,-0.20587887389560697,0.009898213970008743,0.0007644499133471556
2004-03-19,1109.780029296875,-1.266541799451908,0.009475052152924122,0.0007644499133471556
2004-03-22,1095.4000244140625,-1.4120913430040978,0.009777453992235537,0.0007644499133471556
2004-03-23,1093.949951171875,-0.2036456711402252,0.01025855877721939,0.0007644499133471556
2004-03-24,1091.3299560546875,-0.32219175563235597,0.009814989672542233,0.0007644499133471556
2004-03-25,1109.18994140625,1.6410154689639018,0.009426127373513388,0.0007644499133471556
2004-03-26,1108.06005859375,-0.1751032900849871,0.010186130345514693,0.0007644499133471556
2004-03-29,1122.469970703125,1.2479403222404308,0.009741128342265388,0.0007644499133471556
2004-03-30,1127.0,0.3254166671382914,0.010027750127656061,0.0007644499133471556
2004-03-31,1126.2099609375,-0.15222185199345156,0.009628751852902087,0.0007644499133471556
2004-04-01,1132.1700439453125,0.49001363262422715,0.009211489749974804,0.0007644499133471556
2004-04-02,1141.81005859375,0.8651958698843419,0.00891606199643648,0.0007644499133471556
2004-04-05,1150.5699462890625,0.7769639387236936,0.008852664697116137,0.0007644499133471556
2004-04-06,1148.1600341796875,-0.32775979312264136,0.00872951554211877,0.0007644499133471556
2004-04-07,1140.530029296875,-0.8847489204773552,0.008400177929206516,0.0007644499133471556
2004-04-08,1139.3199462890625,-0.21836362318508953,0.008362181204784009,0.0007644499133471556
2004-04-12,1145.199951171875,0.5459731910329948,0.008028334906503452,0.0007644499133471556
2004-04-13,1129.43994140625,-1.8717048481000922,0.007812032301123994,0.0007644499133471556
2004-04-14,1128.1700439453125,-0.21629362592474125,0.008735545482378294,0.0007644499133471556
2004-04-15,1128.8399658203125,-0.02038378742197625,0.008379860506416802,0.0007644499133471556
2004-04-16,1134.6099853515625,0.540027577820236,0.008025497943619266,0.0007644499133471556
2004-04-19,1135.8199462890625,0.038606434637803215,0.007806812557450678,0.0007644499133471556
2004-04-20,1118.1500244140625,-2.1960929595690875,0.007487708509158665,0.0007644499133471556
2004-04-21,1124.0899658203125,0.5160510571620408,0.00878553261855895,0.0007644499133471556
2004-04-22,1139.9300537109375,1.552413317772342,0.008521355125923407,0.0007644499133471556
2004-04-23,1140.5999755859375,-0.01941240946426243,0.009114567053588808,0.0007644499133471556
2004-04-26,1135.530029296875,-0.5987882392845447,0.00871650412071728,0.0007644499133471556
2004-04-27,1138.1099853515625,0.17717277054051978,0.008494538740504286,0.0007644499133471556
2004-04-28,1122.4100341796875,-1.7990169753056555,0.008146248416065927,0.0007644499133471556
2004-04-29,1113.8900146484375,-0.9304188599834559,0.009011245858456515,0.0007644499133471556
2004-04-30,1107.300048828125,-0.7445945014806988,0.008995758892112434,0.0007644499133471556
2004-05-03,1117.489990234375,0.9490007500091723,0.008847175778183405,0.0007644499133471556
2004-05-04,1119.550048828125,0.12174487205273889,0.008849016446991632,0.0007644499133471556
2004-05-05,1121.530029296875,0.11832248086855011,0.008472931273546529,0.0007644499133471556
2004-05-06,1113.989990234375,-0.9250485433405967,0.008118649081474664,0.0007644499133471556
2004-05-07,1098.699951171875,-1.7973247239020969,0.008114831713037568,0.0007644499133471556
2004-05-10,1087.1199951171875,-1.2657603885870568,0.008974901695577542,0.0007644499133471556
2004-05-11,1095.449951171875,0.7411894838174299,0.009267198572753967,0.0007644499133471556
2004-05-12,1097.280029296875,0.09934012061040398,0.009107839758413803,0.0007644499133471556
2004-05-13,1096.43994140625,-0.1756111685173525,0.008714437366568257,0.0007644499133471556
2004-05-14,1095.699951171875,-0.17234042026355176,0.008353121233761697,0.0007644499133471556
2004-05-17,1084.0999755859375,-1.4237542590482688,0.008012412634879167,0.0007644499133471556
2004-05-18,1091.489990234375,0.7141849363237684,0.00844200000556774,0.0007644499133471556
2004-05-19,1088.6800537109375,-0.40300035009346036,0.008293227757499333,0.0007644499133471556
2004-05-20,1089.18994140625,-0.03697947142691782,0.008009998819553497,0.0007644499133471556
2004-05-21,1093.56005859375,0.42193428279998557,0.007678413876421004,0.0007644499133471556
2004-05-24,1095.4100341796875,0.12454551119299102,0.0074335943292826836,0.0007644499133471556
2004-05-25,1113.050048828125,2.129554541901054,0.0071427310062287044,0.0007644499133471556
2004-05-26,1114.93994140625,0.11223870900989687,0.008304181005157662,0.0007644499133471556
2004-05-27,1121.280029296875,0.6163720148849576,0.007959360143402313,0.0007644499133471556
2004-05-28,1120.6800537109375,-0.16710130491749334,0.007777761360080394,0.0007644499133471556
2004-06-01,1121.199951171875,-0.040244019629315717,0.007470551204499361,0.0007644499133471556
2004-06-02,1124.989990234375,0.36392630530773995,0.0071723075175490585,0.0007644499133471556
2004-06-03,1116.6400146484375,-1.1838489992055843,0.006938721544042674,0.0007644499133471556
2004-06-04,1122.5,0.6264681947153203,0.007134761754241854,0.0007644499133471556
2004-06-07,1140.4200439453125,2.155500512858678,0.006993208076473809,0.0007644499133471556
2004-06-08,1142.1800537109375,0.09524433745619047,0.008164894800060014,0.0007644499133471556
2004-06-09,1131.3299560546875,-1.317149267123535,0.007826995241122556,0.0007644499133471556
2004-06-10,1136.469970703125,0.46257858277070046,0.008146936884178812,0.0007644499133471556
2004-06-14,1125.2900390625,-1.3495631456730435,0.00789186958008147,0.0007644499133471556
2004-06-15,1132.010009765625,0.6294859296461884,0.008244119852135025,0.0007644499133471556
2004-06-16,1133.56005859375,0.07495288479377867,0.008057094052886755,0.0007644499133471556
2004-06-17,1132.050048828125,-0.27153600147927315,0.007724327526704972,0.0007644499133471556
2004-06-18,1135.02001953125,0.24949214538510417,0.0074376997552164205,0.0007644499133471556
2004-06-21,1130.300048828125,-0.6884231025462333,0.007163634707543105,0.0007644499133471556
2004-06-22,1134.4100341796875,0.40646933515735245,0.0070488584120452415,0.0007644499133471556
2004-06-23,1144.06005859375,1.1277025050197924,0.006833556086987478,0.0007644499133471556
2004-06-24,1140.6500244140625,-0.5365389551518503,0.006988390064340001,0.0007644499133471556
2004-06-25,1134.4300537109375,-0.9141010277509712,0.006818039794429342,0.0007644499133471556
2004-06-28,1133.3499755859375,-0.2512307480959878,0.006834323545321945,0.0007644499133471556
2004-06-29,1136.199951171875,0.2648242302397102,0.006596983456900175,0.0007644499133471556
2004-06-30,1140.8399658203125,0.5192489556475478,0.006376585068465484,0.0007644499133471556
2004-07-01,1128.93994140625,-1.8053162021016842,0.006231687079942412,0.0007644499133471556
2004-07-02,1125.3800048828125,-0.5656107022040816,0.00693547105341749,0.0007644499133471556
2004-07-06,1116.2099609375,-1.319796581990611,0.006778489556640898,0.0007644499133471556
2004-07-07,1118.3299560546875,0.16005543017117857,0.007078976394537464,0.0007644499133471556
2004-07-08,1109.1099853515625,-1.3271794194741278,0.006813723080894941,0.0007644499133471556
2004-07-09,1112.81005859375,0.36035748191562617,0.007120906590557485,0.0007644499133471556
2004-07-12,1114.3499755859375,0.08976224321394238,0.00688934298163056,0.0007644499133471556
2004-07-13,1115.1400146484375,-0.008406050950278144,0.0066300554892750555,0.0007644499133471556
2004-07-14,1111.469970703125,-0.6360306230267372,0.00638488670912756,0.0007644499133471556
2004-07-15,1106.68994140625,-0.8078893645861979,0.006281010558305813,0.0007644499133471556
2004-07-16,1101.3900146484375,-0.8895013215986664,0.006256251066872786,0.0007644499133471556
2004-07-19,1100.9000244140625,-0.19279136997942112,0.006273270397060044,0.0007644499133471556
2004-07-20,1108.6700439453125,1.033903178534637,0.006063081434165385,0.0007644499133471556
2004-07-21,1093.8800048828125,-2.3027244780207523,0.006164252460946658,0.0007644499133471556
2004-07-22,1096.8399658203125,0.26268571967915216,0.0073769675214718266,0.0007644499133471556
2004-07-23,1086.199951171875,-1.4787561815083752,0.007108957885338031,0.0007644499133471556
2004-07-26,1084.0699462890625,-0.36086902438399004,0.0075577130810567964,0.0007644499133471556
2004-07-27,1094.8299560546875,1.247957331222937,0.007301678319670202,0.0007644499133471556
2004-07-28,1095.4200439453125,-0.029877308125353687,0.007551495570293462,0.0007644499133471556
2004-07-29,1100.4300537109375,0.5241100189540784,0.007247943713811096,0.0007644499133471556
2004-07-30,1101.719970703125,0.05765515193251579,0.0070602040461770835,0.0007644499133471556
2004-08-02,1106.6199951171875,0.5411144125060143,0.006788401706417793,0.0007644499133471556
2004-08-03,1099.68994140625,-1.0628748268292538,0.00662966268213301,0.0007644499133471556
2004-08-04,1098.6300048828125,-0.2564349508773543,0.006741534449277594,0.0007644499133471556
2004-08-05,1080.699951171875,-2.6447636875846157,0.006510778006136329,0.0007644499133471556
2004-08-06,1063.969970703125,-1.9943725814593896,0.008206198136064373,0.0007644499133471556
2004-08-09,1065.219970703125,0.043901213027285724,0.009332445634345158,0.0007644499133471556
2004-08-10,1079.0400390625,1.3590654799446027,0.008922322230234382,0.0007644499133471556
2004-08-11,1075.7900390625,-0.40598445338708666,0.009312995406470057,0.0007644499133471556
2004-08-12,1063.22998046875,-1.393131130180786,0.008978577109687474,0.0007644499133471556
2004-08-13,1064.800048828125,0.0755836081289647,0.009408887803393582,0.0007644499133471556
2004-08-16,1079.3399658203125,1.4226474768546988,0.008996063953151197,0.0007644499133471556
2004-08-17,1081.7099609375,0.15103993255813208,0.009460575863117344,0.0007644499133471556
2004-08-18,1095.1700439453125,1.2816135201583825,0.009052734060206085,0.0007644499133471556
2004-08-19,1091.22998046875,-0.466575247943457,0.00936314114282369,0.0007644499133471556
2004-08-20,1098.3499755859375,0.6341262958102387,0.009050403800158176,0.0007644499133471556
2004-08-23,1095.6800537109375,-0.3620519088209877,0.00883369807965759,0.0007644499133471556
2004-08-24,1096.18994140625,-0.03516243607688188,0.008508975638005905,0.0007644499133471556
2004-08-25,1104.9599609375,0.8842506111363216,0.00814720640312394,0.0007644499133471556
2004-08-26,1105.0899658203125,-0.07971018635316164,0.008114409500015572,0.0007644499133471556
2004-08-27,1107.77001953125,0.21312743567425377,0.007778466318771082,0.0007644499133471556
2004-08-30,1099.1500244140625,-1.1468832346565214,0.007477899056561687,0.0007644499133471556
2004-08-31,1104.239990234375,0.5042171972854553,0.0076468648056620845,0.0007644499133471556
2004-09-01,1105.9100341796875,0.10048345834665036,0.0074320667609474676,0.0007644499133471556
2004-09-02,1118.31005859375,1.4547130093444338,0.007139321087812031,0.0007644499133471556
2004-09-03,1113.6300048828125,-0.655241498099037,0.007566927925160016,0.0007644499133471556
2004-09-07,1121.300048828125,0.8220037546730171,0.007420119199888376,0.0007644499133471556
2004-09-08,1116.27001953125,-0.7140786397825236,0.007366740822039832,0.0007644499133471556
2004-09-09,1118.3800048828125,0.1548891665387624,0.007256649690140884,0.0007644499133471556
2004-09-10,1123.9200439453125,0.5984354073708936,0.0069797837537280884,0.0007644499133471556
2004-09-13,1125.8199462890625,0.1352956412644829,0.006833536862029434,0.0007644499133471556
2004-09-14,1128.3299560546875,0.22223161133125713,0.006581256762692428,0.0007644499133471556
2004-09-15,1120.3699951171875,-1.2342859563548976,0.006355165002096719,0.0007644499133471556
2004-09-16,1123.5,0.30757834873207396,0.006584921216036983,0.0007644499133471556
2004-09-17,1128.550048828125,0.5837636421619622,0.006373133468031481,0.0007644499133471556
2004-09-20,1122.199951171875,-1.0250925669884585,0.006250279689750194,0.0007644499133471556
2004-09-21,1129.300048828125,0.873757096193442,0.0063433696528915765,0.0007644499133471556
2004-09-22,1113.56005859375,-2.3308774839262014,0.0063496781659880515,0.0007644499133471556
2004-09-23,1108.3599853515625,-0.7139645009375843,0.007626654900824599,0.0007644499133471556
2004-09-24,1110.1099853515625,0.1083293202929324,0.007506871805304405,0.0007644499133471556
2004-09-27,1103.52001953125,-0.9318123851504169,0.007210097159463499,0.0007644499133471556
2004-09-28,1110.06005859375,0.7117008427530982,0.007228574254035831,0.0007644499133471556
2004-09-29,1114.800048828125,0.4909069230728788,0.007122510696287307,0.0007644499133471556
2004-09-30,1114.5799560546875,-0.13881479114915402,0.006929358343103545,0.0007644499133471556
2004-10-01,1131.5,2.143820823554414,0.006671323980654121,0.0007644499133471556
2004-10-04,1135.1700439453125,0.31787076073185494,0.007782477870013229,0.0007644499133471556
2004-10-05,1134.47998046875,-0.18293336721913772,0.007502891052723486,0.0007644499133471556
2004-10-06,1142.050048828125,0.8158866833225318,0.007214368268736505,0.0007644499133471556
2004-10-07,1130.6500244140625,-1.507152738289436,0.007163624048549203,0.0007644499133471556
2004-10-08,1122.1400146484375,-1.0887309009703585,0.007641530640530902,0.0007644499133471556
2004-10-11,1124.3900146484375,0.1595201453595884,0.007764786925125948,0.0007644499133471556
2004-10-12,1121.8399658203125,-0.4069729355265024,0.00745741322360027,0.0007644499133471556
2004-10-13,1113.6500244140625,-1.12075407720892,0.007219855906580745,0.0007644499133471556
2004-10-14,1103.2900390625,-1.3721065285420226,0.007368757607640814,0.0007644499133471556
2004-10-15,1108.199951171875,0.47566085835937105,0.007728033496622767,0.0007644499133471556
2004-10-18,1114.02001953125,0.5965842821515605,0.007498737441895893,0.0007644499133471556
2004-10-19,1103.22998046875,-1.4324626331742782,0.007328176544142585,0.0007644499133471556
2004-10-20,1103.6600341796875,-0.04840032059812071,0.007741944140047057,0.0007644499133471556
2004-10-21,1106.489990234375,0.24187238003003536,0.007427155784149566,0.0007644499133471556
2004-10-22,1095.739990234375,-1.4718731431236378,0.007152354743171648,0.0007644499133471556
2004-10-25,1094.800048828125,-0.21360460426981623,0.007596429524345576,0.0007644499133471556
2004-10-26,1111.0899658203125,1.916753213642324,0.007306778941370592,0.0007644499133471556
2004-10-27,1125.4000244140625,1.4616582684791433,0.00823216708161842,0.0007644499133471556
2004-10-28,1127.43994140625,0.12015296346192146,0.008709933373969657,0.0007644499133471556
2004-10-29,1130.199951171875,0.20146524232289856,0.008341841735550498,0.0007644499133471556
2004-11-01,1130.510009765625,-0.06122056706472865,0.008006262745289271,0.0007644499133471556
2004-11-02,1130.56005859375,-0.09382419748276964,0.00767584370949187,0.0007644499133471556
2004-11-03,1143.199951171875,1.405309859539893,0.007367569452570991,0.0007644499133471556
2004-11-04,1161.6700439453125,1.9675477090701023,0.007757325479182528,0.0007644499133471556
2004-11-05,1166.1700439453125,0.3526790082548574,0.008794965923254893,0.0007644499133471556
2004-11-08,1164.8900146484375,-0.21993148151822337,0.008469401240692431,0.0007644499133471556
2004-11-09,1164.0799560546875,-0.17960014502386767,0.008129652279686842,0.0007644499133471556
2004-11-10,1162.9100341796875,-0.226828159440928,0.00780314831018293,0.0007644499133471556
2004-11-11,1173.47998046875,1.103990629662526,0.007503426647997702,0.0007644499133471556
2004-11-12,1184.1700439453125,1.0870661515680329,0.007638926053636653,0.0007644499133471556
2004-11-15,1183.81005859375,-0.13767643655795408,0.007760907961021753,0.0007644499133471556
2004-11-16,1175.4300537109375,-1.055986788427444,0.007451292303663185,0.0007644499133471556
2004-11-17,1181.93994140625,0.6301866213930034,0.007551053661768619,0.0007644499133471556
2004-11-18,1183.550048828125,0.08073403320193698,0.007393180656642564,0.0007644499133471556
2004-11-19,1170.3399658203125,-1.6881683266783516,0.0071015502127159845,0.0007644499133471556
2004-11-22,1177.239990234375,0.6593372499016699,0.007756245904799491,0.0007644499133471556
2004-11-23,1176.93994140625,-0.1340594611556509,0.007603769316669539,0.0007644499133471556
2004-11-24,1181.760009765625,0.4549430676869954,0.007303355375029979,0.0007644499133471556
2004-11-26,1182.6500244140625,-0.001637351081503513,0.007088877986841097,0.0007644499133471556
2004-11-29,1178.5699462890625,-0.6193571299766484,0.00681409802152057,0.0007644499133471556
2004-11-30,1173.8199462890625,-0.7185770150028961,0.006683906515343707,0.0007644499133471556
2004-12-01,1191.3699951171875,2.132033188688531,0.006602199994330395,0.0007644499133471556
2004-12-02,1190.3299560546875,-0.2129795901281809,0.007689978949092263,0.0007644499133471556
2004-12-03,1191.1700439453125,-0.0079704045507551,0.007394646437580135,0.0007644499133471556
2004-12-06,1190.25,-0.21648023772645414,0.007100579306328696,0.0007644499133471556
2004-12-07,1177.0699462890625,-1.7393535983980255,0.006841371933301363,0.0007644499133471556
2004-12-08,1182.81005859375,0.5445652602905576,0.007529508918183241,0.0007644499133471556
2004-12-09,1189.239990234375,0.6348150105493844,0.007335958379499801,0.0007644499133471556
2004-12-10,1188.0,-0.25143698088778693,0.007189349748153334,0.0007644499133471556
2004-12-13,1198.6800537109375,1.1810622855334063,0.006930477253219004,0.0007644499133471556
2004-12-14,1203.3800048828125,0.44197788017878087,0.007124388380661059,0.0007644499133471556
2004-12-15,1205.719970703125,0.17036839108180926,0.006915346872848888,0.0007644499133471556
2004-12-16,1203.2099609375,-0.4275868004723809,0.00666150499945219,0.0007644499133471556
2004-12-17,1194.199951171875,-1.2791709898207775,0.006473676013677909,0.0007644499133471556
2004-12-20,1194.6500244140625,-0.0575340903221206,0.006737540537049161,0.0007644499133471556
2004-12-21,1205.449951171875,1.2695989387385278,0.006486438080439572,0.0007644499133471556
2004-12-22,1209.5699462890625,0.3926168000548595,0.006743291480472553,0.0007644499133471556
2004-12-23,1210.1300048828125,-0.046095659529482934,0.006541487216534774,0.0007644499133471556
2004-12-27,1204.9200439453125,-0.8058399094541416,0.006302783684536964,0.0007644499133471556
2004-12-28,1213.5400390625,1.0139881679556475,0.006276285517235149,0.0007644499133471556
2004-12-29,1213.449951171875,-0.13182024297698497,0.006362363356283708,0.0007644499133471556
2004-12-30,1213.550048828125,-0.11106462170304121,0.006140237684163846,0.0007644499133471556
2004-12-31,1211.9200439453125,-0.3554903273280024,0.0059313104333068925,0.0007644499133471556
2005-01-03,1202.0799560546875,-1.5455656396273796,0.005769416537587994,0.0007644499133471556
2005-01-04,1188.050048828125,-2.0109342933050427,0.006218231167320609,0.0007644499133471556
2005-01-05,1183.739990234375,-0.6174089135113218,0.007124758017517508,0.0007644499133471556
2005-01-06,1187.8900146484375,0.39188598364149024,0.0069797775123875815,0.0007644499133471556
2005-01-07,1186.18994140625,-0.32473804109225834,0.006764361790053575,0.0007644499133471556
2005-01-10,1190.25,0.4052487833683328,0.006545308904601843,0.0007644499133471556
2005-01-11,1182.989990234375,-1.0825063903339869,0.006358110628432157,0.0007644499133471556
2005-01-12,1187.699951171875,0.4948221186704541,0.0064852580998702915,0.0007644499133471556
2005-01-13,1177.449951171875,-1.4907910221330756,0.00632686323395083,0.0007644499133471556
2005-01-14,1184.52001953125,0.7731018100439917,0.006754807776601591,0.0007644499133471556
2005-01-18,1195.97998046875,1.3236465206489259,0.0066965166861493374,0.0007644499133471556
2005-01-19,1184.6300048828125,-1.4717228531632496,0.006998513935535911,0.0007644499133471556
2005-01-20,1175.4100341796875,-1.1535098097849963,0.007436340398188432,0.0007644499133471556
2005-01-21,1167.8699951171875,-0.9460555099696758,0.007610472279829024,0.0007644499133471556
2005-01-24,1163.75,-0.5633230921525765,0.007630564102284022,0.0007644499133471556
2005-01-25,1168.4100341796875,0.43439773165849527,0.007439909794024051,0.0007644499133471556
2005-01-26,1174.0699462890625,0.5640819676211407,0.00721166417842978,0.0007644499133471556
2005-01-27,1174.550048828125,-0.050506616164622556,0.0070408977008690355,0.0007644499133471556
2005-01-28,1171.3599853515625,-0.5146386377390405,0.006770056378516043,0.0007644499133471556
2005-01-31,1181.27001953125,1.160100262268914,0.006603087128433141,0.0007644499133471556
2005-02-01,1189.4100341796875,0.8999708307792333,0.006781127828330863,0.0007644499133471556
2005-02-02,1193.18994140625,0.35470499074297385,0.006790091059354746,0.0007644499133471556
2005-02-03,1189.8900146484375,-0.5373756625412025,0.006576247613550788,0.0007644499133471556
2005-02-04,1203.030029296875,1.5898797231744313,0.006426945661933494,0.0007644499133471556
2005-02-07,1201.719970703125,-0.26695291037587393,0.006945079168878079,0.0007644499133471556
2005-02-08,1202.300048828125,-0.04204522620513236,0.006703729156853875,0.0007644499133471556
2005-02-09,1191.989990234375,-1.4527819036427736,0.0064543124796015375,0.0007644499133471556
2005-02-10,1197.010009765625,0.5015330859097761,0.006855316125494128,0.0007644499133471556
2005-02-11,1205.300048828125,0.9188201674222966,0.006679544604513228,0.0007644499133471556
2005-02-14,1206.1400146484375,-0.010116511088796258,0.0067018251850655,0.0007644499133471556
2005-02-15,1210.1199951171875,0.3921094503869138,0.00645198514415889,0.0007644499133471556
2005-02-16,1210.3399658203125,-0.09297924643736784,0.006266887633816066,0.0007644499133471556
2005-02-17,1200.75,-1.4416044802567636,0.0060483801927832224,0.0007644499133471556
2005-02-18,1201.5899658203125,-0.010138710778124867,0.006426868944893396,0.0007644499133471556
2005-02-22,1184.1600341796875,-2.4820345447687457,0.006195082951347483,0.0007644499133471556
2005-02-23,1190.800048828125,0.6335150376833693,0.007619787427876593,0.0007644499133471556
2005-02-24,1200.199951171875,0.9514485054693731,0.007460548597053933,0.0007644499133471556
2005-02-25,1211.3699951171875,1.1352159242194548,0.007486970106386259,0.0007644499133471556
2005-02-28,1203.5999755859375,-0.9414922614099935,0.007646744653253742,0.0007644499133471556
2005-03-01,1210.4100341796875,0.6365164851404014,0.007663082007484156,0.0007644499133471556
2005-03-02,1210.0799560546875,-0.1382282603801561,0.007503433296484154,0.0007644499133471556
2005-03-03,1210.469970703125,-0.06133456828692759,0.007209588274993806,0.0007644499133471556
2005-03-04,1222.1199951171875,1.27212770808001,0.006928480448614247,0.0007644499133471556
2005-03-07,1225.31005859375,0.2561374116547949,0.007193090206670337,0.0007644499133471556
2005-03-08,1219.4300537109375,-0.8038824482287559,0.006934832889382502,0.0007644499133471556
2005-03-09,1207.010009765625,-1.5976397583512547,0.006886280325809936,0.0007644499133471556
2005-03-10,1209.25,0.1465186205247498,0.007436922540849544,0.0007644499133471556
2005-03-11,1200.0799560546875,-1.1718752384306281,0.007148028851327208,0.0007644499133471556
2005-03-14,1206.8299560546875,0.6603885003345986,0.007335706445355036,0.0007644499133471556
2005-03-15,1197.75,-1.1549694796671606,0.007200799666311511,0.0007644499133471556
2005-03-16,1188.0699462890625,-1.2038516909112391,0.00737561794906378,0.0007644499133471556
2005-03-17,1190.2099609375,0.13639004833962534,0.007589870866976994,0.0007644499133471556
2005-03-18,1189.6500244140625,-0.16939926527462126,0.007290542238898174,0.0007644499133471556
2005-03-21,1183.780029296875,-0.8142975648767289,0.007013263654977624,0.0007644499133471556
2005-03-22,1171.7099609375,-1.5805523443354315,0.006967814866791905,0.0007644499133471556
2005-03-23,1172.530029296875,-0.008633098179166103,0.0075065157851121386,0.0007644499133471556
2005-03-24,1171.4200439453125,-0.23753603420948088,0.0072054610176332,0.0007644499133471556
2005-03-28,1174.280029296875,0.24110467220692813,0.006943221844255526,0.0007644499133471556
2005-03-29,1165.3599853515625,-1.2526461907273632,0.006697524932788127,0.0007644499133471556
2005-03-30,1181.4100341796875,1.8597606376808402,0.00694400104850477,0.0007644499133471556
2005-03-31,1180.5899658203125,-0.18779849654184463,0.00776808490159206,0.0007644499133471556
2005-04-01,1172.9200439453125,-0.9756266063175413,0.007464260215388532,0.0007644499133471556
2005-04-04,1176.1199951171875,0.26109496717477826,0.0075069520664688095,0.0007644499133471556
2005-04-05,1181.3900146484375,0.5125728107054273,0.0072309587922179275,0.0007644499133471556
2005-04-06,1184.0699462890625,0.21327636004993988,0.0070398676156264,0.0007644499133471556
2005-04-07,1191.1400146484375,0.764866070003139,0.006783910748701263,0.0007644499133471556
2005-04-08,1181.199951171875,-1.3606812438331135,0.00672050448728064,0.0007644499133471556
2005-04-11,1181.2099609375,-0.10718382794336499,0.007053076280716718,0.0007644499133471556
2005-04-12,1187.760009765625,0.7023948360718743,0.006784552853614626,0.0007644499133471556
2005-04-13,1173.7900390625,-1.8823733712195603,0.006691433066127222,0.0007644499133471556
2005-04-14,1162.050048828125,-1.4393120127247299,0.007515107273990006,0.0007644499133471556
2005-04-15,1142.6199951171875,-2.2193459164341736,0.007942120128994017,0.0007644499133471556
2005-04-18,1145.97998046875,0.23244552766671858,0.009343403499253855,0.0007644499133471556
2005-04-19,1152.780029296875,0.5751982299462638,0.008956639002111525,0.0007644499133471556
2005-04-20,1137.5,-1.6192504797582814,0.00871268537534726,0.0007644499133471556
2005-04-21,1159.949951171875,1.9983655237018707,0.009397448398172293,0.0007644499133471556
2005-04-22,1152.1199951171875,-0.7060389887446956,0.01067588249687816,0.0007644499133471556
2005-04-25,1162.0999755859375,0.7523915258871146,0.010447383811531017,0.0007644499133471556
2005-04-26,1151.8299560546875,-0.9396641569509112,0.01026025978849699,0.0007644499133471556
2005-04-27,1156.3800048828125,0.3105498551535078,0.010233611209538163,0.0007644499133471556
2005-04-28,1143.219970703125,-1.2434989873756346,0.009819126200543378,0.0007644499133471556
2005-04-29,1156.8499755859375,1.0975442793474472,0.010102104085906245,0.0007644499133471556
2005-05-02,1162.1600341796875,0.37292843144202487,0.010230244439219409,0.0007644499133471556
2005-05-03,1161.1700439453125,-0.16433939303676823,0.009837364851356542,0.0007644499133471556
2005-05-04,1175.6500244140625,1.2357540662015374,0.009410126144876234,0.0007644499133471556
2005-05-05,1172.6300048828125,-0.34475419649663047,0.009678093228598018,0.0007644499133471556
2005-05-06,1171.3499755859375,-0.19956090695627118,0.009303598316408842,0.0007644499133471556
2005-05-09,1178.8399658203125,0.6293954981455719,0.008912545888209632,0.0007644499133471556
2005-05-10,1166.219970703125,-1.325216548933741,0.008698654414134605,0.0007644499133471556
2005-05-11,1171.1099853515625,0.3780062971260701,0.009047019480265692,0.0007644499133471556
2005-05-12,1159.3599853515625,-1.244601192618528,0.008716316832912775,0.0007644499133471556
2005-05-13,1154.050048828125,-0.5961419575182123,0.008982808409303435,0.0007644499133471556
2005-05-16,1165.68994140625,1.0597507557495967,0.00874842421914335,0.0007644499133471556
2005-05-17,1173.800048828125,0.6975835096158637,0.008843105717081924,0.0007644499133471556
2005-05-18,1185.56005859375,1.0615744616900549,0.008670560474223129,0.0007644499133471556
2005-05-19,1191.0799560546875,0.442637811332842,0.00876718037304464,0.0007644499133471556
2005-05-20,1189.280029296875,-0.2686836540611595,0.008473775449099538,0.0007644499133471556
2005-05-23,1193.8599853515625,0.37810689132733954,0.008143692757047996,0.0007644499133471556
2005-05-24,1194.0699462890625,-0.07487988490716542,0.007860563253809757,0.0007644499133471556
2005-05-25,1190.010009765625,-0.5531117870621615,0.007539752526146486,0.0007644499133471556
2005-05-26,1197.6199951171875,0.763365568433273,0.0073491412717166206,0.0007644499133471556
2005-05-27,1198.780029296875,0.02803703802918386,0.007265301099010731,0.0007644499133471556
2005-05-31,1191.5,-0.9822636148453894,0.006979623049420125,0.0007644499133471556
2005-06-01,1202.219970703125,1.1645897305545718,0.007034542378013141,0.0007644499133471556
2005-06-02,1204.2900390625,0.13246863983050822,0.007216356357153131,0.0007644499133471556
2005-06-03,1196.02001953125,-1.1031116208410465,0.006939705600927109,0.0007644499133471556
2005-06-06,1197.510009765625,0.06790811879963306,0.007076696012089914,0.0007644499133471556
2005-06-07,1197.260009765625,-0.14303297532486253,0.006804292702912165,0.0007644499133471556
2005-06-08,1194.6700439453125,-0.4470204474813739,0.0065545935602961194,0.0007644499133471556
2005-06-09,1200.9300537109375,0.699543140845854,0.006378188539601882,0.0007644499133471556
2005-06-10,1198.1099853515625,-0.4944745694563595,0.006300522848833357,0.0007644499133471556
2005-06-13,1200.8199462890625,0.24298651785102687,0.006152025146887053,0.0007644499133471556
2005-06-14,1203.9100341796875,0.3031328972007364,0.005956330451610049,0.0007644499133471556
2005-06-15,1206.5799560546875,0.250878125690615,0.005782901137223149,0.0007644499133471556
2005-06-16,1210.9599609375,0.5094097371301572,0.005612527850587455,0.0007644499133471556
2005-06-17,1216.9599609375,0.7586964839064391,0.005506895866664735,0.0007644499133471556
2005-06-20,1216.0999755859375,-0.26798762081203015,0.005490427651497282,0.0007644499133471556
2005-06-21,1213.6099853515625,-0.5267676361568802,0.005342146620140602,0.0007644499133471556
2005-06-22,1213.8800048828125,-0.10309744536963629,0.00525698595270367,0.0007644499133471556
2005-06-23,1200.72998046875,-2.2814996025376004,0.005109186074632838,0.0007644499133471556
2005-06-24,1191.5699462890625,-1.374977478314628,0.006125495665894543,0.0007644499133471556
2005-06-27,1190.68994140625,-0.23287525603484036,0.006455165571828505,0.0007644499133471556
2005-06-28,1201.5699462890625,1.3354967418665926,0.006238591470218135,0.0007644499133471556
2005-06-29,1199.8499755859375,-0.3358699441578079,0.006540959150196375,0.0007644499133471556
2005-06-30,1191.3299560546875,-1.245048868725434,0.00633765111764517,0.0007644499133471556
2005-07-01,1194.43994140625,0.28025414339994065,0.006574975545499021,0.0007644499133471556
2005-07-05,1204.989990234375,1.26275446060809,0.006358641478551264,0.0007644499133471556
2005-07-06,1194.93994140625,-1.3829343158308294,0.0066089791643457385,0.0007644499133471556
2005-07-07,1197.8699951171875,0.24214465919035943,0.0069569973083473124,0.0007644499133471556
2005-07-08,1211.8599853515625,1.6163809985464368,0.006710628183721503,0.0007644499133471556
2005-07-11,1219.43994140625,0.7526285396432816,0.0072690329741488015,0.0007644499133471556
2005-07-12,1222.2099609375,0.20947755585955138,0.007182271200150279,0.0007644499133471556
2005-07-13,1223.2900390625,0.017184997682752414,0.006917021301507471,0.0007644499133471556
2005-07-14,1226.5,0.27898091056732616,0.006653331366998181,0.0007644499133471556
2005-07-15,1227.9200439453125,0.06105183244519544,0.006431947510011119,0.0007644499133471556
2005-07-18,1221.1300048828125,-1.0175032121210996,0.006200966329654985,0.0007644499133471556
2005-07-19,1229.3499755859375,0.9450092052270012,0.006290352566317777,0.0007644499133471556
2005-07-20,1235.199951171875,0.6285574923829851,0.006336502760701811,0.0007644499133471556
2005-07-21,1227.0400390625,-1.1862191012394552,0.006231996934042849,0.0007644499133471556
2005-07-22,1233.6800537109375,0.7206792099842008,0.006427782649698882,0.0007644499133471556
2005-07-25,1229.030029296875,-0.7142715887709192,0.0063572482460336035,0.0007644499133471556
2005-07-26,1231.1600341796875,0.15383505998540267,0.006286785482031682,0.0007644499133471556
2005-07-27,1236.7900390625,0.6255470838975244,0.0060715700815073955,0.0007644499133471556
2005-07-28,1243.719970703125,0.8067261566019774,0.0059785716226023414,0.0007644499133471556
2005-07-29,1234.1800537109375,-1.4192750119891646,0.00596395301736485,0.0007644499133471556
2005-08-01,1235.3499755859375,0.028948268756136025,0.006322851308794595,0.0007644499133471556
2005-08-02,1244.1199951171875,1.0346786479945587,0.006098210188299386,0.0007644499133471556
2005-08-03,1245.0400390625,-0.004066492761420207,0.006199294635649622,0.0007644499133471556
2005-08-04,1235.8599853515625,-1.364783268122106,0.005982684016056818,0.0007644499133471556
2005-08-05,1226.4200439453125,-1.3380980653753312,0.0063015784289032085,0.0007644499133471556
2005-08-08,1223.1300048828125,-0.522268157406938,0.006607125076597312,0.0007644499133471556
2005-08-09,1231.3800048828125,0.923542013410812,0.006451135531303223,0.0007644499133471556
2005-08-10,1229.1300048828125,-0.40011219514024576,0.006481530880852474,0.0007644499133471556
2005-08-11,1237.81005859375,0.996184495889137,0.006296705652651756,0.0007644499133471556
2005-08-12,1230.3900146484375,-1.063565006125646,0.006371949196801041,0.0007644499133471556
2005-08-15,1233.8699951171875,0.3175460875756896,0.006486974583509214,0.0007644499133471556
2005-08-16,1219.3399658203125,-2.0070108304680043,0.0062831333618560015,0.0007644499133471556
2005-08-17,1220.239990234375,-0.003697603966218332,0.007193287859774858,0.0007644499133471556
2005-08-18,1219.02001953125,-0.2553181261433748,0.006911884279348284,0.0007644499133471556
2005-08-19,1219.7099609375,-0.029777353775642314,0.006670493543102038,0.0007644499133471556
2005-08-22,1221.72998046875,0.1386165973946188,0.006422951111677443,0.0007644499133471556
2005-08-23,1217.5899658203125,-0.6710608830533366,0.006197431503850116,0.0007644499133471556
2005-08-24,1209.5899658203125,-1.2028475368886857,0.006115892391990962,0.0007644499133471556
2005-08-25,1212.3699951171875,0.24218281123211394,0.00632264809374943,0.0007644499133471556
2005-08-26,1205.0999755859375,-1.108431838463449,0.0061158805123732625,0.0007644499133471556
2005-08-29,1212.280029296875,0.8266385008826713,0.0062614159917905796,0.0007644499133471556
2005-08-30,1208.4100341796875,-0.6342649337256698,0.006246418098600426,0.0007644499133471556
2005-08-31,1220.3299560546875,1.472167298365614,0.006148318789140811,0.0007644499133471556
2005-09-01,1221.5899658203125,0.04081807858403829,0.006554278357165666,0.0007644499133471556
2005-09-02,1218.02001953125,-0.5845361872992242,0.006314588160111144,0.0007644499133471556
2005-09-06,1233.3900146484375,1.900823146905744,0.006194912086131419,0.0007644499133471556
2005-09-07,1236.3599853515625,0.23478086907750353,0.006987917110985861,0.0007644499133471556
2005-09-08,1231.6700439453125,-0.6774560847597463,0.006738457537034699,0.0007644499133471556
2005-09-09,1241.47998046875,1.0802656380718343,0.006636092665915056,0.0007644499133471556
2005-09-12,1240.56005859375,-0.22275934922828936,0.006759369123235762,0.0007644499133471556
2005-09-13,1231.199951171875,-1.2784255626174617,0.006522181720274793,0.0007644499133471556
2005-09-14,1227.1600341796875,-0.5969722170772844,0.006786127147669344,0.0007644499133471556
2005-09-15,1227.72998046875,-0.04514142096708475,0.006648315456511441,0.0007644499133471556
2005-09-16,1237.9100341796875,1.170327367257438,0.00640259442976298,0.0007644499133471556
2005-09-19,1231.02001953125,-0.9632867200146753,0.006587697330714952,0.0007644499133471556
2005-09-20,1221.3399658203125,-1.3044495837158547,0.006638026683914183,0.0007644499133471556
2005-09-21,1210.199951171875,-1.4338231800978638,0.00692375730213846,0.0007644499133471556
2005-09-22,1214.6199951171875,0.3933564382587302,0.007324710109172904,0.0007644499133471556
2005-09-23,1215.2900390625,-0.030033651858638804,0.007090479177066825,0.0007644499133471556
2005-09-26,1215.6300048828125,-0.0711201478026853,0.006815910360241786,0.0007644499133471556
2005-09-27,1215.6600341796875,-0.11276076914381951,0.006560327339708627,0.0007644499133471556
2005-09-28,1216.8900146484375,0.039030162547512154,0.006323789929614188,0.0007644499133471556
2005-09-29,1227.6800537109375,1.3220156119051736,0.006099298260062156,0.0007644499133471556
2005-09-30,1228.81005859375,0.02434816565589821,0.006389227591203942,0.0007644499133471556
2005-10-03,1226.699951171875,-0.40309814055120874,0.006160092279650282,0.0007644499133471556
2005-10-04,1214.469970703125,-1.7989256442290908,0.005994857926169392,0.0007644499133471556
2005-10-05,1196.3900146484375,-2.362365153351468,0.006672758369093807,0.0007644499133471556
2005-10-06,1191.489990234375,-0.6051201495444238,0.008045567393442263,0.0007644499133471556
2005-10-07,1195.9000244140625,0.3730103818342807,0.007854993034199252,0.0007644499133471556
2005-10-10,1187.3299560546875,-1.0488412391966468,0.007585951287435893,0.0007644499133471556
2005-10-11,1184.8699951171875,-0.3696202567422564,0.007679346103912799,0.0007644499133471556
2005-10-12,1177.6800537109375,-0.9234532738612189,0.007418959723267779,0.0007644499133471556
2005-10-13,1176.8399658203125,-0.1989883978078617,0.007427798998257622,0.0007644499133471556
2005-10-14,1186.5699462890625,1.045251608230415,0.007146074494616831,0.0007644499133471556
2005-10-17,1190.0999755859375,0.3046746449753359,0.007240903951612297,0.0007644499133471556
2005-10-18,1178.1400146484375,-1.5544671913427497,0.006989424134271081,0.0007644499133471556
2005-10-19,1195.760009765625,1.8763565334352654,0.0075042180927990376,0.0007644499133471556
2005-10-20,1177.800048828125,-1.892091369109141,0.008402391052467713,0.0007644499133471556
2005-10-21,1179.5899658203125,0.08011477737689748,0.009412852698511175,0.0007644499133471556
2005-10-24,1199.3800048828125,1.7636884925980534,0.009000126346742781,0.0007644499133471556
2005-10-25,1196.5400390625,-0.31687235359597665,0.009893950243059323,0.0007644499133471556
2005-10-26,1191.3800048828125,-0.5354338035988898,0.0094992844607986,0.0007644499133471556
2005-10-27,1178.9000244140625,-1.226106400404525,0.00921203256191872,0.0007644499133471556
2005-10-28,1198.4100341796875,1.6530583043206775,0.009466959360574794,0.0007644499133471556
2005-10-31,1207.010009765625,0.6232671984880739,0.010246132881648863,0.0007644499133471556
2005-11-01,1202.760009765625,-0.43016241058689264,0.009977071500694474,0.0007644499133471556
2005-11-02,1214.760009765625,0.9525659870621715,0.009619449680952406,0.0007644499133471556
2005-11-03,1219.93994140625,0.36311179724074255,0.009613140733493213,0.0007644499133471556
2005-11-04,1220.1400146484375,-0.06492760423545416,0.00924815928415509,0.0007644499133471556
2005-11-07,1222.81005859375,0.16072677543919256,0.008844006781646,0.0007644499133471556
2005-11-08,1218.5899658203125,-0.49823623094602865,0.008473013221319929,0.0007644499133471556
2005-11-09,1220.6500244140625,0.11254394468172699,0.008215894939246982,0.0007644499133471556
2005-11-10,1230.9599609375,0.9707943571714205,0.007876382174092046,0.0007644499133471556
2005-11-11,1234.719970703125,0.2889533969784245,0.007909334434337993,0.0007644499133471556
2005-11-14,1233.760009765625,-0.2025033474661911,0.007615799513463341,0.0007644499133471556
2005-11-15,1229.010009765625,-0.6311255633616858,0.007323264982888514,0.0007644499133471556
2005-11-16,1231.2099609375,0.1427024392512514,0.007175552419948781,0.0007644499133471556
2005-11-17,1242.800048828125,1.2466742761350638,0.006902439664524962,0.0007644499133471556
2005-11-18,1248.27001953125,0.507549052872472,0.007146541972345927,0.0007644499133471556
2005-11-21,1254.8499755859375,0.645734797176434,0.006957911870845521,0.0007644499133471556
2005-11-22,1261.22998046875,0.6303724819594958,0.0068323823251002554,0.0007644499133471556
2005-11-23,1265.6099853515625,0.40298018140475766,0.00670588341110019,0.0007644499133471556
2005-11-25,1268.25,0.20269749880970797,0.00650890979214233,0.0007644499133471556
2005-11-28,1257.4599609375,-1.4811502243635786,0.006284754205745574,0.0007644499133471556
2005-11-29,1257.47998046875,-0.11166953959796119,0.006703076161004509,0.0007644499133471556
2005-11-30,1249.47998046875,-1.1067776168683043,0.006457217271455224,0.0007644499133471556
2005-12-01,1264.6700439453125,1.7152248932214162,0.0065993411890235285,0.0007644499133471556
2005-12-02,1265.0799560546875,-0.060781209328421064,0.00724527693920038,0.0007644499133471556
2005-12-05,1262.0899658203125,-0.4496944971303871,0.006961896611814126,0.0007644499133471556
2005-12-06,1263.699951171875,0.07545688167652531,0.00676396044976978,0.0007644499133471556
2005-12-07,1257.3699951171875,-0.8885377587884613,0.00651193824563607,0.0007644499133471556
2005-12-08,1255.8399658203125,-0.3039265159346848,0.006521444073944551,0.0007644499133471556
2005-12-09,1259.3699951171875,0.32354788235512216,0.006312815081746125,0.0007644499133471556
2005-12-12,1260.4300537109375,0.012569076469930024,0.006120834800657299,0.0007644499133471556
2005-12-13,1267.4300537109375,0.8078164273016513,0.005909567122302561,0.0007644499133471556
2005-12-14,1272.739990234375,0.57924011427469,0.005897949028246756,0.0007644499133471556
2005-12-15,1270.93994140625,-0.3759721093336191,0.005797666599579591,0.0007644499133471556
2005-12-16,1267.3199462890625,-0.6403247917657443,0.005648376954613941,0.0007644499133471556
2005-12-19,1259.9200439453125,-1.1861795395427865,0.005581431909539155,0.0007644499133471556
2005-12-20,1259.6199951171875,-0.17354354359379764,0.005777382191422289,0.0007644499133471556
2005-12-21,1262.7900390625,0.3124346540201308,0.005598148153017202,0.0007644499133471556
2005-12-22,1268.1199951171875,0.6326064821065385,0.005449588964775389,0.0007644499133471556
2005-12-23,1268.6600341796875,-0.06283349094118142,0.005390159708912693,0.0007644499133471556
2005-12-27,1256.5400390625,-1.98122938859919,0.005230973860415655,0.0007644499133471556
2005-12-28,1258.1700439453125,0.08869366726410388,0.005997341992014822,0.0007644499133471556
2005-12-29,1254.4200439453125,-0.6468152358890172,0.005796739965127758,0.0007644499133471556
2005-12-30,1248.2900390625,-0.9892380695159333,0.005724762768356048,0.0007644499133471556
2006-01-03,1268.800048828125,2.6745765571418234,0.005807466750785561,0.0007644499133471556
2006-01-04,1273.4599609375,0.3936481194906723,0.0073708328053561775,0.0007644499133471556
2006-01-05,1273.47998046875,-0.1049501313848942,0.0071341450021889605,0.0007644499133471556
2006-01-06,1285.449951171875,1.2522796063490689,0.00686034367030596,0.0007644499133471556
2006-01-09,1290.1500244140625,0.4058945072280688,0.007108364443201943,0.0007644499133471556
2006-01-10,1289.68994140625,-0.16272714358201198,0.006889603731876055,0.0007644499133471556
2006-01-11,1294.1800537109375,0.4085043399160781,0.006636520836359124,0.0007644499133471556
2006-01-12,1286.06005859375,-1.0951914210159155,0.006444950766651217,0.0007644499133471556
2006-01-13,1287.6099853515625,0.06687366415877549,0.006579554580198579,0.0007644499133471556
2006-01-17,1282.9300537109375,-0.6949962842185744,0.0063391115194989045,0.0007644499133471556
2006-01-18,1277.9300537109375,-0.7457695403297797,0.0062611740543468105,0.0007644499133471556
2006-01-19,1285.0400390625,0.7705363655079135,0.00620840698001256,0.0007644499133471556
2006-01-20,1261.489990234375,-3.1222848598675337,0.006168806879509658,0.0007644499133471556
2006-01-23,1263.8199462890625,0.12875506402495432,0.008394495870887801,0.0007644499133471556
2006-01-24,1266.8599853515625,0.20359328069223537,0.008045935958828406,0.0007644499133471556
2006-01-25,1264.6800537109375,-0.32177280931170116,0.00772802441060339,0.0007644499133471556
2006-01-26,1273.8299560546875,0.8647419934367446,0.0074524628976679755,0.0007644499133471556
2006-01-27,1283.719970703125,0.9388341430125904,0.007423637615898826,0.0007644499133471556
2006-01-30,1285.18994140625,0.051056361749963704,0.007442396825695997,0.0007644499133471556
2006-01-31,1280.0799560546875,-0.6644626157876788,0.007146271136742163,0.0007644499133471556
2006-02-01,1282.4599609375,0.1556866240347625,0.007021068628182751,0.0007644499133471556
2006-02-02,1270.8399658203125,-1.459759532829708,0.006758959586863968,0.0007644499133471556
2006-02-03,1264.030029296875,-0.8551697037235768,0.007176902253418807,0.0007644499133471556
2006-02-06,1265.02001953125,0.002579855516560875,0.007149648346171322,0.0007644499133471556
2006-02-07,1254.780029296875,-1.2941501534503428,0.006871007896379002,0.0007644499133471556
2006-02-08,1265.6500244140625,1.0990809506217896,0.007152441151394487,0.0007644499133471556
2006-02-09,1263.780029296875,-0.3078748857015235,0.007285557823101807,0.0007644499133471556
2006-02-10,1266.989990234375,0.25202724662654463,0.007032167853041411,0.0007644499133471556
2006-02-13,1262.8599853515625,-0.5940641179030873,0.006782891436296852,0.0007644499133471556
2006-02-14,1275.530029296875,1.3874525122020012,0.006644099923829452,0.0007644499133471556
2006-02-15,1280.0,0.39072641645866346,0.006996779391749462,0.0007644499133471556
2006-02-16,1289.3800048828125,0.9641393543521914,0.006780097292180593,0.0007644499133471556
2006-02-17,1287.239990234375,-0.35527768632426343,0.006827202069247491,0.0007644499133471556
2006-02-21,1283.030029296875,-0.6111241933697391,0.0066113285889124055,0.0007644499133471556
2006-02-22,1292.6700439453125,1.03602723300791,0.006487223284333802,0.0007644499133471556
2006-02-23,1287.7900390625,-0.6906158461538096,0.006583586936805924,0.0007644499133471556
2006-02-24,1289.4300537109375,0.0782711776875221,0.006493459942486035,0.0007644499133471556
2006-02-27,1294.1199951171875,0.4579144214607462,0.006259186754908418,0.0007644499133471556
2006-02-28,1280.6600341796875,-1.838581515973481,0.006102409272206271,0.0007644499133471556
2006-03-01,1291.239990234375,1.0932306069317503,0.006826503697054116,0.0007644499133471556
2006-03-02,1289.1400146484375,-0.3438308242209076,0.006957196449707152,0.0007644499133471556
2006-03-03,1287.22998046875,-0.3338524538303105,0.006731066324486144,0.0007644499133471556
2006-03-06,1278.260009765625,-1.1905018267208143,0.006515967980193279,0.0007644499133471556
2006-03-07,1275.8800048828125,-0.3913552232343175,0.006715370334119347,0.0007644499133471556
2006-03-08,1278.469970703125,0.1939321593164848,0.006514841123929284,0.0007644499133471556
2006-03-09,1272.22998046875,-0.899514522988892,0.006289199894458073,0.0007644499133471556
2006-03-10,1281.4200439453125,1.0194226238112736,0.0063106031099855265,0.0007644499133471556
2006-03-13,1284.1300048828125,0.21066579949890354,0.006399367229498781,0.0007644499133471556
2006-03-14,1297.47998046875,1.549022167433978,0.006183259907210807,0.0007644499133471556
2006-03-15,1303.02001953125,0.5254638461529948,0.006653751143578385,0.0007644499133471556
2006-03-16,1305.3299560546875,0.15496773589936247,0.006496426996262854,0.0007644499133471556
2006-03-17,1307.25,0.1125455167323411,0.006267646091536841,0.0007644499133471556
2006-03-20,1305.0799560546875,-0.40094340675412377,0.006050320452648398,0.0007644499133471556
2006-03-21,1297.22998046875,-1.1538624472660142,0.005891127640623149,0.0007644499133471556
2006-03-22,1305.0400390625,0.8634675014988076,0.006066313779627647,0.0007644499133471556
2006-03-23,1301.6700439453125,-0.5513910411437111,0.0060756922780272095,0.0007644499133471556
2006-03-24,1302.949951171875,0.03665383496082794,0.005957025572290881,0.0007644499133471556
2006-03-27,1301.6099853515625,-0.3114995812845866,0.005757273768910304,0.0007644499133471556
2006-03-28,1293.22998046875,-1.2903298736865132,0.0055981410539862764,0.0007644499133471556
2006-03-29,1302.8900146484375,1.139595240634895,0.005859523923511039,0.0007644499133471556
2006-03-30,1300.25,-0.4634518557731466,0.006026044478447786,0.0007644499133471556
2006-03-31,1294.8699951171875,-0.8345761737188444,0.0058840684623274395,0.0007644499133471556
2006-04-03,1297.81005859375,0.2554581782730226,0.005885595546566344,0.0007644499133471556
2006-04-04,1305.9300537109375,0.9586027638242259,0.0057090886795238835,0.0007644499133471556
2006-04-05,1311.56005859375,0.6124011359562158,0.005776265266281445,0.0007644499133471556
2006-04-06,1309.0400390625,-0.472078214478769,0.005693312987612689,0.0007644499133471556
2006-04-07,1295.5,-2.0028386778921234,0.005572991472353398,0.0007644499133471556
2006-04-10,1296.6199951171875,0.015587240239039325,0.006396507442734413,0.0007644499133471556
2006-04-11,1286.5699462890625,-1.3857483282154055,0.006166779252572412,0.0007644499133471556
2006-04-12,1288.1199951171875,0.0675748192123744,0.0065056279855998204,0.0007644499133471556
2006-04-13,1289.1199951171875,0.001845930267351763,0.006270059255460925,0.0007644499133471556
2006-04-17,1285.3299560546875,-0.6131576078549344,0.006048690579632749,0.0007644499133471556
2006-04-18,1307.280029296875,2.7163641363143003,0.005952351717696299,0.0007644499133471556
2006-04-19,1309.9300537109375,0.1658627236372073,0.007600421365416126,0.0007644499133471556
2006-04-20,1311.4599609375,0.05514944706217592,0.0073037732993958115,0.0007644499133471556
2006-04-21,1311.280029296875,-0.12850582740518648,0.007016481948110584,0.0007644499133471556
2006-04-24,1308.1099853515625,-0.47169640351605596,0.006752002921015219,0.0007644499133471556
2006-04-25,1301.739990234375,-0.8590785954685243,0.006572114053898088,0.0007644499133471556
2006-04-26,1305.4100341796875,0.3124477002340203,0.006564043781611982,0.0007644499133471556
2006-04-27,1309.719970703125,0.3984122558636792,0.006354492689246804,0.0007644499133471556
2006-04-28,1310.6099853515625,-0.013783352595551013,0.0061766498983493075,0.0007644499133471556
2006-05-01,1305.18994140625,-0.8233565212450051,0.0059616182581683184,0.0007644499133471556
2006-05-02,1313.2099609375,0.9002912850994688,0.005955253459003027,0.0007644499133471556
2006-05-03,1308.1199951171875,-0.7764315400976721,0.005986301839454185,0.0007644499133471556
2006-05-04,1312.25,0.4007823261364469,0.005957805191929388,0.0007644499133471556
2006-05-05,1325.760009765625,1.6330058285773195,0.005804153324790082,0.0007644499133471556
2006-05-08,1324.6600341796875,-0.2521025283591234,0.006324762618815236,0.0007644499133471556
2006-05-09,1325.1400146484375,-0.06572130295861064,0.006119372957271461,0.0007644499133471556
2006-05-10,1322.8499755859375,-0.42205181674798564,0.005909448882824183,0.0007644499133471556
2006-05-11,1305.9200439453125,-2.3674087576863063,0.00576373832672708,0.0007644499133471556
2006-05-12,1291.239990234375,-1.7299090376543722,0.006976821966783068,0.0007644499133471556
2006-05-15,1294.5,0.22921517556683776,0.007665639357038619,0.0007644499133471556
2006-05-16,1292.0799560546875,-0.35740680371678096,0.0073744572251198195,0.0007644499133471556
2006-05-17,1270.3199462890625,-2.490109549275985,0.007127776326569019,0.0007644499133471556
2006-05-18,1261.81005859375,-0.8549812548308526,0.008755747894648285,0.0007644499133471556
2006-05-19,1267.030029296875,0.38716154609309866,0.008688641048061068,0.0007644499133471556
2006-05-22,1262.0699462890625,-0.5593189307421,0.008379592181764275,0.0007644499133471556
2006-05-23,1256.5799560546875,-0.6284538292705767,0.008153228264903493,0.0007644499133471556
2006-05-24,1258.5699462890625,0.10263665179579322,0.007969407520106263,0.0007644499133471556
2006-05-25,1272.8800048828125,1.3790734069540511,0.00764389360624915,0.0007644499133471556
2006-05-26,1280.1600341796875,0.6159788357880537,0.008017472623154605,0.0007644499133471556
2006-05-30,1259.8699951171875,-2.137176788471728,0.007833235725360689,0.0007644499133471556
2006-05-31,1270.0899658203125,0.8034719748786477,0.009103926887022771,0.0007644499133471556
2006-06-01,1285.7099609375,1.2743882698531974,0.008991668965872638,0.0007644499133471556
2006-06-02,1288.219970703125,0.12760665112915154,0.00929327212725614,0.0007644499133471556
2006-06-05,1265.2900390625,-2.105761393930624,0.008892019762853828,0.0007644499133471556
2006-06-06,1263.8499755859375,-0.18533093362911815,0.01026934460870373,0.0007644499133471556
2006-06-07,1256.1500244140625,-0.7000449511265107,0.00982157114238383,0.0007644499133471556
2006-06-08,1257.9300537109375,0.06775505177006533,0.009616973435667607,0.0007644499133471556
2006-06-09,1252.300048828125,-0.5711875217308747,0.009191562637087852,0.0007644499133471556
2006-06-12,1237.43994140625,-1.4214701228235336,0.008935585209986545,0.0007644499133471556
2006-06-13,1223.68994140625,-1.2705060447220649,0.009396488818975065,0.0007644499133471556
2006-06-14,1230.0400390625,0.45470611584504533,0.009701727588635738,0.0007644499133471556
2006-06-15,1256.1600341796875,2.1614846232816505,0.009367776484816192,0.0007644499133471556
2006-06-16,1251.5400390625,-0.40804788989292967,0.010903380374010395,0.0007644499133471556
2006-06-19,1240.1300048828125,-0.9458159715852373,0.010491530783147952,0.0007644499133471556
2006-06-20,1240.1199951171875,-0.07380247375773659,0.010467420019672623,0.0007644499133471556
2006-06-21,1252.199951171875,0.8934973416109169,0.009993728929235083,0.0007644499133471556
2006-06-22,1245.5999755859375,-0.6091258064024104,0.009930778252307175,0.0007644499133471556
2006-06-23,1244.5,-0.17049816685207414,0.00966537679361556,0.0007644499133471556
2006-06-26,1250.56005859375,0.44256397228872824,0.009248843926799769,0.0007644499133471556
2006-06-27,1239.199951171875,-1.107290080205254,0.008931694791408224,0.0007644499133471556
2006-06-28,1246.0,0.5191648205896086,0.009068410546361346,0.0007644499133471556
2006-06-29,1272.8699951171875,2.339596896171781,0.008792676766445155,0.0007644499133471556
2006-06-30,1270.199951171875,-0.2722019723031742,0.010522736092207392,0.0007644499133471556
2006-07-03,1280.18994140625,0.7012490508609996,0.010081552023094487,0.0007644499133471556
2006-07-05,1270.9100341796875,-0.814634491966419,0.00986909151323463,0.0007644499133471556
2006-07-06,1274.0799560546875,0.17718202615203524,0.009745113264926997,0.0007644499133471556
2006-07-07,1265.47998046875,-0.8082710523703719,0.009325192968594102,0.0007644499133471556
2006-07-10,1267.3399658203125,0.07646294099758318,0.0092104419099734,0.0007644499133471556
2006-07-11,1272.4300537109375,0.36823422157598956,0.008809234476926626,0.0007644499133471556
2006-07-12,1258.5999755859375,-1.3776295941099186,0.008487751401399532,0.0007644499133471556
2006-07-13,1242.280029296875,-1.554926953334207,0.008885303632088155,0.0007644499133471556
2006-07-14,1236.199951171875,-0.5968340093847377,0.009501395027538388,0.0007644499133471556
2006-07-17,1234.489990234375,-0.23238317505410302,0.009246139455704681,0.0007644499133471556
2006-07-18,1236.8599853515625,0.13012451075863346,0.008864792549001186,0.0007644499133471556
2006-07-19,1259.81005859375,2.0757714869117874,0.00848870626124292,0.0007644499133471556
2006-07-20,1249.1300048828125,-0.9500970325121698,0.009765423051741794,0.0007644499133471556
2006-07-21,1240.2900390625,-0.8064104824439031,0.00975496754017685,0.0007644499133471556
2006-07-24,1260.9100341796875,1.6332146465078308,0.009627641412774555,0.0007644499133471556
2006-07-25,1268.8800048828125,0.5328316531919184,0.010390647588183794,0.0007644499133471556
2006-07-26,1268.4000244140625,-0.11356033869729841,0.010063306060692511,0.0007644499133471556
2006-07-27,1263.199951171875,-0.5066986467673733,0.009616342118584332,0.0007644499133471556
2006-07-28,1278.550048828125,1.2152692980829705,0.009309925219223563,0.0007644499133471556
2006-07-31,1276.6600341796875,-0.2348315846996564,0.00955489896932989,0.0007644499133471556
2006-08-01,1270.9200439453125,-0.5755973735804906,0.009156899019529652,0.0007644499133471556
2006-08-02,1277.4100341796875,0.48616044268668734,0.008904642872423848,0.0007644499133471556
2006-08-03,1280.27001953125,0.17071939647487,0.008621991916470928,0.0007644499133471556
2006-08-04,1279.3599853515625,-0.17851893164648272,0.008265324593991314,0.0007644499133471556
2006-08-07,1275.77001953125,-0.450713619914088,0.007930663717016964,0.0007644499133471556
2006-08-08,1271.47998046875,-0.5379681611779735,0.007682280236739082,0.0007644499133471556
2006-08-09,1265.949951171875,-0.6850278487697279,0.007478850624100406,0.0007644499133471556
2006-08-10,1271.81005859375,0.524338724348904,0.007349998712047537,0.0007644499133471556
2006-08-11,1266.739990234375,-0.6649018932694235,0.007157319460914666,0.0007644499133471556
2006-08-14,1268.2099609375,0.05621746387518392,0.007031859611815124,0.0007644499133471556
2006-08-15,1285.5799560546875,1.8987635377881331,0.0067618043988155515,0.0007644499133471556
2006-08-16,1295.4300537109375,0.9025335690025954,0.007610059009732146,0.0007644499133471556
2006-08-17,1297.47998046875,0.10744614848071249,0.007601285813181476,0.0007644499133471556
2006-08-18,1302.300048828125,0.40331072903428006,0.007298622953284127,0.0007644499133471556
2006-08-21,1297.52001953125,-0.6283594213203122,0.00706865210876253,0.0007644499133471556
2006-08-22,1298.8199462890625,0.034181167250364596,0.006930817748420303,0.0007644499133471556
2006-08-23,1292.989990234375,-0.7894966973994523,0.006666538669135715,0.0007644499133471556
2006-08-24,1296.06005859375,0.2427875184790547,0.006619492655860518,0.0007644499133471556
2006-08-25,1295.0899658203125,-0.236660012638215,0.006394083419403256,0.0007644499133471556
2006-08-28,1301.780029296875,0.7098035703140789,0.006181945338271545,0.0007644499133471556
2006-08-29,1304.280029296875,0.18868324258055458,0.006116895775269848,0.0007644499133471556
2006-08-30,1305.3699951171875,0.011980935653241407,0.005916482515490361,0.0007644499133471556
2006-08-31,1303.8199462890625,-0.341412449733345,0.005719169573235139,0.0007644499133471556
2006-09-01,1311.010009765625,0.8504078584839242,0.005567933120857568,0.0007644499133471556
2006-09-05,1313.25,0.1687099618577467,0.005587642613023702,0.0007644499133471556
2006-09-06,1300.260009765625,-1.9747559530747025,0.005421013552554973,0.0007644499133471556
2006-09-07,1294.02001953125,-0.8988598375707992,0.006202340629449192,0.0007644499133471556
2006-09-08,1298.9200439453125,0.48428943241316796,0.006225754002652382,0.0007644499133471556
2006-09-11,1299.5400390625,-0.0472575378353894,0.006078351970520329,0.0007644499133471556
2006-09-12,1313.0,1.62501037109291,0.005870583857788302,0.0007644499133471556
2006-09-13,1318.0699462890625,0.4836076400975966,0.006388359496496918,0.0007644499133471556
2006-09-14,1316.280029296875,-0.3407291167437962,0.006231801207387359,0.0007644499133471556
2006-09-15,1319.6600341796875,0.2976226269679455,0.00604828060723347,0.0007644499133471556
2006-09-18,1321.1800537109375,0.06590199478094969,0.005868014243245818,0.0007644499133471556
2006-09-19,1317.6400146484375,-0.6074620351780697,0.005675249265104197,0.0007644499133471556
2006-09-20,1325.1800537109375,0.883088983544152,0.005595835995216693,0.0007644499133471556
2006-09-21,1318.030029296875,-1.096831703650751,0.005629459727229157,0.0007644499133471556
2006-09-22,1314.780029296875,-0.560100618569118,0.005772705973697703,0.0007644499133471556
2006-09-25,1326.3699951171875,1.412324314309516,0.0056729607496814926,0.0007644499133471556
2006-09-26,1336.3499755859375,1.118422674180849,0.0060188915830052545,0.0007644499133471556
2006-09-27,1336.5899658203125,-0.09477330901862208,0.006171354342118646,0.0007644499133471556
2006-09-28,1338.8800048828125,0.15898232126943743,0.005959332305959665,0.0007644499133471556
2006-09-29,1335.8499755859375,-0.5254806144401162,0.005766382175352988,0.0007644499133471556
2006-10-02,1331.3199462890625,-0.7356648719595791,0.005656562178234891,0.0007644499133471556
2006-10-03,1334.1099853515625,0.23629513754342593,0.005624538347851921,0.0007644499133471556
2006-10-04,1350.199951171875,2.0545837057764613,0.005462834944387347,0.0007644499133471556
2006-10-05,1353.219970703125,0.23253030543867484,0.006320778569385876,0.0007644499133471556
2006-10-06,1349.5899658203125,-0.5644868758670325,0.006112717078508701,0.0007644499133471556
2006-10-09,1350.6600341796875,0.004689475721069854,0.005996399786318808,0.0007644499133471556
2006-10-10,1353.4200439453125,0.22040276512529922,0.005793564712362475,0.0007644499133471556
2006-10-11,1349.949951171875,-0.5929918646818187,0.005618434802360446,0.0007644499133471556
2006-10-12,1362.8299560546875,1.5768351047808946,0.005537306546164814,0.0007644499133471556
2006-10-13,1365.6199951171875,0.2134638296018082,0.005999595636570472,0.0007644499133471556
2006-10-16,1369.06005859375,0.3014577555708113,0.005809873581824931,0.0007644499133471556
2006-10-17,1364.050048828125,-0.7847911024340187,0.005645596921377894,0.0007644499133471556
2006-10-18,1365.800048828125,0.09188311591630044,0.005634026878144865,0.0007644499133471556
2006-10-19,1366.9599609375,0.015469715441529395,0.005458689479470518,0.0007644499133471556
2006-10-20,1368.5999755859375,0.08209630832644414,0.005293590069544677,0.0007644499133471556
2006-10-23,1377.02001953125,1.0441215586585062,0.005142127846687301,0.0007644499133471556
2006-10-24,1377.3800048828125,-0.09554542440539349,0.00526514599507073,0.0007644499133471556
2006-10-25,1382.219970703125,0.5361779335342762,0.005116368127716188,0.0007644499133471556
2006-10-26,1389.0799560546875,0.8294415113595838,0.005047124888391036,0.0007644499133471556
2006-10-27,1377.3399658203125,-1.8220557094808325,0.005077779840680557,0.0007644499133471556
2006-10-30,1377.9300537109375,-0.058969184103445794,0.0056998571215487685,0.0007644499133471556
2006-10-31,1377.93994140625,-0.1372238323638561,0.005518532503310647,0.0007644499133471556
2006-11-01,1367.81005859375,-1.520893346571649,0.0053541388586207,0.0007644499133471556
2006-11-02,1367.3399658203125,-0.19214863842024002,0.005767367295572694,0.0007644499133471556
2006-11-03,1364.300048828125,-0.5348426202591479,0.005590727191335973,0.0007644499133471556
2006-11-06,1379.780029296875,1.91465231797911,0.005493490914678092,0.0007644499133471556
2006-11-07,1382.8399658203125,0.2328918702965129,0.0062294721855393745,0.0007644499133471556
2006-11-08,1385.719970703125,0.21834852900937388,0.006027328704263,0.0007644499133471556
2006-11-09,1378.3299560546875,-1.0471703072975482,0.005836394847817473,0.0007644499133471556
2006-11-10,1380.9000244140625,0.1846525716803073,0.00594867823243793,0.0007644499133471556
2006-11-13,1384.4200439453125,0.3093213352670922,0.005759004645749537,0.0007644499133471556
2006-11-14,1393.219970703125,0.9950800385442548,0.005599381538035504,0.0007644499133471556
2006-11-15,1396.5699462890625,0.28783133807977634,0.005687873597548747,0.0007644499133471556
2006-11-16,1399.760009765625,0.2743828902459414,0.00552934774904357,0.0007644499133471556
2006-11-17,1401.199951171875,0.049025802989665836,0.005379356043793196,0.0007644499133471556
2006-11-20,1400.5,-0.24214164602126548,0.005220546361698795,0.0007644499133471556
2006-11-21,1402.81005859375,0.17368726471877627,0.005087557785653774,0.0007644499133471556
2006-11-22,1406.0899658203125,0.31690647240701064,0.004957042558236354,0.0007644499133471556
2006-11-24,1400.949951171875,-0.9121555688695764,0.004852993727194624,0.0007644499133471556
2006-11-27,1381.9599609375,-2.926716437133534,0.004924371797917739,0.0007644499133471556
2006-11-28,1386.719970703125,0.4095364219790518,0.006529388156377739,0.0007644499133471556
2006-11-29,1399.47998046875,1.3232608949238263,0.006344213706255195,0.0007644499133471556
2006-11-30,1400.6300048828125,0.008579784587581228,0.006639313233687843,0.0007644499133471556
2006-12-01,1396.7099609375,-0.5579296523584315,0.006393540325190708,0.0007644499133471556
2006-12-04,1409.1199951171875,1.290851365572901,0.006260596565912333,0.0007644499133471556
2006-12-05,1414.760009765625,0.49463148194882545,0.006530255148526034,0.0007644499133471556
2006-12-06,1412.9000244140625,-0.32656438517875447,0.006369387611001904,0.0007644499133471556
2006-12-07,1407.2900390625,-0.7681379131030054,0.006174542298356579,0.0007644499133471556
2006-12-08,1409.8399658203125,0.17046902562227748,0.006135141948529844,0.0007644499133471556
2006-12-11,1413.0400390625,0.25335482061022374,0.005931566891327368,0.0007644499133471556
2006-12-12,1411.56005859375,-0.31510014812135273,0.005751733680115737,0.0007644499133471556
2006-12-13,1413.2099609375,0.07217506675589376,0.005593590595249336,0.0007644499133471556
2006-12-14,1425.489990234375,1.4551949323657876,0.005420217146145381,0.0007644499133471556
2006-12-15,1427.0899658203125,0.06172101243177214,0.005789351006050083,0.0007644499133471556
2006-12-18,1422.47998046875,-0.7140495509968692,0.00560187791482332,0.0007644499133471556
2006-12-19,1425.550048828125,0.25008963584194877,0.005563905383614459,0.0007644499133471556
2006-12-20,1423.530029296875,-0.40355173495563473,0.005408142833024103,0.0007644499133471556
2006-12-21,1418.300048828125,-0.8404087434293994,0.005289291802801932,0.0007644499133471556
2006-12-22,1410.760009765625,-1.1467632622190584,0.005314856751533756,0.0007644499133471556
2006-12-26,1416.9000244140625,0.6518779925228203,0.005489341186517629,0.0007644499133471556
2006-12-27,1426.8399658203125,1.1457385829044249,0.005434338407397916,0.0007644499133471556
2006-12-28,1424.72998046875,-0.4002515523820866,0.005607289822250785,0.0007644499133471556
2006-12-29,1418.300048828125,-0.9657791363189216,0.005475115732068218,0.0007644499133471556
2007-01-03,1416.5999755859375,-0.353732293464453,0.005551764970731624,0.0007644499133471556
2007-01-04,1418.3399658203125,0.08553951221164796,0.0054136687466997966,0.0007644499133471556
2007-01-05,1409.7099609375,-1.3072025594037309,0.0052536752597469585,0.0007644499133471556
2007-01-08,1412.8399658203125,0.26318655362170107,0.005522345819533664,0.0007644499133471556
2007-01-09,1412.1099853515625,-0.2385418318650353,0.005371214778952174,0.0007644499133471556
2007-01-10,1414.8499755859375,0.2245982549313834,0.005227208440904965,0.0007644499133471556
2007-01-11,1423.8199462890625,1.091077325420712,0.0050916755269696775,0.0007644499133471556
2007-01-12,1430.72998046875,0.7781674221048763,0.005239203112208215,0.0007644499133471556
2007-01-16,1431.9000244140625,0.010113042513167572,0.005241840811941395,0.0007644499133471556
2007-01-17,1430.6199951171875,-0.3257336177963914,0.005092465871251233,0.0007644499133471556
2007-01-18,1426.3699951171875,-0.7508828236356351,0.004980286099765126,0.0007644499133471556
2007-01-19,1430.5,0.42667860493000065,0.004984622187107878,0.0007644499133471556
2007-01-22,1422.949951171875,-1.2364415245860145,0.00489819870952522,0.0007644499133471556
2007-01-23,1427.989990234375,0.540805272831016,0.005124316158999078,0.0007644499133471556
2007-01-24,1440.1300048828125,1.5232130000412685,0.005055817219812507,0.0007644499133471556
2007-01-25,1423.9000244140625,-2.2159866081339055,0.0054595265150280846,0.0007644499133471556
2007-01-26,1422.1800537109375,-0.3050227453961575,0.0064687289015582005,0.0007644499133471556
2007-01-29,1420.6199951171875,-0.2972759851124598,0.006263542358489403,0.0007644499133471556
2007-01-30,1428.8199462890625,0.8222991683781741,0.006069626343101245,0.0007644499133471556
2007-01-31,1438.239990234375,0.9583720051113278,0.006059020815800473,0.0007644499133471556
2007-02-01,1445.93994140625,0.7478196067433004,0.006117787724780971,0.0007644499133471556
2007-02-02,1448.3900146484375,0.15293589354733692,0.006071605019008525,0.0007644499133471556
2007-02-05,1446.989990234375,-0.29495012500239065,0.005870567831836708,0.0007644499133471556
2007-02-06,1448.0,-0.011696720264510324,0.0057012542681236485,0.0007644499133471556
2007-02-07,1450.02001953125,0.11408408306939549,0.005518903396841544,0.0007644499133471556
2007-02-08,1448.31005859375,-0.36324325415767955,0.005352922310990352,0.0007644499133471556
2007-02-09,1438.06005859375,-1.504279294336992,0.005229631263511899,0.0007644499133471556
2007-02-12,1433.3699951171875,-0.7164426010527414,0.005626636391135829,0.0007644499133471556
2007-02-13,1444.260009765625,1.217567432576964,0.005588458296037999,0.0007644499133471556
2007-02-14,1455.300048828125,1.1804016373216448,0.005803585773840401,0.0007644499133471556
2007-02-15,1456.81005859375,0.04546774814244067,0.005995581422947555,0.0007644499133471556
2007-02-16,1455.5400390625,-0.2824957551423712,0.0057934012957180725,0.0007644499133471556
2007-02-20,1459.6800537109375,0.36889971973477215,0.005627079010936814,0.0007644499133471556
2007-02-21,1457.6300048828125,-0.395452463948926,0.005487101694179259,0.0007644499133471556
2007-02-22,1456.3800048828125,-0.3025968056807976,0.0053615049341535935,0.0007644499133471556
2007-02-23,1451.18994140625,-0.8292214993245317,0.005227178593012159,0.0007644499133471556
2007-02-26,1449.3699951171875,-0.3845979872321711,0.0052505296962524215,0.0007644499133471556
2007-02-27,1399.0400390625,-7.027353600658538,0.005138080820789246,0.0007644499133471556
2007-02-28,1406.8199462890625,0.3929789901477642,0.012166133964538776,0.0007644499133471556
2007-03-01,1403.1700439453125,-0.28769725220393805,0.011686784857661054,0.0007644499133471556
2007-03-02,1387.1700439453125,-1.0932554918856419,0.011189252497600399,0.0007644499133471556
2007-03-05,1374.1199951171875,-0.9029913852261121,0.011314237982049289,0.0007644499133471556
2007-03-06,1395.4100341796875,1.300190526070367,0.011237069115322202,0.0007644499133471556
2007-03-07,1391.969970703125,-0.2782310193556787,0.011618993481145801,0.0007644499133471556
2007-03-08,1401.8900146484375,0.5697673612139382,0.011121903866052463,0.0007644499133471556
2007-03-09,1402.8399658203125,-0.008071763111521451,0.010785455324134023,0.0007644499133471556
2007-03-12,1406.5999755859375,0.18581939387287785,0.010290899508894912,0.0007644499133471556
2007-03-13,1377.949951171875,-2.1685611293067963,0.009842021574727649,0.0007644499133471556
2007-03-14,1387.1700439453125,0.5151244411238043,0.011462143474944422,0.0007644499133471556
2007-03-15,1392.280029296875,0.26288944824348004,0.011078915740535709,0.0007644499133471556
2007-03-16,1386.949951171875,-0.4337453384843004,0.010605544789570858,0.0007644499133471556
2007-03-19,1402.06005859375,0.9854940117366662,0.01021936106098968,0.0007644499133471556
2007-03-20,1410.93994140625,0.5421168944839878,0.010235858824210131,0.0007644499133471556
2007-03-21,1435.0400390625,1.6302346583046077,0.009920162847262543,0.0007644499133471556
2007-03-22,1434.5400390625,-0.10402538771785412,0.010698666787707114,0.0007644499133471556
2007-03-23,1436.1099853515625,0.03224185877890227,0.010214724022933587,0.0007644499133471556
2007-03-26,1437.5,0.020812139584560303,0.009753183313693976,0.0007644499133471556
2007-03-27,1428.6099853515625,-0.7478087220953944,0.009317904533904657,0.0007644499133471556
2007-03-28,1417.22998046875,-0.9564226554005579,0.009161362583126309,0.0007644499133471556
2007-03-29,1422.530029296875,0.32388602986950804,0.009164639192800052,0.0007644499133471556
2007-03-30,1420.8599853515625,-0.22008659422658905,0.008810782672501693,0.0007644499133471556
2007-04-02,1424.550048828125,0.21643996336960708,0.00845152126710763,0.0007644499133471556
2007-04-03,1437.77001953125,1.0444626021112164,0.008112169015948235,0.0007644499133471556
2007-04-04,1439.3699951171875,0.04241844852090824,0.008198056263138047,0.0007644499133471556
2007-04-05,1443.760009765625,0.29036262789831785,0.007855225975720437,0.0007644499133471556
2007-04-09,1444.6099853515625,-0.02325145938304599,0.007565097026805889,0.0007644499133471556
2007-04-10,1448.3900146484375,0.25463240171816337,0.007260568965878385,0.0007644499133471556
2007-04-11,1438.8699951171875,-1.0515830740435292,0.006997996646634333,0.0007644499133471556
2007-04-12,1447.800048828125,0.7638999686763494,0.0070986608130928445,0.0007644499133471556
2007-04-13,1452.8499755859375,0.38690212101362037,0.0070236917927960826,0.0007644499133471556
2007-04-16,1468.3299560546875,1.4452383996970795,0.006804478044501775,0.0007644499133471556
2007-04-17,1471.47998046875,0.19116601309432918,0.007211340425066624,0.0007644499133471556
2007-04-18,1472.5,-0.010299623918705189,0.006941721649745524,0.0007644499133471556
2007-04-19,1470.72998046875,-0.2946541597104641,0.006676381467180092,0.0007644499133471556
2007-04-20,1484.3499755859375,1.309319043984772,0.006456514006870443,0.0007644499133471556
2007-04-23,1480.9300537109375,-0.45545202549656916,0.006742959108303862,0.0007644499133471556
2007-04-24,1480.4100341796875,-0.17010493174141583,0.006558630908284081,0.0007644499133471556
2007-04-25,1495.4200439453125,1.4735229374689873,0.006327410013295024,0.0007644499133471556
2007-04-26,1494.25,-0.22951553933428484,0.006741044307730837,0.0007644499133471556
2007-04-27,1494.0699462890625,-0.1360211888709055,0.006506007603123739,0.0007644499133471556
2007-04-30,1482.3699951171875,-1.3747254847221662,0.006274851756424198,0.0007644499133471556
2007-05-01,1486.300048828125,0.28499899078888286,0.006607876290206497,0.0007644499133471556
2007-05-02,1495.9200439453125,0.8899530169825484,0.006390380746658112,0.0007644499133471556
2007-05-03,1502.3900146484375,0.5545495131343032,0.006403939814127904,0.0007644499133471556
2007-05-04,1505.6199951171875,0.22062042425070633,0.006269306964591904,0.0007644499133471556
2007-05-07,1509.47998046875,0.2962259759075329,0.006062896882498578,0.0007644499133471556
2007-05-08,1507.719970703125,-0.3283372696716966,0.005881455708369117,0.0007644499133471556
2007-05-09,1512.5799560546875,0.42917659358134924,0.005717382155186634,0.0007644499133471556
2007-05-10,1491.469970703125,-2.65337614920818,0.005584972112764971,0.0007644499133471556
2007-05-11,1505.8499755859375,1.2488250709724886,0.007071339096566761,0.0007644499133471556
2007-05-14,1503.1500244140625,-0.3496389247623431,0.00731907665469159,0.0007644499133471556
2007-05-15,1501.18994140625,-0.2925380317858342,0.007073557053588397,0.0007644499133471556
2007-05-16,1514.1400146484375,1.1457942385433524,0.0068294049908769194,0.0007644499133471556
2007-05-17,1512.75,-0.24050964414958395,0.006997200012442517,0.0007644499133471556
2007-05-18,1522.75,0.8630978154333163,0.006748104556251128,0.0007644499133471556
2007-05-21,1525.0999755859375,0.11541989037770464,0.006737183872559712,0.0007644499133471556
2007-05-22,1524.1199951171875,-0.2168493692404404,0.006489410007080817,0.0007644499133471556
2007-05-23,1522.280029296875,-0.3146602438617695,0.006268382621922819,0.0007644499133471556
2007-05-24,1507.510009765625,-1.7300774201646048,0.006077410434790261,0.0007644499133471556
2007-05-25,1515.72998046875,0.697602138000585,0.006699260891857687,0.0007644499133471556
2007-05-29,1518.1099853515625,0.12176017728402397,0.006607434078741956,0.0007644499133471556
2007-05-30,1530.22998046875,1.1285914295948711,0.006368520592401907,0.0007644499133471556
2007-05-31,1530.6199951171875,-0.07809467899487797,0.006525529916556615,0.0007644499133471556
2007-06-01,1536.3399658203125,0.47154479525260357,0.006289144481149395,0.0007644499133471556
2007-06-04,1539.1800537109375,0.1764519164061168,0.0061345319277444675,0.0007644499133471556
2007-06-05,1530.949951171875,-1.0327477711133632,0.005931618743082503,0.0007644499133471556
2007-06-06,1517.3800048828125,-1.6021490243350123,0.006034213427634832,0.0007644499133471556
2007-06-07,1490.719970703125,-2.826461472373315,0.006541894039457903,0.0007644499133471556
2007-06-08,1507.6700439453125,1.2424400229786239,0.008484745114035122,0.0007644499133471556
2007-06-11,1509.1199951171875,0.0225030655480399,0.008745672562578676,0.0007644499133471556
2007-06-12,1493.0,-1.374474279531653,0.008369474626645642,0.0007644499133471556
2007-06-13,1515.6700439453125,1.6330442220520023,0.008760109343644993,0.0007644499133471556
2007-06-14,1522.969970703125,0.42686272875352815,0.00946508540970068,0.0007644499133471556
2007-06-15,1532.9100341796875,0.6287425734681705,0.009131090942096819,0.0007644499133471556
2007-06-18,1531.050048828125,-0.2221039135309587,0.008908242557037694,0.0007644499133471556
2007-06-19,1533.699951171875,0.11292688914140654,0.008543833132823893,0.0007644499133471556
2007-06-20,1512.8399658203125,-1.7665465999366121,0.008184826992770596,0.0007644499133471556
2007-06-21,1522.18994140625,0.5988106172770208,0.009012770269105153,0.0007644499133471556
2007-06-22,1502.56005859375,-1.565652239719267,0.00877853931550233,0.0007644499133471556
2007-06-25,1497.739990234375,-0.42306229609730417,0.00940171285050297,0.0007644499133471556
2007-06-26,1492.8900146484375,-0.44191685181200063,0.009069353566807253,0.0007644499133471556
2007-06-27,1506.3399658203125,0.9365125762035552,0.008760743442119705,0.0007644499133471556
2007-06-28,1505.7099609375,-0.1351097679775899,0.008754162918919785,0.0007644499133471556
2007-06-29,1503.3499755859375,-0.27823537551802385,0.008385118895767757,0.0007644499133471556
2007-07-02,1519.4300537109375,1.2248423516904083,0.008062192600357,0.0007644499133471556
2007-07-03,1524.8699951171875,0.3384371821830614,0.008301119614016986,0.0007644499133471556
2007-07-05,1525.4000244140625,-0.05212784096273598,0.007998038564477327,0.0007644499133471556
2007-07-06,1530.43994140625,0.33048973348707594,0.007667714156598065,0.0007644499133471556
2007-07-09,1531.8499755859375,0.021148732170983908,0.007397699821577083,0.0007644499133471556
2007-07-10,1510.1199951171875,-2.1188573610259787,0.0071035808807483536,0.0007644499133471556
2007-07-11,1518.760009765625,0.5991324675837676,0.008246347171328666,0.0007644499133471556
2007-07-12,1547.699951171875,2.2514211384187437,0.008044366861517292,0.0007644499133471556
2007-07-13,1552.5,0.2452782842903162,0.009508214439577063,0.0007644499133471556
2007-07-16,1549.52001953125,-0.2946486416761845,0.009115150054684568,0.0007644499133471556
2007-07-17,1549.3699951171875,-0.09836562724467562,0.008755848471721134,0.0007644499133471556
2007-07-18,1546.1700439453125,-0.3378156199347835,0.008383004091591283,0.0007644499133471556
2007-07-19,1553.0799560546875,0.45752491477339474,0.008075285038385631,0.0007644499133471556
2007-07-20,1534.0999755859375,-1.669731685475988,0.007821977517154414,0.0007644499133471556
2007-07-23,1541.5699462890625,0.4811303519051877,0.008507089403275851,0.0007644499133471556
2007-07-24,1511.0400390625,-2.519909980421065,0.008241410024292923,0.0007644499133471556
2007-07-25,1518.0899658203125,0.3832455779981928,0.010150963826327318,0.0007644499133471556
2007-07-26,1482.6600341796875,-2.4963839179651535,0.009765965105097836,0.0007644499133471556
2007-07-27,1458.949951171875,-1.411313414695827,0.011964230779790168,0.0007644499133471556
2007-07-30,1473.9100341796875,0.7533051052102131,0.012527913765758259,0.0007644499133471556
2007-07-31,1455.27001953125,-1.0984132907879558,0.012282938430630767,0.0007644499133471556
2007-08-01,1465.81005859375,0.5196323451468181,0.012416696113369813,0.0007644499133471556
2007-08-02,1472.199951171875,0.2988879220693118,0.011995690104921877,0.0007644499133471556
2007-08-03,1433.06005859375,-2.4125051414720584,0.011486084673420011,0.0007644499133471556
2007-08-06,1467.6700439453125,1.6652509052724602,0.013871561443613678,0.0007644499133471556
2007-08-07,1476.7099609375,0.358598074435682,0.01499178362755432,0.0007644499133471556
2007-08-08,1497.489990234375,0.9198440291699722,0.014360372472758502,0.0007644499133471556
2007-08-09,1453.0899658203125,-2.164630430651828,0.01425763778606521,0.0007644499133471556
2007-08-10,1453.6400146484375,-0.023315349084523082,0.016554939279153018,0.0007644499133471556
2007-08-13,1452.9200439453125,-0.08001893823995489,0.015744532570106818,0.0007644499133471556
2007-08-14,1426.5400390625,-1.2740342826880722,0.014982207050238873,0.0007644499133471556
2007-08-15,1406.699951171875,-0.9581507993235687,0.015415014184933504,0.0007644499133471556
2007-08-16,1411.27001953125,0.16148834124863393,0.015351393489880622,0.0007644499133471556
2007-08-17,1445.93994140625,1.6071762331711095,0.014625102166173052,0.0007644499133471556
2007-08-20,1445.550048828125,-0.06595207249148798,0.015680064167504962,0.0007644499133471556
2007-08-21,1447.1199951171875,0.021516362517983886,0.014919592564338233,0.0007644499133471556
2007-08-22,1464.0699462890625,0.7663779319075441,0.014197135009027832,0.0007644499133471556
2007-08-23,1462.5,-0.13198516481333322,0.013920819887092024,0.0007644499133471556
2007-08-24,1479.3699951171875,0.8070213209946774,0.013264294087943882,0.0007644499133471556
2007-08-27,1466.7900390625,-0.712830783905535,0.013052749736014191,0.0007644499133471556
2007-08-28,1432.3599853515625,-1.9220065529486354,0.012756144234732054,0.0007644499133471556
2007-08-29,1463.760009765625,1.4633263478123686,0.01429660656273506,0.0007644499133471556
2007-08-30,1457.6400146484375,-0.32920348338624833,0.01504912597126827,0.0007644499133471556
2007-08-31,1473.989990234375,0.7215184966188494,0.0143999820187491,0.0007644499133471556
2007-09-04,1489.4200439453125,0.6857058769016385,0.014072154678477347,0.0007644499133471556
2007-09-05,1472.2900390625,-0.8988846678316249,0.013719472570943842,0.0007644499133471556
2007-09-06,1478.550048828125,0.2557607324614897,0.01360029966669752,0.0007644499133471556
2007-09-07,1453.550048828125,-1.3712843300273023,0.012993284180881623,0.0007644499133471556
2007-09-10,1451.699951171875,-0.1506103263576805,0.013532098726488893,0.0007644499133471556
2007-09-11,1471.489990234375,0.9903711127245245,0.012899999119044775,0.0007644499133471556
2007-09-12,1471.56005859375,-0.05557258368413821,0.012899054060846273,0.0007644499133471556
2007-09-13,1483.949951171875,0.6200822682455408,0.012288476272708935,0.0007644499133471556
2007-09-14,1484.25,-0.04708622228206909,0.011941376234790935,0.0007644499133471556
2007-09-17,1476.6500244140625,-0.5181351088162282,0.011383167835382499,0.0007644499133471556
2007-09-18,1519.780029296875,2.5465679341526055,0.011005059535859124,0.0007644499133471556
2007-09-19,1529.030029296875,0.3906200168040014,0.013577158421834235,0.0007644499133471556
2007-09-20,1518.75,-0.576406906710113,0.013029664116046861,0.0007644499133471556
2007-09-21,1525.75,0.30374201453478405,0.012622601546482872,0.0007644499133471556
2007-09-24,1517.72998046875,-0.4994482721916223,0.012082848254199523,0.0007644499133471556
2007-09-25,1517.2099609375,-0.0949213142231375,0.011663749507126788,0.0007644499133471556
2007-09-26,1525.4200439453125,0.4163861766434394,0.011124924358223019,0.0007644499133471556
2007-09-27,1531.3800048828125,0.2928253013148562,0.010706151899304375,0.0007644499133471556
2007-09-28,1526.75,-0.3695854323037629,0.010261361286783156,0.0007644499133471556
2007-10-01,1547.0400390625,1.2607066555907571,0.009865665349921882,0.0007644499133471556
2007-10-02,1546.6300048828125,-0.10124289600563433,0.010168904756207268,0.0007644499133471556
2007-10-03,1539.5899658203125,-0.5483179391600543,0.009714616411733374,0.0007644499133471556
2007-10-04,1542.8399658203125,0.1426359878623935,0.009424527728111231,0.0007644499133471556
2007-10-05,1557.5899658203125,0.9703725514125874,0.009017599790296512,0.0007644499133471556
2007-10-08,1552.5799560546875,-0.4412225836803698,0.009034324295016476,0.0007644499133471556
2007-10-09,1565.1500244140625,0.8363764647884365,0.008727166596790894,0.0007644499133471556
2007-10-10,1562.469970703125,-0.2865801032385717,0.008647661978750866,0.0007644499133471556
2007-10-11,1554.4100341796875,-0.7141771310093346,0.008312026456177568,0.0007644499133471556
2007-10-12,1561.800048828125,0.4870974271488734,0.008167789389991348,0.0007644499133471556
2007-10-15,1548.7099609375,-1.1591025841647804,0.007920940237908757,0.0007644499133471556
2007-10-16,1538.530029296875,-0.9084272922502648,0.008101162257744723,0.0007644499133471556
2007-10-17,1541.239990234375,0.12310113988975273,0.0080860083192961,0.0007644499133471556
2007-10-18,1540.0799560546875,-0.19565963297323824,0.0077552850099017225,0.0007644499133471556
2007-10-19,1500.6300048828125,-3.5841162933362276,0.0074533745933740144,0.0007644499133471556
2007-10-22,1506.3299560546875,0.2779764539576584,0.010888428004360256,0.0007644499133471556
2007-10-23,1519.5899658203125,0.7670414164671189,0.01042954050054181,0.0007644499133471556
2007-10-24,1515.8800048828125,-0.3129345171119046,0.010254085887757163,0.0007644499133471556
2007-10-25,1514.4000244140625,-0.17696875133242104,0.009839276716778636,0.0007644499133471556
2007-10-26,1535.280029296875,1.3733775551152394,0.00941402232367229,0.0007644499133471556
2007-10-29,1540.97998046875,0.2990382321930263,0.009835936858822801,0.0007644499133471556
2007-10-30,1531.02001953125,-0.7679636021078095,0.009439017920623259,0.0007644499133471556
2007-10-31,1549.3800048828125,1.2005505433205013,0.009292579563165928,0.0007644499133471556
2007-11-01,1508.43994140625,-2.892561831006796,0.009522126133279307,0.0007644499133471556
2007-11-02,1509.6500244140625,0.0030126909474036474,0.012426355106943591,0.0007644499133471556
2007-11-05,1502.1700439453125,-0.4840867114856237,0.011839910525180863,0.0007644499133471556
2007-11-06,1520.27001953125,0.9816302783233138,0.011422584682551435,0.0007644499133471556
2007-11-07,1475.6199951171875,-2.676353012757252,0.01142382044864236,0.0007644499133471556
2007-11-08,1474.77001953125,-0.09320459959119741,0.014383714903499661,0.0007644499133471556
2007-11-09,1453.699951171875,-1.1064781972893922,0.013696168403935744,0.0007644499133471556
2007-11-12,1439.1800537109375,-0.7802115516329057,0.013846119662168883,0.0007644499133471556
2007-11-13,1481.050048828125,2.053501020884679,0.013593046309949541,0.0007644499133471556
2007-11-14,1470.5799560546875,-0.506189760182461,0.01552565514929604,0.0007644499133471556
2007-11-15,1451.1500244140625,-0.9397828240065791,0.01496615824745139,0.0007644499133471556
2007-11-16,1458.739990234375,0.299169551561208,0.01488196380749238,0.0007644499133471556
2007-11-19,1433.27001953125,-1.2918251254393307,0.014227105226580028,0.0007644499133471556
2007-11-20,1439.699951171875,0.25298142906424964,0.014671883621454855,0.0007644499133471556
2007-11-21,1416.77001953125,-1.2006239505273049,0.014008989217880425,0.0007644499133471556
2007-11-23,1440.699951171875,1.1176929426648285,0.014301759991003155,0.0007644499133471556
2007-11-26,1407.219970703125,-1.67763317491995,0.014471230557182498,0.0007644499133471556
2007-11-27,1428.22998046875,0.8973812624564405,0.01566262438405355,0.0007644499133471556
2007-11-28,1469.02001953125,1.7659711907938798,0.015512808832498252,0.0007644499133471556
2007-11-29,1469.719970703125,-0.016957160963753333,0.016989193456438553,0.0007644499133471556
2007-11-30,1481.1400146484375,0.4317914056805986,0.01615533542730082,0.0007644499133471556
2007-12-03,1472.4200439453125,-0.4298637789044757,0.015514649359821532,0.0007644499133471556
2007-12-04,1462.7900390625,-0.4916494747146878,0.0149012417634335,0.0007644499133471556
2007-12-05,1485.010009765625,0.9968312253649223,0.01435695910005454,0.0007644499133471556
2007-12-06,1507.3399658203125,0.9864788877045328,0.014354612929318509,0.0007644499133471556
2007-12-07,1504.6600341796875,-0.17742286679488964,0.014338362976055855,0.0007644499133471556
2007-12-10,1515.9599609375,0.49142029435533435,0.013669448069164186,0.0007644499133471556
2007-12-11,1477.6500244140625,-2.0004433668208494,0.013177239466501248,0.0007644499133471556
2007-12-12,1486.5899658203125,0.3526763830906233,0.014935587878002502,0.0007644499133471556
2007-12-13,1488.4100341796875,0.032098249629422565,0.014303758374851441,0.0007644499133471556
2007-12-14,1467.949951171875,-1.0727852697879665,0.01361509425641639,0.0007644499133471556
2007-12-17,1445.9000244140625,-1.159016404200523,0.013717928687394356,0.0007644499133471556
2007-12-18,1454.97998046875,0.3941273978686827,0.013943992678995534,0.0007644499133471556
2007-12-19,1453.0,-0.15889586734854186,0.013381132948717315,0.0007644499133471556
2007-12-20,1460.1199951171875,0.323210399316554,0.012758829191812461,0.0007644499133471556
2007-12-21,1484.4599609375,1.2903564252488644,0.012219858361405949,0.0007644499133471556
2007-12-24,1496.449951171875,0.5772244189206563,0.012612270432668795,0.0007644499133471556
2007-12-26,1497.6600341796875,0.00358855973255306,0.012221928313484398,0.0007644499133471556
2007-12-27,1476.27001953125,-1.3007598487190917,0.011646818037107647,0.0007644499133471556
2007-12-28,1478.489990234375,0.061312794176131745,0.012039748939513754,0.0007644499133471556
2007-12-31,1468.3599853515625,-0.6656462278457488,0.01147699469303036,0.0007644499133471556
2008-01-02,1447.1600341796875,-1.3676865134655805,0.011192281832593666,0.0007644499133471556
2008-01-03,1447.1600341796875,-0.0655352336836726,0.01166471637282969,0.0007644499133471556
2008-01-04,1411.6300048828125,-2.3035290058654923,0.011123115911308204,0.0007644499133471556
2008-01-07,1416.1800537109375,0.1857291995142636,0.013210767745806429,0.0007644499133471556
2008-01-08,1390.18994140625,-1.5302888001631294,0.012603638851619033,0.0007644499133471556
2008-01-09,1409.1300048828125,0.95353310154323,0.013389844471973104,0.0007644499133471556
2008-01-10,1420.3299560546875,0.5361496914227412,0.013340046815655857,0.0007644499133471556
2008-01-11,1401.02001953125,-1.1210992900091976,0.012891901164075147,0.0007644499133471556
2008-01-14,1416.25,0.7694606798325782,0.013057881967040639,0.0007644499133471556
2008-01-15,1380.949951171875,-2.029457163069982,0.012813944034577656,0.0007644499133471556
2008-01-16,1373.199951171875,-0.4381822394187311,0.014588303815358578,0.0007644499133471556
2008-01-17,1333.25,-2.160130676006959,0.014021663964445368,0.0007644499133471556
2008-01-18,1325.18994140625,-0.4196541744050238,0.016271062363711383,0.0007644499133471556
2008-01-22,1310.5,-0.7627285365843695,0.015616968199919057,0.0007644499133471556
2008-01-23,1338.5999755859375,1.3366216282196952,0.015300575211002925,0.0007644499133471556
2008-01-24,1352.0699462890625,0.5832777350392107,0.015855205485560374,0.0007644499133471556
2008-01-25,1330.6099853515625,-1.092295954514276,0.01534720407260697,0.0007644499133471556
2008-01-28,1353.9599609375,1.0741930477668213,0.015482953023863148,0.0007644499133471556
2008-01-29,1362.300048828125,0.34484666671551173,0.015590786086159759,0.0007644499133471556
2008-01-30,1355.81005859375,-0.37121680457957196,0.014923431681577816,0.0007644499133471556
2008-01-31,1378.550048828125,1.109540341338733,0.014302051151467897,0.0007644499133471556
2008-02-01,1395.4200439453125,0.7883289890277686,0.014459406431433442,0.0007644499133471556
2008-02-04,1380.8199462890625,-0.7945302835971249,0.014200138327914988,0.0007644499133471556
2008-02-05,1336.6400146484375,-2.38523201695278,0.01395374667627153,0.0007644499133471556
2008-02-06,1326.449951171875,-0.5021307274542833,0.016763163141318486,0.0007644499133471556
2008-02-07,1336.9100341796875,0.43904606090008674,0.01614954183099789,0.0007644499133471556
2008-02-08,1331.2900390625,-0.32080634573620836,0.015514126205025508,0.0007644499133471556
2008-02-11,1339.1300048828125,0.3441977407544122,0.014838205452256534,0.0007644499133471556
2008-02-12,1348.8599853515625,0.4557825677542285,0.01420672470926187,0.0007644499133471556
2008-02-13,1367.2099609375,0.9326726853296443,0.013668147813886485,0.0007644499133471556
2008-02-14,1348.8599853515625,-1.0505409362970786,0.013589958714104799,0.0007644499133471556
2008-02-15,1349.989990234375,0.005339181723109477,0.013662667822657966,0.0007644499133471556
2008-02-19,1348.780029296875,-0.12769795745463744,0.013008241062131887,0.0007644499133471556
2008-02-20,1360.030029296875,0.6082028351437279,0.012400185660318013,0.0007644499133471556
2008-02-21,1342.530029296875,-1.1391241168955273,0.01204022830998325,0.0007644499133471556
2008-02-22,1353.1099853515625,0.5796025128586336,0.012224361452162316,0.0007644499133471556
2008-02-25,1371.800048828125,1.093071074403305,0.01185073523223238,0.0007644499133471556
2008-02-26,1381.2900390625,0.5117938825882451,0.011976778227057996,0.0007644499133471556
2008-02-27,1380.02001953125,-0.1455816182461234,0.011569574396840776,0.0007644499133471556
2008-02-28,1367.6800537109375,-0.8826033725721188,0.011042947723367108,0.0007644499133471556
2008-02-29,1330.6300048828125,-2.5776237577766463,0.010951111405438564,0.0007644499133471556
2008-03-03,1331.3399658203125,-0.017016325297509825,0.013577533280517706,0.0007644499133471556
2008-03-04,1326.75,-0.32627286888135243,0.012927937750501623,0.0007644499133471556
2008-03-05,1333.699951171875,0.36022284951940514,0.012381794774877592,0.0007644499133471556
2008-03-06,1304.3399658203125,-1.9385428556264523,0.011877121195069545,0.0007644499133471556
2008-03-07,1293.3699951171875,-0.6899514709263361,0.013349312968341995,0.0007644499133471556
2008-03-10,1273.3699951171875,-1.2553603578338635,0.013023141605506576,0.0007644499133471556
2008-03-11,1320.6500244140625,2.6671968996448534,0.013382095151930937,0.0007644499133471556
2008-03-12,1308.77001953125,-0.5829771703804265,0.01681151299014578,0.0007644499133471556
2008-03-13,1315.47998046875,0.26735772294489274,0.016267992795554034,0.0007644499133471556
2008-03-14,1288.1400146484375,-1.4015811757641803,0.015530120324977897,0.0007644499133471556
2008-03-17,1276.5999755859375,-0.6020437861580984,0.016217265623292173,0.0007644499133471556
2008-03-18,1330.739990234375,2.5946169460305044,0.01571347422903296,0.0007644499133471556
2008-03-19,1298.4200439453125,-1.29994433293508,0.019501947812019752,0.0007644499133471556
2008-03-20,1329.510009765625,1.138961370909434,0.020104137678094647,0.0007644499133471556
2008-03-24,1349.8800048828125,0.7093243491032526,0.020358518201334004,0.0007644499133471556
2008-03-25,1352.989990234375,0.0774297099200212,0.019847650481311124,0.0007644499133471556
2008-03-26,1341.1300048828125,-0.5071608299397753,0.01886749624002528,0.0007644499133471556
2008-03-27,1325.760009765625,-0.6763496918949025,0.0181727124438405,0.0007644499133471556
2008-03-28,1315.219970703125,-0.49461221597815946,0.017683363172633693,0.0007644499133471556
2008-03-31,1322.699951171875,0.2881948661688063,0.017025582532778045,0.0007644499133471556
2008-04-01,1370.1800537109375,2.1219905255546436,0.016259564690576524,0.0007644499133471556
2008-04-02,1367.530029296875,-0.14403155472664522,0.0187486197026979,0.0007644499133471556
2008-04-03,1369.31005859375,0.030063851528549873,0.01784009172680164,0.0007644499133471556
2008-04-04,1370.4000244140625,0.0018412306867124108,0.01696137713983391,0.0007644499133471556
2008-04-07,1372.5400390625,0.049348507027818976,0.016128767138328004,0.0007644499133471556
2008-04-08,1365.5400390625,-0.3830826473274864,0.015342727950716221,0.0007644499133471556
2008-04-09,1354.489990234375,-0.6043817648237692,0.014708320684883945,0.0007644499133471556
2008-04-10,1360.550048828125,0.2594241252725661,0.014260906628060914,0.0007644499133471556
2008-04-11,1332.8299560546875,-1.5673229602596572,0.013621345373075477,0.0007644499133471556
2008-04-14,1328.3199462890625,-0.2858237917907743,0.014533334154277095,0.0007644499133471556
2008-04-15,1334.4300537109375,0.2753649495584865,0.013890218343339398,0.0007644499133471556
2008-04-16,1364.7099609375,1.63257678859545,0.013275454382003803,0.0007644499133471556
2008-04-17,1365.56005859375,-0.00991913491124734,0.01428847585452871,0.0007644499133471556
2008-04-18,1390.3299560546875,1.2655902066088152,0.013599981734156328,0.0007644499133471556
2008-04-21,1388.1700439453125,-0.16580937744541832,0.013987041930651659,0.0007644499133471556
2008-04-22,1375.93994140625,-0.7209964853040844,0.01333393908635173,0.0007644499133471556
2008-04-23,1379.9300537109375,0.1634852462803883,0.013036472576129348,0.0007644499133471556
2008-04-24,1388.8199462890625,0.45498970416078943,0.012433610992081097,0.0007644499133471556
2008-04-25,1397.8399658203125,0.4768241597695328,0.011973568239806326,0.0007644499133471556
2008-04-28,1396.3699951171875,-0.15733273185578217,0.011546261118899956,0.0007644499133471556
2008-04-29,1390.93994140625,-0.42282006164553915,0.011022947091997207,0.0007644499133471556
2008-04-30,1385.5899658203125,-0.435185017346506,0.01061196534198909,0.0007644499133471556
2008-05-01,1409.3399658203125,1.5872107645989304,0.010226126770376659,0.0007644499133471556
2008-05-02,1413.9000244140625,0.22492979059529544,0.010963089938266515,0.0007644499133471556
2008-05-05,1407.489990234375,-0.5062386690473158,0.010485847582063333,0.0007644499133471556
2008-05-06,1418.260009765625,0.6763472842935317,0.01014028739657666,0.0007644499133471556
2008-05-07,1392.5699462890625,-1.9219010438496462,0.009909096369275668,0.0007644499133471556
2008-05-08,1397.6800537109375,0.2604817654048141,0.011127018464513567,0.0007644499133471556
2008-05-09,1388.280029296875,-0.7053827720107635,0.010650409783836976,0.0007644499133471556
2008-05-12,1403.5799560546875,0.9782951856685057,0.010422255499673676,0.0007644499133471556
2008-05-13,1403.0400390625,-0.11018355786868388,0.010429825352214208,0.0007644499133471556
2008-05-14,1408.6600341796875,0.3245557859310277,0.00996171847006726,0.0007644499133471556
2008-05-15,1423.5699462890625,1.0207500380644665,0.009565898524192552,0.0007644499133471556
2008-05-16,1425.3499755859375,0.05042842799268668,0.009620906463071382,0.0007644499133471556
2008-05-19,1426.6300048828125,0.014486450066216598,0.009194295383743424,0.0007644499133471556
2008-05-20,1413.4000244140625,-1.1467141069471196,0.008791473295506409,0.0007644499133471556
2008-05-21,1390.7099609375,-1.8906220512602783,0.008964370450519595,0.0007644499133471556
2008-05-22,1394.3499755859375,0.18436033049615547,0.010032035767972904,0.0007644499133471556
2008-05-23,1375.9300537109375,-1.4652968109435327,0.009597293874547367,0.0007644499133471556
2008-05-27,1385.3499755859375,0.5976227452452268,0.010137570309993169,0.0007644499133471556
2008-05-28,1390.8399658203125,0.32368143146969786,0.009857250657368054,0.0007644499133471556
2008-05-29,1398.260009765625,0.4813017929486752,0.009466632037547364,0.0007644499133471556
2008-05-30,1400.3800048828125,0.08198070674512695,0.009155428036651692,0.0007644499133471556
2008-06-02,1385.6700439453125,-1.2930455955338716,0.008757829505191845,0.0007644499133471556
2008-06-03,1377.6500244140625,-0.7239366420534493,0.009074125643465087,0.0007644499133471556
2008-06-04,1377.199951171875,-0.12247117735073747,0.008909848581298842,0.0007644499133471556
2008-06-05,1404.050048828125,2.173911899947209,0.00853028374390732,0.0007644499133471556
2008-06-06,1360.6800537109375,-3.2277850876900436,0.009957536533166906,0.0007644499133471556
2008-06-09,1361.760009765625,0.0021097789593350286,0.013709370431570578,0.0007644499133471556
2008-06-10,1358.43994140625,-0.24558736889216812,0.013052374923908268,0.0007644499133471556
2008-06-11,1335.489990234375,-1.4276388540917664,0.012470332313365357,0.0007644499133471556
2008-06-12,1339.8699951171875,0.19188832062870756,0.013079912160362828,0.0007644499133471556
2008-06-13,1360.030029296875,1.135281958279712,0.012481251169282368,0.0007644499133471556
2008-06-16,1360.1400146484375,-0.053980530142223905,0.012663517474453448,0.0007644499133471556
2008-06-17,1350.9300537109375,-0.6264668229609232,0.012065782432164378,0.0007644499133471556
2008-06-18,1337.81005859375,-0.897051802381833,0.011731475681459476,0.0007644499133471556
2008-06-19,1342.8299560546875,0.25605128499156354,0.01164162163795893,0.0007644499133471556
2008-06-20,1317.9300537109375,-1.7493191195461288,0.011136549969746041,0.0007644499133471556
2008-06-23,1318.0,-0.05834686228910549,0.012192232026263471,0.0007644499133471556
2008-06-24,1314.2900390625,-0.30834838653424546,0.011620817766026399,0.0007644499133471556
2008-06-25,1321.969970703125,0.45464921056046015,0.011133749943237453,0.0007644499133471556
2008-06-26,1283.1500244140625,-2.84824487142016,0.01073273756433989,0.0007644499133471556
2008-06-27,1278.3800048828125,-0.3230423477801642,0.013895410565194739,0.0007644499133471556
2008-06-30,1280.0,0.03774247817847116,0.013299944017253278,0.0007644499133471556
2008-07-01,1284.9100341796875,0.24191564556982456,0.01266629833960976,0.0007644499133471556
2008-07-02,1261.52001953125,-1.5810463622449635,0.012103247164331225,0.0007644499133471556
2008-07-03,1262.9000244140625,0.025402616627538694,0.012946480896014105,0.0007644499133471556
2008-07-07,1252.31005859375,-0.744845910535523,0.012331732152413415,0.0007644499133471556
2008-07-08,1273.699951171875,1.3382032332583444,0.012084614138661836,0.0007644499133471556
2008-07-09,1244.68994140625,-1.8977861084224954,0.012543039614691434,0.0007644499133471556
2008-07-10,1253.3900146484375,0.4426038591450551,0.014010240240917151,0.0007644499133471556
2008-07-11,1239.489990234375,-0.8845137570754797,0.013472198900364156,0.0007644499133471556
2008-07-14,1228.300048828125,-0.7371109092253476,0.013340336287686163,0.0007644499133471556
2008-07-15,1214.9100341796875,-0.8979734254060837,0.013057804149637324,0.0007644499133471556
2008-07-16,1245.3599853515625,1.8528461240647869,0.01294773195128375,0.0007644499133471556
2008-07-17,1260.3199462890625,0.7779293822113175,0.014367025741860431,0.0007644499133471556
2008-07-18,1260.6800537109375,-0.03395798835252225,0.014098707284795781,0.0007644499133471556
2008-07-21,1260.0,-0.09716136109335818,0.013421276388496153,0.0007644499133471556
2008-07-22,1277.0,0.9883537866520737,0.012786318365285022,0.0007644499133471556
2008-07-23,1282.18994140625,0.25747284610302545,0.012783797721542183,0.0007644499133471556
2008-07-24,1252.5400390625,-1.9772016821601497,0.012219510582634733,0.0007644499133471556
2008-07-25,1257.760009765625,0.24580975718950607,0.013809045547106375,0.0007644499133471556
2008-07-28,1234.3699951171875,-1.4813660079358477,0.01318789828157006,0.0007644499133471556
2008-07-29,1263.199951171875,1.603677208836035,0.013919871628852849,0.0007644499133471556
2008-07-30,1284.260009765625,1.0569148890843614,0.01492086972134975,0.0007644499133471556
2008-07-31,1267.3800048828125,-0.9329069783460616,0.015001874276169922,0.0007644499133471556
2008-08-01,1260.31005859375,-0.42651012215575707,0.014908115753155654,0.0007644499133471556
2008-08-04,1249.010009765625,-0.682339916896234,0.01431980348254413,0.0007644499133471556
2008-08-05,1284.8800048828125,1.9740080224614358,0.013956193192066264,0.0007644499133471556
2008-08-06,1289.18994140625,0.16405386596321736,0.01575266897494754,0.0007644499133471556
2008-08-07,1266.0699462890625,-1.256900128662696,0.01500592305205922,0.0007644499133471556
2008-08-08,1296.3199462890625,1.4826920622379618,0.015409415237449582,0.0007644499133471556
2008-08-11,1305.3199462890625,0.3786348506696953,0.01625389414800522,0.0007644499133471556
2008-08-12,1289.5899658203125,-0.8275333130172745,0.015574380043508907,0.0007644499133471556
2008-08-13,1285.8299560546875,-0.24024050800406407,0.015336180325476092,0.0007644499133471556
2008-08-14,1292.9300537109375,0.3240353885973637,0.01463470472947552,0.0007644499133471556
2008-08-15,1298.199951171875,0.23588671077056583,0.014003331849474934,0.0007644499133471556
2008-08-18,1278.5999755859375,-1.1951196867238802,0.013368863252585685,0.0007644499133471556
2008-08-19,1266.68994140625,-0.7419362526414528,0.013644039421987603,0.0007644499133471556
2008-08-20,1274.5400390625,0.4052912147474308,0.013357697000315945,0.0007644499133471556
2008-08-21,1277.719970703125,0.13465675784731362,0.012828223090530874,0.0007644499133471556
2008-08-22,1292.199951171875,0.8588347693796929,0.012231092785207906,0.0007644499133471556
2008-08-25,1266.8399658203125,-1.7020863063831488,0.012093993332808748,0.0007644499133471556
2008-08-26,1271.510009765625,0.22173495877789234,0.01314697750717015,0.0007644499133471556
2008-08-27,1281.6600341796875,0.5725036088860648,0.012552778886903792,0.0007644499133471556
2008-08-28,1300.6800537109375,1.1484391745428177,0.012161424775885882,0.0007644499133471556
2008-08-29,1282.8299560546875,-1.1800132992571626,0.01235846680822017,0.0007644499133471556
2008-09-02,1277.5799560546875,-0.3861622833354839,0.012599266488822973,0.0007644499133471556
2008-09-03,1274.97998046875,-0.23161463902436677,0.012095962837600328,0.0007644499133471556
2008-09-04,1236.8299560546875,-2.694074343887579,0.011559928814456544,0.0007644499133471556
2008-09-05,1242.31005859375,0.2505281289561815,0.014595278727604674,0.0007644499133471556
2008-09-08,1267.7900390625,1.4020556312692405,0.013935403606011225,0.0007644499133471556
2008-09-09,1224.510009765625,-2.437967659495572,0.014560872369849008,0.0007644499133471556
2008-09-10,1232.0400390625,0.30429991832873976,0.017634385141890495,0.0007644499133471556
2008-09-11,1249.050048828125,0.768547791778947,0.016846691725458468,0.0007644499133471556
2008-09-12,1251.699951171875,0.08207822958667885,0.01650665439371738,0.0007644499133471556
2008-09-15,1192.699951171875,-3.1232633300442827,0.015703906270275923,0.0007644499133471556
2008-09-16,1213.5999755859375,0.7826712570593274,0.021218455652557155,0.0007644499133471556
2008-09-17,1156.3900146484375,-2.3587899344336636,0.020795612983234714,0.0007644499133471556
2008-09-18,1206.510009765625,1.6766105339881185,0.02485034870003194,0.0007644499133471556
2008-09-19,1255.0799560546875,1.441507648166383,0.026848923149058162,0.0007644499133471556
2008-09-22,1207.0899658203125,-1.4130357046161928,0.028131811733067315,0.0007644499133471556
2008-09-23,1188.219970703125,-0.5624818266828411,0.02937083628633541,0.0007644499133471556
2008-09-24,1185.8699951171875,-0.09681496086301107,0.028344130960995223,0.0007644499133471556
2008-09-25,1209.1800537109375,0.6945479830796752,0.026925944036024586,0.0007644499133471556
2008-09-26,1213.27001953125,0.09968203291088805,0.026206043153030375,0.0007644499133471556
2008-09-29,1106.4200439453125,-3.7332330159630835,0.024899073232615566,0.0007644499133471556
2008-09-30,1166.3599853515625,1.402305078968997,0.03707731567848607,0.0007644499133471556
2008-10-01,1161.06005859375,-0.13762072751779025,0.03864820473537417,0.0007644499133471556
2008-10-02,1114.280029296875,-1.1408174786504002,0.03671875599369027,0.0007644499133471556
2008-10-03,1099.22998046875,-0.3865927891719042,0.03715282878518899,0.0007644499133471556
2008-10-06,1056.8900146484375,-1.126742828226291,0.03553936055037964,0.0007644499133471556
2008-10-07,996.22998046875,-1.6673970807662406,0.03590760820319855,0.0007644499133471556
2008-10-08,984.9400024414062,-0.31401464734059137,0.03873022147808689,0.0007644499133471556
2008-10-09,909.9199829101562,-2.164803280919264,0.03694955284459687,0.0007644499133471556
2008-10-10,899.219970703125,-0.2940732741108194,0.04282411049958904,0.0007644499133471556
2008-10-13,1003.3499755859376,2.665136375092191,0.0408262476542978,0.0007644499133471556
2008-10-14,998.010009765625,-0.11921583598840295,0.051174407127234284,0.0007644499133471556
2008-10-15,907.8400268554688,-1.964258536120014,0.04859827412848758,0.0007644499133471556
2008-10-16,946.4299926757812,0.7476969642701379,0.05465365559894111,0.0007644499133471556
2008-10-17,940.5499877929688,-0.13112165604711887,0.05336003263686798,0.0007644499133471556
2008-10-20,985.4000244140624,0.90405990860422,0.050680742477147725,0.0007644499133471556
2008-10-21,955.0499877929688,-0.6395421453203213,0.05011154102027981,0.0007644499133471556
2008-10-22,896.780029296875,-1.3120694438549383,0.04856261983664,0.0007644499133471556
2008-10-23,908.1099853515624,0.23547874381731176,0.050070115634803215,0.0007644499133471556
2008-10-24,876.77001953125,-0.7530590528580561,0.047652608023777805,0.0007644499133471556
2008-10-27,848.9199829101562,-0.7099215527927735,0.0465463248769999,0.0007644499133471556
2008-10-28,940.510009765625,2.243678509972991,0.04532418887490861,0.0007644499133471556
2008-10-29,930.0900268554688,-0.22394332061708744,0.05316236741536996,0.0007644499133471556
2008-10-30,954.0900268554688,0.4885758175917621,0.05058007259719635,0.0007644499133471556
2008-10-31,968.75,0.2980564859730405,0.0485951377235366,0.0007644499133471556
2008-11-03,966.2999877929688,-0.07115690787211947,0.046329981262268165,0.0007644499133471556
2008-11-04,1005.75,0.8924697377059247,0.04397911423297587,0.0007644499133471556
2008-11-05,952.77001953125,-1.2632034724822234,0.04344486857423778,0.0007644499133471556
2008-11-06,904.8800048828124,-1.1748876248900968,0.0445452459317228,0.0007644499133471556
2008-11-07,930.989990234375,0.6120324353518048,0.04522919123206452,0.0007644499133471556
2008-11-10,919.2100219726562,-0.30847843654466495,0.0437578271317834,0.0007644499133471556
2008-11-11,898.9500122070312,-0.5523395212253249,0.0417345659335608,0.0007644499133471556
2008-11-12,852.2999877929688,-1.343361347489337,0.040237361272966815,0.0007644499133471556
2008-11-13,911.2899780273438,1.5886710216321225,0.041643700914474197,0.0007644499133471556
2008-11-14,873.2899780273438,-0.9755845021909122,0.0444430394669489,0.0007644499133471556
2008-11-17,850.75,-0.6084787579811338,0.04423128918459343,0.0007644499133471556
2008-11-18,859.1199951171875,0.2109647540851184,0.042783642278238006,0.0007644499133471556
2008-11-19,806.5800170898438,-1.5693360593939378,0.04069870536347722,0.0007644499133471556
2008-11-20,752.4400024414062,-1.621375865312567,0.043325114693613734,0.0007644499133471556
2008-11-21,800.030029296875,1.3042058935422982,0.04643710897305197,0.0007644499133471556
2008-11-24,851.8099975585938,1.2950464771091459,0.047835951833555865,0.0007644499133471556
2008-11-25,857.3900146484375,0.11711696597127474,0.04922398435452241,0.0007644499133471556
2008-11-26,887.6799926757812,0.7263532311207783,0.04674578435707266,0.0007644499133471556
2008-11-28,896.239990234375,0.1938145261566153,0.04557173386644118,0.0007644499133471556
2008-12-01,816.2100219726562,-2.1761747783742456,0.043333362967291504,0.0007644499133471556
2008-12-02,848.8099975585938,0.7633217171687394,0.050305412776021935,0.0007644499133471556
2008-12-03,870.739990234375,0.5031850540524517,0.04917395261880591,0.0007644499133471556
2008-12-04,845.219970703125,-0.6453262993844747,0.047279879521865506,0.0007644499133471556
2008-12-05,876.0700073242188,0.7654213118419257,0.04583703182207301,0.0007644499133471556
2008-12-08,909.7000122070312,0.8234756301047513,0.04481545318923841,0.0007644499133471556
2008-12-09,888.6699829101562,-0.5487371680921749,0.044016326566047155,0.0007644499133471556
2008-12-10,899.239990234375,0.26067184981423086,0.042427126673033666,0.0007644499133471556
2008-12-11,873.5900268554688,-0.7350620112842722,0.04040912460870509,0.0007644499133471556
2008-12-12,879.72998046875,0.15826768083245918,0.03942296547435965,0.0007644499133471556
2008-12-15,868.5700073242188,-0.36116015343329616,0.03746614956328644,0.0007644499133471556
2008-12-16,913.1799926757812,1.3775245005181862,0.035803621537542255,0.0007644499133471556
2008-12-17,904.4199829101562,-0.2795934859484669,0.03720980799558634,0.0007644499133471556
2008-12-18,885.280029296875,-0.624720111170807,0.03546271785755715,0.0007644499133471556
2008-12-19,887.8800048828125,0.06313209189238742,0.03434294672306963,0.0007644499133471556
2008-12-22,871.6300048828125,-0.5899392844065523,0.032606790407312417,0.0007644499133471556
2008-12-23,863.1599731445312,-0.3341304427343077,0.03151294689406987,0.0007644499133471556
2008-12-24,868.1500244140625,0.16616324035534014,0.030091170789336652,0.0007644499133471556
2008-12-26,872.7999877929688,0.15999327560745932,0.02861015058282694,0.0007644499133471556
2008-12-29,869.4199829101562,-0.17074807703975778,0.027201286962349757,0.0007644499133471556
2008-12-30,890.6400146484375,0.9026138471951874,0.025868835296988565,0.0007644499133471556
2008-12-31,903.25,0.519473476930686,0.025592448579686237,0.0007644499133471556
2009-01-02,931.7999877929688,1.2316447963046693,0.02464538999570982,0.0007644499133471556
2009-01-05,927.4500122070312,-0.2160528479842691,0.02519632771209297,0.0007644499133471556
2009-01-06,934.7000122070312,0.29274720396805726,0.023987547635737076,0.0007644499133471556
2009-01-07,906.6500244140624,-1.3647712783737398,0.022885571105465727,0.0007644499133471556
2009-01-08,909.72998046875,0.1105443871413743,0.02376299554013557,0.0007644499133471556
2009-01-09,890.3499755859375,-0.9872647204871066,0.022585294241597782,0.0007644499133471556
2009-01-12,870.260009765625,-1.0472872512041145,0.02252203253204593,0.0007644499133471556
2009-01-13,871.7899780273438,0.04391829939962192,0.022588882447207696,0.0007644499133471556
2009-01-14,842.6199951171875,-1.62143820505345,0.021460524548564584,0.0007644499133471556
2009-01-15,843.739990234375,0.02449184924888685,0.023021914265241087,0.0007644499133471556
2009-01-16,850.1199951171875,0.3095055033636069,0.021869341803186438,0.0007644499133471556
2009-01-20,805.219970703125,-2.635310248177418,0.020880450252609397,0.0007644499133471556
2009-01-21,840.239990234375,1.6039479126004212,0.026065440047903857,0.0007644499133471556
2009-01-22,827.5,-0.5752850721562631,0.02788686362761734,0.0007644499133471556
2009-01-23,831.9500122070312,0.1707427449012214,0.026934089483016,0.0007644499133471556
2009-01-26,836.5700073242188,0.18635042648648265,0.025615182811772975,0.0007644499133471556
2009-01-27,845.7100219726562,0.4145160105576935,0.024370300214807163,0.0007644499133471556
2009-01-28,874.0900268554688,1.380623440342759,0.02335349946056903,0.0007644499133471556
2009-01-29,845.1400146484375,-1.4178614933781828,0.02429399101456055,0.0007644499133471556
2009-01-30,825.8800048828125,-0.9382418031303202,0.025385002932677994,0.0007644499133471556
2009-02-02,825.4400024414062,-0.0514948707075668,0.02519396340666377,0.0007644499133471556
2009-02-03,838.510009765625,0.6245436643913225,0.023930254010606004,0.0007644499133471556
2009-02-04,832.22998046875,-0.3571661736202439,0.02318849870130206,0.0007644499133471556
2009-02-05,845.8499755859375,0.6976392690612929,0.022172975882257463,0.0007644499133471556
2009-02-06,868.5999755859375,1.1936899687119056,0.02159374100283738,0.0007644499133471556
2009-02-09,869.8900146484375,0.03272458079059576,0.02199086400946918,0.0007644499133471556
2009-02-10,827.1599731445312,-2.447386944112348,0.020892944424054368,0.0007644499133471556
2009-02-11,833.739990234375,0.2827940674402192,0.025315337676087322,0.0007644499133471556
2009-02-12,835.1900024414062,0.04031112125770674,0.024142356109426246,0.0007644499133471556
2009-02-13,826.8400268554688,-0.4714946004445605,0.022932305677025745,0.0007644499133471556
2009-02-17,789.1699829101562,-2.150793323551044,0.0220355666964796,0.0007644499133471556
2009-02-18,788.4199829101562,-0.06726576224330184,0.025499858091083037,0.0007644499133471556
2009-02-19,778.9400024414062,-0.5309653708985225,0.024222571784818618,0.0007644499133471556
2009-02-20,770.0499877929688,-0.5244797061209832,0.023343214301869475,0.0007644499133471556
2009-02-23,743.3300170898438,-1.604268236041056,0.022489859608894464,0.0007644499133471556
2009-02-24,773.1400146484375,1.6018893398007108,0.024068828195820378,0.0007644499133471556
2009-02-25,764.9000244140625,-0.44585398133990334,0.025747163492332942,0.0007644499133471556
2009-02-26,752.8300170898438,-0.6747877409514723,0.024704252533701183,0.0007644499133471556
2009-02-27,735.0900268554688,-1.0248032263309639,0.02401527771507212,0.0007644499133471556
2009-03-02,700.8200073242188,-2.018538043795064,0.024030430743441827,0.0007644499133471556
2009-03-03,696.3300170898438,-0.2638386208231926,0.02725843521035485,0.0007644499133471556
2009-03-04,712.8699951171875,0.8742445716626305,0.02597775168723861,0.0007644499133471556
2009-03-05,682.5499877929688,-1.725122084636001,0.025637462121051304,0.0007644499133471556
2009-03-06,683.3800048828125,0.01617037002669387,0.02788213763166751,0.0007644499133471556
2009-03-09,676.530029296875,-0.4093908477140855,0.02647517672701702,0.0007644499133471556
2009-03-10,719.5999755859375,2.4034824398606425,0.02536077709354068,0.0007644499133471556
2009-03-11,721.3599853515625,0.05501363053031605,0.030508454110753033,0.0007644499133471556
2009-03-12,750.739990234375,1.3516702694836635,0.02896906578411552,0.0007644499133471556
2009-03-13,756.5499877929688,0.23133261699035693,0.03002077781355472,0.0007644499133471556
2009-03-16,753.8900146484375,-0.14997502993122594,0.028581894441216612,0.0007644499133471556
2009-03-17,778.1199951171875,1.1361700902779384,0.027170060014597642,0.0007644499133471556
2009-03-18,794.3499755859375,0.7231931245554277,0.02748773624719966,0.0007644499133471556
2009-03-19,784.0399780273438,-0.5158773051746469,0.026805943533219693,0.0007644499133471556
2009-03-20,768.5399780273438,-0.8033486432845279,0.02580682626134559,0.0007644499133471556
2009-03-23,822.9199829101562,2.669703366734762,0.025321890921189222,0.0007644499133471556
2009-03-24,806.1199951171875,-0.6731952059046898,0.03177504952846356,0.0007644499133471556
2009-03-25,813.8800048828125,0.2855547423921962,0.030872827598016662,0.0007644499133471556
2009-03-26,832.8599853515625,0.757204437295336,0.029434788319643218,0.0007644499133471556
2009-03-27,815.9400024414062,-0.7398939580761866,0.028773268205348302,0.0007644499133471556
2009-03-30,787.530029296875,-1.2887783310004222,0.028091544116096722,0.0007644499133471556
2009-03-31,797.8699951171875,0.4249122701709776,0.02889942071917266,0.0007644499133471556
2009-04-01,811.0800170898438,0.5652760165171236,0.02769725374669536,0.0007644499133471556
2009-04-02,834.3800048828125,1.0307440714525646,0.02673580844284979,0.0007644499133471556
2009-04-03,842.5,0.33330994616076304,0.026762694854655752,0.0007644499133471556
2009-04-06,835.47998046875,-0.35725131446260033,0.025561069085958392,0.0007644499133471556
2009-04-07,815.5499877929688,-1.0193028271780622,0.024436427101799958,0.0007644499133471556
2009-04-08,825.1599731445312,0.4480767969607701,0.02443801430418433,0.0007644499133471556
2009-04-09,856.5599975585938,1.5598237654715417,0.023453060222048547,0.0007644499133471556
2009-04-13,858.72998046875,0.07076539397711028,0.024951686741839212,0.0007644499133471556
2009-04-14,841.5,-0.8873345876019851,0.023703535771240278,0.0007644499133471556
2009-04-15,852.0599975585938,0.4997759672284709,0.02342345619456092,0.0007644499133471556
2009-04-16,865.2999877929688,0.6502308195682295,0.022537934424758252,0.0007644499133471556
2009-04-17,869.5999755859375,0.19163253167715738,0.021878353724698273,0.0007644499133471556
2009-04-20,832.3900146484375,-2.136688698830958,0.02082505471168989,0.0007644499133471556
2009-04-21,850.0800170898438,0.8426064643861454,0.02405029531498105,0.0007644499133471556
2009-04-22,843.5499877929688,-0.35798494346258564,0.023676331347469815,0.0007644499133471556
2009-04-23,851.9199829101562,0.40235846770721145,0.0226389995079285,0.0007644499133471556
2009-04-24,866.22998046875,0.7328477321993967,0.02168715738436658,0.0007644499133471556
2009-04-27,857.510009765625,-0.5139167671622358,0.02117470786657182,0.0007644499133471556
2009-04-28,855.1599731445312,-0.17204406707894376,0.02039446993302276,0.0007644499133471556
2009-04-29,873.6400146484375,1.0621314925108418,0.019409464797134356,0.0007644499133471556
2009-04-30,872.8099975585938,-0.08793097371037784,0.019503584024219197,0.0007644499133471556
2009-05-01,877.52001953125,0.24900913916788656,0.018543216638115156,0.0007644499133471556
2009-05-04,907.239990234375,1.8403135130092838,0.01768328789868236,0.0007644499133471556
2009-05-05,903.7999877929688,-0.23329843543656822,0.019560265726178798,0.0007644499133471556
2009-05-06,919.530029296875,0.8845611950055288,0.018642201929250427,0.0007644499133471556
2009-05-07,907.3900146484376,-0.762603943060871,0.018429997677032635,0.0007644499133471556
2009-05-08,929.22998046875,1.2757847735781798,0.01804336667320768,0.0007644499133471556
2009-05-11,909.239990234375,-1.2133227332065695,0.01855371163829368,0.0007644499133471556
2009-05-12,908.3499755859376,-0.09205032752623847,0.018943820665127824,0.0007644499133471556
2009-05-13,883.9199829101562,-1.5559158580643255,0.018013601638348444,0.0007644499133471556
2009-05-14,893.0700073242188,0.49739611623390884,0.0191677855299967,0.0007644499133471556
2009-05-15,882.8800048828125,-0.6633609659454355,0.018451683843003674,0.0007644499133471556
2009-05-18,909.7100219726562,1.626257560724619,0.01793820719898013,0.0007644499133471556
2009-05-19,908.1300048828124,-0.12991361628999026,0.019265077862454582,0.0007644499133471556
2009-05-20,903.469970703125,-0.3224448352615325,0.01832599550432005,0.0007644499133471556
2009-05-21,888.3300170898438,-1.0085099497616998,0.017514956543420578,0.0007644499133471556
2009-05-22,887.0,-0.12919338075142608,0.017514693154990754,0.0007644499133471556
2009-05-26,910.3300170898438,1.511832577399956,0.016667029182652615,0.0007644499133471556
2009-05-27,893.0599975585938,-1.129157431335833,0.01763959049018671,0.0007644499133471556
2009-05-28,906.8300170898438,0.8142842355159431,0.01785224939789551,0.0007644499133471556
2009-05-29,919.1400146484376,0.7247356647969204,0.01754984140054427,0.0007644499133471556
2009-06-01,942.8699951171876,1.4427939150283318,0.017137231929336815,0.0007644499133471556
2009-06-02,944.739990234375,0.06768467756558512,0.01797876720652942,0.0007644499133471556
2009-06-03,931.760009765625,-0.8539397667717802,0.017095954811012615,0.0007644499133471556
2009-06-04,942.4600219726562,0.6317643187844596,0.01686352000587393,0.0007644499133471556
2009-06-05,940.0900268554688,-0.20054719798147227,0.01636675772686233,0.0007644499133471556
2009-06-08,939.1400146484376,-0.1138251348758771,0.015598623008257515,0.0007644499133471556
2009-06-09,942.4299926757812,0.18402432189831697,0.014849177650201394,0.0007644499133471556
2009-06-10,939.1500244140624,-0.3003051441965525,0.014155106482401926,0.0007644499133471556
2009-06-11,944.8900146484376,0.393652270827161,0.013536940419518417,0.0007644499133471556
2009-06-12,946.2100219726562,0.04860883567990944,0.01299292455864056,0.0007644499133471556
2009-06-15,923.719970703125,-2.005380035031206,0.012376726971133846,0.0007644499133471556
2009-06-16,911.969970703125,-0.9660243788689937,0.014043487139647941,0.0007644499133471556
2009-06-17,910.7100219726562,-0.1533234061028543,0.014002906892697946,0.0007644499133471556
2009-06-18,918.3699951171876,0.5703021015039353,0.013346198569956306,0.0007644499133471556
2009-06-19,921.22998046875,0.18146063817215327,0.012922407490219008,0.0007644499133471556
2009-06-22,893.0399780273438,-2.5826243942486533,0.012329634272441272,0.0007644499133471556
2009-06-23,895.0999755859375,0.10070596464845012,0.015288256177727024,0.0007644499133471556
2009-06-24,900.9400024414062,0.394331987237741,0.014553216824177156,0.0007644499133471556
2009-06-25,920.260009765625,1.4649104782491693,0.013962036853847035,0.0007644499133471556
2009-06-26,918.9000244140624,-0.1525921537621964,0.014701740598318698,0.0007644499133471556
2009-06-29,927.22998046875,0.5896645031619957,0.014007705879567851,0.0007644499133471556
2009-06-30,919.3200073242188,-0.6874895098462324,0.013573736635779146,0.0007644499133471556
2009-07-01,923.3300170898438,0.27103106534934424,0.013238315341010142,0.0007644499133471556
2009-07-02,896.4199829101562,-2.397600137478918,0.01265521062707729,0.0007644499133471556
2009-07-06,898.719970703125,0.1179831787562581,0.015239563892615722,0.0007644499133471556
2009-07-07,881.030029296875,-1.4227607795950812,0.014509983387444305,0.0007644499133471556
2009-07-08,879.5599975585938,-0.16019676394781826,0.015196193863660796,0.0007644499133471556
2009-07-09,882.6799926757812,0.19177653571747674,0.014477767775827549,0.0007644499133471556
2009-07-10,879.1300048828125,-0.34728614423895887,0.013805295922581643,0.0007644499133471556
2009-07-13,901.0499877929688,1.804377520476633,0.013225335936116349,0.0007644499133471556
2009-07-14,905.8400268554688,0.31136093008405197,0.014573226388832934,0.0007644499133471556
2009-07-15,932.6799926757812,2.0399473502412895,0.013939077868058874,0.0007644499133471556
2009-07-16,940.739990234375,0.4934984937728995,0.015886947735986888,0.0007644499133471556
2009-07-17,940.3800048828124,-0.07496613390822866,0.015302710527408812,0.0007644499133471556
2009-07-20,951.1300048828124,0.7280033191428564,0.014563467323015732,0.0007644499133471556
2009-07-21,954.5800170898438,0.20061470781391924,0.014237563338226851,0.0007644499133471556
2009-07-22,954.0700073242188,-0.09564470197150429,0.013580148851152272,0.0007644499133471556
2009-07-23,976.2899780273438,1.7205867720234391,0.012936371285006383,0.0007644499133471556
2009-07-24,979.260009765625,0.16130306390266244,0.014092066667138683,0.0007644499133471556
2009-07-27,982.1799926757812,0.16474690387561639,0.013432356909685497,0.0007644499133471556
2009-07-28,979.6199951171876,-0.26344057723067654,0.01280856979652739,0.0007644499133471556
2009-07-29,975.1500244140624,-0.43592253454954794,0.012244964454056637,0.0007644499133471556
2009-07-30,986.75,0.9387005731356901,0.011783240142126934,0.0007644499133471556
2009-07-31,987.47998046875,-0.0021252822139671097,0.011735302445808237,0.0007644499133471556
2009-08-03,1002.6300048828124,1.2926428488337376,0.011187280328035988,0.0007644499133471556
2009-08-04,1005.6500244140624,0.19407555166202925,0.011557975693226953,0.0007644499133471556
2009-08-05,1002.719970703125,-0.33349903859940605,0.011041394739781097,0.0007644499133471556
2009-08-06,997.0800170898438,-0.6046481906408748,0.010592907853965963,0.0007644499133471556
2009-08-07,1010.47998046875,1.2219900922699507,0.010298979262202215,0.0007644499133471556
2009-08-10,1007.0999755859376,-0.3894939248634128,0.010565008529132655,0.0007644499133471556
2009-08-11,994.3499755859376,-1.3290236390882415,0.010161885105401156,0.0007644499133471556
2009-08-12,1005.8099975585938,1.0134589327619412,0.010552752098576496,0.0007644499133471556
2009-08-13,1012.72998046875,0.5750543093222771,0.010593783550594715,0.0007644499133471556
2009-08-14,1004.0900268554688,-0.9076573802874662,0.01028185314558967,0.0007644499133471556
2009-08-17,979.72998046875,-2.476449565530055,0.010226095905611576,0.0007644499133471556
2009-08-18,989.6699829101562,0.7473525052312999,0.012484180377037447,0.0007644499133471556
2009-08-19,996.4600219726562,0.49636426726349486,0.012235033692399984,0.0007644499133471556
2009-08-20,1007.3699951171876,0.8574849396354948,0.011807528742219318,0.0007644499133471556
2009-08-21,1026.1300048828125,1.5146408191977263,0.011677375644373348,0.0007644499133471556
2009-08-24,1025.5699462890625,-0.10578001647421399,0.012387933713835016,0.0007644499133471556
2009-08-25,1028.0,0.13566041685867825,0.011810474581465245,0.0007644499133471556
2009-08-26,1028.1199951171875,-0.05747887626017786,0.011269008718302553,0.0007644499133471556
2009-08-27,1030.97998046875,0.18731584423489475,0.01074895915221809,0.0007644499133471556
2009-08-28,1028.9300537109375,-0.2681009883395585,0.010275074563452724,0.0007644499133471556
2009-08-31,1020.6199951171876,-0.9012446317122512,0.009845993131598922,0.0007644499133471556
2009-09-01,998.0399780273438,-2.3627479612333686,0.00979227433893379,0.0007644499133471556
2009-09-02,994.75,-0.3461096131589878,0.011748689156548415,0.0007644499133471556
2009-09-03,1003.239990234375,0.6862965561237029,0.011269373958800155,0.0007644499133471556
2009-09-04,1016.4000244140624,1.1145462838005387,0.011006984611694774,0.0007644499133471556
2009-09-08,1025.3900146484375,0.7208446173931994,0.011155796578704516,0.0007644499133471556
2009-09-09,1033.3699951171875,0.639714310896186,0.010923327793474285,0.0007644499133471556
2009-09-10,1044.1400146484375,0.9026369837764894,0.010639762203327897,0.0007644499133471556
2009-09-11,1042.72998046875,-0.20010395823237198,0.010573448524598149,0.0007644499133471556
2009-09-14,1049.3399658203125,0.5493235888016507,0.010111813158937628,0.0007644499133471556
2009-09-15,1052.6300048828125,0.2412968953608703,0.00980529224695974,0.0007644499133471556
2009-09-16,1068.760009765625,1.537299874613941,0.009394951751181385,0.0007644499133471556
2009-09-17,1065.489990234375,-0.3822404459599887,0.010016676569384845,0.0007644499133471556
2009-09-18,1068.300048828125,0.19396258521219326,0.009638032400503972,0.0007644499133471556
2009-09-21,1064.6600341796875,-0.452748919849805,0.00922711007819022,0.0007644499133471556
2009-09-22,1071.6600341796875,0.6493339289559806,0.008915133518786684,0.0007644499133471556
2009-09-23,1060.8699951171875,-1.2492945528794561,0.008712123447096026,0.0007644499133471556
2009-09-24,1050.780029296875,-1.1489197213578295,0.008983219552471137,0.0007644499133471556
2009-09-25,1044.3800048828125,-0.7504898550109463,0.009159098814287413,0.0007644499133471556
2009-09-28,1062.97998046875,1.8745634983975932,0.00900924596614432,0.0007644499133471556
2009-09-29,1060.6099853515625,-0.2979040858129928,0.010058658806460993,0.0007644499133471556
2009-09-30,1057.0799560546875,-0.42471368120954617,0.009649564471029055,0.0007644499133471556
2009-10-01,1029.8499755859375,-2.886595750531703,0.009305654039600202,0.0007644499133471556
2009-10-02,1025.2099609375,-0.43513657013026247,0.012134478196420034,0.0007644499133471556
2009-10-05,1040.4599609375,1.1989791536280598,0.011677437430510083,0.0007644499133471556
2009-10-06,1054.719970703125,1.0765190225677397,0.011934731654867518,0.0007644499133471556
2009-10-07,1057.5799560546875,0.16140671716609037,0.012040927919868319,0.0007644499133471556
2009-10-08,1065.47998046875,0.5811043129828901,0.011491389435863655,0.0007644499133471556
2009-10-09,1071.489990234375,0.4360078416405603,0.011147415633483733,0.0007644499133471556
2009-10-12,1076.18994140625,0.3364464541192218,0.010736708950242696,0.0007644499133471556
2009-10-13,1073.18994140625,-0.34507694250149973,0.01030481642263092,0.0007644499133471556
2009-10-14,1092.02001953125,1.6800548020609662,0.009898065899107482,0.0007644499133471556
2009-10-15,1096.56005859375,0.31493700564904537,0.010746277326385462,0.0007644499133471556
2009-10-16,1087.6800537109375,-0.8630943644382981,0.010306489936896913,0.0007644499133471556
2009-10-19,1097.9100341796875,0.841873126088265,0.01021165370382126,0.0007644499133471556
2009-10-20,1091.06005859375,-0.6952760237528745,0.010101166817838864,0.0007644499133471556
2009-10-21,1081.4000244140625,-0.9771034416657436,0.009883993258753615,0.0007644499133471556
2009-10-22,1092.9100341796875,0.9925955733109447,0.009896200133550076,0.0007644499133471556
2009-10-23,1079.5999755859375,-1.3119446595788278,0.009922495717483996,0.0007644499133471556
2009-10-26,1066.949951171875,-1.2201373954318757,0.010286517245333061,0.0007644499133471556
2009-10-27,1063.4100341796875,-0.3874570009952809,0.01055022110717345,0.0007644499133471556
2009-10-28,1042.6300048828125,-2.0201851866350276,0.010147008400122398,0.0007644499133471556
2009-10-29,1066.1099853515625,1.8610467030671296,0.011555687659626066,0.0007644499133471556
2009-10-30,1036.18994140625,-2.2752990260800514,0.01284687313339952,0.0007644499133471556
2009-11-02,1042.8800048828125,0.3736289684944661,0.015178703355165198,0.0007644499133471556
2009-11-03,1045.4100341796875,0.11402067532689959,0.01454661091248327,0.0007644499133471556
2009-11-04,1046.5,0.020040376105242553,0.01385339909291422,0.0007644499133471556
2009-11-05,1066.6300048828125,1.3866630492895244,0.013188811309739014,0.0007644499133471556
2009-11-06,1069.300048828125,0.12614157030978668,0.013759733622839618,0.0007644499133471556
2009-11-09,1093.0799560546875,1.6193202026849576,0.013110831919916249,0.0007644499133471556
2009-11-10,1093.010009765625,-0.058806724152735065,0.014087539591226536,0.0007644499133471556
2009-11-11,1098.510009765625,0.31723862687565924,0.013412325996517213,0.0007644499133471556
2009-11-12,1087.239990234375,-0.862793843023361,0.012838303219237575,0.0007644499133471556
2009-11-13,1093.47998046875,0.39062020628346844,0.012693755374964644,0.0007644499133471556
2009-11-16,1109.300048828125,1.1158041086837402,0.012188095158740475,0.0007644499133471556
2009-11-17,1110.3199462890625,0.012519504300937049,0.012343459817734492,0.0007644499133471556
2009-11-18,1109.800048828125,-0.10481486367872937,0.011761697285545531,0.0007644499133471556
2009-11-19,1094.9000244140625,-1.272998760355226,0.011218593505172283,0.0007644499133471556
2009-11-20,1091.3800048828125,-0.34455988315782565,0.011564178867926217,0.0007644499133471556
2009-11-23,1106.239990234375,1.150177795234505,0.011093471004095024,0.0007644499133471556
2009-11-24,1105.6500244140625,-0.11501900200656785,0.011284217491095878,0.0007644499133471556
2009-11-25,1110.6300048828125,0.34632808162916096,0.010768855211927024,0.0007644499133471556
2009-11-27,1091.489990234375,-1.7553281779990169,0.010338892811468063,0.0007644499133471556
2009-11-30,1095.6300048828125,0.26653638174146177,0.011335670188727135,0.0007644499133471556
2009-12-01,1108.8599853515625,1.0358202025525953,0.010849810273404809,0.0007644499133471556
2009-12-02,1109.239990234375,-0.038654893817951626,0.010912199539191227,0.0007644499133471556
2009-12-03,1099.9200439453125,-0.8838571466271485,0.01041123833245767,0.0007644499133471556
2009-12-04,1105.97998046875,0.45777789882474207,0.01033222082824074,0.0007644499133471556
2009-12-07,1103.25,-0.3245654193196019,0.009969894041496263,0.0007644499133471556
2009-12-08,1091.93994140625,-1.1561883820207228,0.009573649203702982,0.0007644499133471556
2009-12-09,1095.949951171875,0.2972490275159099,0.009760151301001026,0.0007644499133471556
2009-12-10,1102.3499755859375,0.5400232401964771,0.009366763742234954,0.0007644499133471556
2009-12-11,1106.4100341796875,0.32042316749690797,0.009087601680965958,0.0007644499133471556
2009-12-14,1114.1099853515625,0.7062989224868846,0.00873687626782995,0.0007644499133471556
2009-12-15,1107.9300537109375,-0.7379791037520615,0.008573222084739266,0.0007644499133471556
2009-12-16,1109.1800537109375,0.04305654222135552,0.008434123197668657,0.0007644499133471556
2009-12-17,1096.0799560546875,-1.5655827450715925,0.008077096845367254,0.0007644499133471556
2009-12-18,1102.469970703125,0.5828969695638605,0.00866105399606254,0.0007644499133471556
2009-12-21,1114.050048828125,1.148336803616385,0.00843352505674309,0.0007644499133471556
2009-12-22,1118.02001953125,0.32449809072257124,0.008606409917016201,0.0007644499133471556
2009-12-23,1120.5899658203125,0.18490863646548084,0.008282851481497636,0.0007644499133471556
2009-12-24,1126.47998046875,0.5633993389134321,0.007948105808951965,0.0007644499133471556
2009-12-28,1127.780029296875,0.05023472989528031,0.007742957298760441,0.0007644499133471556
2009-12-29,1126.199951171875,-0.29165762265211953,0.00742817548280022,0.0007644499133471556
2009-12-30,1126.4200439453125,-0.07944175962404058,0.007162976233214562,0.0007644499133471556
2009-12-31,1115.0999755859375,-1.5778894753597452,0.006885707742509917,0.0007644499133471556
2010-01-04,1132.989990234375,2.0427085572123356,0.007417422421951624,0.0007644499133471556
2010-01-05,1136.52001953125,0.27577870992376924,0.008508205923731933,0.0007644499133471556
2010-01-06,1137.1400146484375,-0.026789368586855152,0.008177797278553183,0.0007644499133471556
2010-01-07,1141.68994140625,0.4120557015365585,0.007835757227158823,0.0007644499133471556
2010-01-08,1144.97998046875,0.27879620665902327,0.007579490363487933,0.0007644499133471556
2010-01-11,1146.97998046875,0.13430251649168284,0.007302779879766534,0.0007644499133471556
2010-01-12,1136.219970703125,-1.4513602276441653,0.007020928476751676,0.0007644499133471556
2010-01-13,1145.6800537109375,1.011550920030988,0.007441055384322798,0.0007644499133471556
2010-01-14,1148.4599609375,0.22093985235911137,0.007508996183135224,0.0007644499133471556
2010-01-15,1136.030029296875,-1.6118137749769148,0.007225757959986756,0.0007644499133471556
2010-01-19,1150.22998046875,1.492639687528743,0.007810124165792993,0.0007644499133471556
2010-01-20,1138.0400390625,-1.3753563035841687,0.008302456960026324,0.0007644499133471556
2010-01-21,1116.47998046875,-2.2884451009476465,0.008691974816480432,0.0007644499133471556
2010-01-22,1091.760009765625,-2.243173365941268,0.010322086511463319,0.0007644499133471556
2010-01-25,1096.780029296875,0.3145765124888175,0.012153193225399359,0.0007644499133471556
2010-01-26,1092.1700439453125,-0.4274874618406204,0.011641295255083126,0.0007644499133471556
2010-01-27,1097.5,0.3663045392000559,0.01120333633928396,0.0007644499133471556
2010-01-28,1084.530029296875,-1.1759702326544499,0.0107592650700575,0.0007644499133471556
2010-01-29,1073.8699951171875,-0.9694669421556619,0.010977423262794422,0.0007644499133471556
2010-02-01,1089.18994140625,1.221535579209586,0.01097049964086493,0.0007644499133471556
2010-02-02,1103.3199462890625,1.0781560177771212,0.011246118680350551,0.0007644499133471556
2010-02-03,1097.280029296875,-0.5508025768165611,0.011353977920783132,0.0007644499133471556
2010-02-04,1063.1099853515625,-2.946431759510654,0.010996455580065814,0.0007644499133471556
2010-02-05,1066.18994140625,0.14718731384891703,0.014461031945078246,0.0007644499133471556
2010-02-08,1056.739990234375,-0.7016127267967731,0.013778616955620781,0.0007644499133471556
2010-02-09,1070.52001953125,0.9064334822074823,0.013449847230432082,0.0007644499133471556
2010-02-10,1068.1300048828125,-0.22479266586382193,0.01334349290190664,0.0007644499133471556
2010-02-11,1078.469970703125,0.6961937003019963,0.01273989181158452,0.0007644499133471556
2010-02-12,1075.510009765625,-0.2824203300529698,0.012438254826164372,0.0007644499133471556
2010-02-16,1094.8699951171875,1.4349530495073655,0.011900182816975594,0.0007644499133471556
2010-02-17,1099.510009765625,0.27722211624274984,0.012497396421032574,0.0007644499133471556
2010-02-18,1106.75,0.48506513236907456,0.011954493187599821,0.0007644499133471556
2010-02-19,1109.1700439453125,0.12310982874454066,0.011532669362979767,0.0007644499133471556
2010-02-22,1108.010009765625,-0.16455396716286136,0.011004627050256706,0.0007644499133471556
2010-02-23,1094.5999755859375,-1.231035359994246,0.010512366483612902,0.0007644499133471556
2010-02-24,1105.239990234375,0.8255023448620402,0.010792301002284413,0.0007644499133471556
2010-02-25,1102.93994140625,-0.2672635194252294,0.010654871537785689,0.0007644499133471556
2010-02-26,1104.489990234375,0.06270713387027922,0.01020526061412125,0.0007644499133471556
2010-03-01,1115.7099609375,0.9586574270386699,0.009745720678466841,0.0007644499133471556
2010-03-02,1118.31005859375,0.16045081041790255,0.00974305511743734,0.0007644499133471556
2010-03-03,1118.7900390625,-0.035978659608630906,0.009320535995351875,0.0007644499133471556
2010-03-04,1122.969970703125,0.33270868489258115,0.008910816882286718,0.0007644499133471556
2010-03-05,1138.699951171875,1.533376969546801,0.008573125297520386,0.0007644499133471556
2010-03-08,1138.5,-0.10277383335191881,0.009146893862611196,0.0007644499133471556
2010-03-09,1140.449951171875,0.10818935634205752,0.008751527346474115,0.0007644499133471556
2010-03-10,1145.6099853515625,0.4474926800617385,0.008379813029228628,0.0007644499133471556
2010-03-11,1150.239990234375,0.4031951126242689,0.008107549664683245,0.0007644499133471556
2010-03-12,1149.989990234375,-0.12532603252338834,0.007834122437863222,0.0007644499133471556
2010-03-15,1150.510009765625,-0.041543394591519345,0.007518819609773108,0.0007644499133471556
2010-03-16,1159.4599609375,0.9677118174759757,0.007217608531463656,0.0007644499133471556
2010-03-17,1166.2099609375,0.6943520631240065,0.007259063070309206,0.0007644499133471556
2010-03-18,1165.8299560546875,-0.15263822920215986,0.007143354883868248,0.0007644499133471556
2010-03-19,1159.9000244140625,-0.8531410248770023,0.006873279087481766,0.0007644499133471556
2010-03-22,1165.81005859375,0.6300465045832464,0.006853318214484904,0.0007644499133471556
2010-03-23,1174.1700439453125,0.948731373469794,0.006725747719416149,0.0007644499133471556
2010-03-24,1167.719970703125,-0.9273128293915828,0.006764597233871078,0.0007644499133471556
2010-03-25,1165.72998046875,-0.3637871585814474,0.0067898795721862085,0.0007644499133471556
2010-03-26,1166.5899658203125,-0.004104355042436435,0.006578207070194124,0.0007644499133471556
2010-03-29,1173.219970703125,0.7737333045737018,0.006336416398867699,0.0007644499133471556
2010-03-30,1173.27001953125,-0.11468827062412641,0.00629350714322243,0.0007644499133471556
2010-03-31,1169.4300537109375,-0.665505771725632,0.006074616334126379,0.0007644499133471556
2010-04-01,1178.0999755859375,1.1043168642578867,0.005996471036985572,0.0007644499133471556
2010-04-05,1187.43994140625,1.1615268741814788,0.006140434361251266,0.0007644499133471556
2010-04-06,1189.43994140625,0.1453253969235504,0.0063198104491331165,0.0007644499133471556
2010-04-07,1182.449951171875,-1.09126271857513,0.006101640574052799,0.0007644499133471556
2010-04-08,1186.43994140625,0.4175654750348914,0.006236654305028849,0.0007644499133471556
2010-04-09,1194.3699951171875,0.9714583907382106,0.006070479641442206,0.0007644499133471556
2010-04-12,1196.47998046875,0.16306662434970817,0.0061361480179236,0.0007644499133471556
2010-04-13,1197.300048828125,-0.013365979522860696,0.005931766794548036,0.0007644499133471556
2010-04-14,1210.6500244140625,1.8006578571320697,0.0057334119003620634,0.0007644499133471556
2010-04-15,1211.6700439453125,0.012162495420505478,0.0063912934921733465,0.0007644499133471556
2010-04-16,1192.1300048828125,-2.7625379493293645,0.006161881807280373,0.0007644499133471556
2010-04-19,1197.52001953125,0.4730709823203334,0.00791993372285435,0.0007644499133471556
2010-04-20,1207.1700439453125,0.945512557110961,0.007680062807322436,0.0007644499133471556
2010-04-21,1205.93994140625,-0.2317281002514002,0.007698532664418833,0.0007644499133471556
2010-04-22,1208.6700439453125,0.20212030548447515,0.0074058404283285405,0.0007644499133471556
2010-04-23,1217.280029296875,0.8888442076223497,0.007125903184781952,0.0007644499133471556
2010-04-26,1212.050048828125,-0.7121167060050306,0.007119836152817971,0.0007644499133471556
2010-04-27,1183.7099609375,-3.480143113686981,0.007018128075248347,0.0007644499133471556
2010-04-28,1191.3599853515625,0.5626058382620701,0.010091449605947878,0.0007644499133471556
2010-04-29,1206.780029296875,1.2351349350449008,0.009793043678667141,0.0007644499133471556
2010-04-30,1186.68994140625,-1.7436707575285217,0.010066269665548569,0.0007644499133471556
2010-05-03,1202.260009765625,1.1133099582760602,0.011021914830364134,0.0007644499133471556
2010-05-04,1173.5999755859375,-2.228563682610961,0.01116936889216582,0.0007644499133471556
2010-05-05,1165.8699951171875,-0.5622219124898364,0.013113668376026762,0.0007644499133471556
2010-05-06,1128.1500244140625,-2.6512854885111956,0.01269304671380685,0.0007644499133471556
2010-05-07,1110.8800048828125,-1.0177144328009908,0.015909272358153478,0.0007644499133471556
2010-05-10,1159.72998046875,2.6535610738014217,0.01592963306916205,0.0007644499133471556
2010-05-11,1155.7900390625,-0.20883692028556722,0.019955886277745506,0.0007644499133471556
2010-05-12,1171.6700439453125,0.677716544784078,0.019007271679609673,0.0007644499133471556
2010-05-13,1157.43994140625,-0.7020589508912716,0.018494101935583894,0.0007644499133471556
2010-05-14,1135.6800537109375,-1.0952347797436337,0.018026665758293755,0.0007644499133471556
2010-05-17,1136.93994140625,0.018939655028670302,0.01817898515786504,0.0007644499133471556
2010-05-18,1120.800048828125,-0.8715598594424159,0.017281752406519624,0.0007644499133471556
2010-05-19,1115.050048828125,-0.34607638096916915,0.017071141222691707,0.0007644499133471556
2010-05-20,1071.5899658203125,-2.480757911521487,0.016333817001217072,0.0007644499133471556
2010-05-21,1087.68994140625,0.710704121382424,0.019907275400115713,0.0007644499133471556
2010-05-24,1073.6500244140625,-0.7086967587372919,0.019410976651770318,0.0007644499133471556
2010-05-25,1074.030029296875,-0.021693780752353436,0.018925937962660275,0.0007644499133471556
2010-05-26,1067.949951171875,-0.3580787050228189,0.017989141818942664,0.0007644499133471556
2010-05-27,1103.06005859375,1.83452671701681,0.017215809157954332,0.0007644499133471556
2010-05-28,1089.4100341796875,-0.6945299677936921,0.019029189338995993,0.0007644499133471556
2010-06-01,1070.7099609375,-0.9753012371009218,0.01853663519558848,0.0007644499133471556
2010-06-02,1098.3800048828125,1.3396666686427818,0.018474728657741222,0.0007644499133471556
2010-06-03,1102.8299560546875,0.17133093828924678,0.019136894380161525,0.0007644499133471556
2010-06-04,1064.8800048828125,-1.9642745448299967,0.018216339511885848,0.0007644499133471556
2010-06-07,1050.469970703125,-0.7015095197272931,0.020511362532409243,0.0007644499133471556
2010-06-08,1062.0,0.5079653583442706,0.019985256008917637,0.0007644499133471556
2010-06-09,1055.68994140625,-0.3493578648462744,0.01924630109069912,0.0007644499133471556
2010-06-10,1086.8399658203125,1.5381825669126286,0.01840834525232148,0.0007644499133471556
2010-06-11,1091.5999755859375,0.18451220579680538,0.019541611427273838,0.0007644499133471556
2010-06-14,1089.6300048828125,-0.13817674195607504,0.01860475076131909,0.0007644499133471556
2010-06-15,1115.22998046875,1.2686567021698136,0.017702188974166807,0.0007644499133471556
2010-06-16,1114.6099853515625,-0.07259946128382821,0.01818938107928822,0.0007644499133471556
2010-06-17,1116.0400390625,0.029933799378932865,0.017296030232855312,0.0007644499133471556
2010-06-18,1117.510009765625,0.03355247981736118,0.01644630227367646,0.0007644499133471556
2010-06-21,1113.199951171875,-0.2959142823791372,0.015642191446560566,0.0007644499133471556
2010-06-22,1095.31005859375,-1.1349665906839406,0.014948171285035726,0.0007644499133471556
2010-06-23,1092.0400390625,-0.24783511464047975,0.015148737820555227,0.0007644499133471556
2010-06-24,1073.68994140625,-1.2248406194400034,0.01445962261310028,0.0007644499133471556
2010-06-25,1076.760009765625,0.1412880503299652,0.014798364145554492,0.0007644499133471556
2010-06-28,1074.5699462890625,-0.19865965187329135,0.014096770519802276,0.0007644499133471556
2010-06-29,1041.239990234375,-2.4001352253452453,0.013446192495639006,0.0007644499133471556
2010-06-30,1030.7099609375,-0.6748862646316159,0.016193697307868515,0.0007644499133471556
2010-07-01,1027.3699951171875,-0.25438837495021355,0.01576394056283468,0.0007644499133471556
2010-07-02,1022.5800170898438,-0.361404203521518,0.01504609413687935,0.0007644499133471556
2010-07-06,1028.06005859375,0.3177748100076425,0.014413590473078766,0.0007644499133471556
2010-07-07,1060.27001953125,2.1816620839013696,0.01379020762056605,0.0007644499133471556
2010-07-08,1070.25,0.5358857490249311,0.01605604376299699,0.0007644499133471556
2010-07-09,1077.9599609375,0.4138070674315353,0.015499043776828298,0.0007644499133471556
2010-07-12,1078.75,-0.0021387655477474333,0.014876014543925736,0.0007644499133471556
2010-07-13,1095.3399658203125,1.0241456849708246,0.014155576726019112,0.0007644499133471556
2010-07-14,1095.1700439453125,-0.06479991141441216,0.014191278322273267,0.0007644499133471556
2010-07-15,1096.47998046875,0.03189549608468472,0.013510955964512348,0.0007644499133471556
2010-07-16,1064.8800048828125,-2.332391475354208,0.012865490176575189,0.0007644499133471556
2010-07-19,1071.25,0.3390649523984438,0.015335172915339345,0.0007644499133471556
2010-07-20,1083.47998046875,0.7213565890817866,0.01467710202678308,0.0007644499133471556
2010-07-21,1069.5899658203125,-0.9530009124796895,0.014341171468631349,0.0007644499133471556
2010-07-22,1093.6700439453125,1.5054483036640776,0.01428095395687249,0.0007644499133471556
2010-07-23,1102.6600341796875,0.49111179633998336,0.015112588063064168,0.0007644499133471556
2010-07-26,1115.010009765625,0.7125110263312346,0.014559015116995753,0.0007644499133471556
2010-07-27,1113.8399658203125,-0.12761404242650157,0.014217543668142263,0.0007644499133471556
2010-07-28,1106.1300048828125,-0.5692782404698669,0.013544312786772334,0.0007644499133471556
2010-07-29,1101.530029296875,-0.37612175794303837,0.013112089448998809,0.0007644499133471556
2010-07-30,1101.5999755859375,-0.05572228169982987,0.012579397249454439,0.0007644499133471556
2010-08-02,1125.8599853515625,1.7535749614766818,0.011986415938626017,0.0007644499133471556
2010-08-03,1120.4599609375,-0.42462090385875734,0.013123104642373167,0.0007644499133471556
2010-08-04,1127.239990234375,0.4176343721127788,0.012614929465762878,0.0007644499133471556
2010-08-05,1125.81005859375,-0.16771292680242933,0.01212655336316293,0.0007644499133471556
2010-08-06,1121.6400146484375,-0.3866870761265784,0.011573610177443539,0.0007644499133471556
2010-08-09,1127.7900390625,0.4229906406431886,0.011119955720311311,0.0007644499133471556
2010-08-10,1121.06005859375,-0.6305542037894625,0.01070444297525999,0.0007644499133471556
2010-08-11,1089.469970703125,-2.8157331124557228,0.010422811658351095,0.0007644499133471556
2010-08-12,1083.6099853515625,-0.45862195600627825,0.013426562406738018,0.0007644499133471556
2010-08-13,1079.25,-0.37109651746041067,0.012924240460024945,0.0007644499133471556
2010-08-16,1079.3800048828125,-0.051943031363706475,0.012398171761026916,0.0007644499133471556
2010-08-17,1092.5400390625,0.960990129265503,0.011814938928330647,0.0007644499133471556
2010-08-18,1094.1600341796875,0.060832362972692955,0.011790279672582542,0.0007644499133471556
2010-08-19,1075.6300048828125,-1.5874333271892975,0.011241345047127337,0.0007644499133471556
2010-08-20,1071.68994140625,-0.36824588135034186,0.012041421400305846,0.0007644499133471556
2010-08-23,1067.3599853515625,-0.4164558918056028,0.011556903870499173,0.0007644499133471556
2010-08-24,1051.8699951171875,-1.3836786376521573,0.011117623598959975,0.0007644499133471556
2010-08-25,1055.3299560546875,0.2170158968460824,0.011609724517452753,0.0007644499133471556
2010-08-26,1047.219970703125,-0.7641588118451769,0.011095751776735973,0.0007644499133471556
2010-08-27,1064.5899658203125,1.4391764623454,0.0108994698706872,0.0007644499133471556
2010-08-30,1048.9200439453125,-1.360548945817536,0.011460860025923747,0.0007644499133471556
2010-08-31,1049.3299560546875,-0.031321612520531665,0.011932074844791887,0.0007644499133471556
2010-09-01,1080.2900390625,2.489374835592752,0.011373653364123158,0.0007644499133471556
2010-09-02,1090.0999755859375,0.5952207253263325,0.01390308287543312,0.0007644499133471556
2010-09-03,1104.510009765625,0.917675105265621,0.013477475643445662,0.0007644499133471556
2010-09-07,1091.8399658203125,-0.9191625663167404,0.013383858064859729,0.0007644499133471556
2010-09-08,1098.8699951171875,0.4252991298752866,0.01329325451292096,0.0007644499133471556
2010-09-09,1104.1800537109375,0.3174453581149519,0.0127776388659013,0.0007644499133471556
2010-09-10,1109.550048828125,0.33403845894030487,0.01223540289435222,0.0007644499133471556
2010-09-13,1121.9000244140625,0.8787172937113205,0.011726953325653579,0.0007644499133471556
2010-09-14,1121.0999755859375,-0.12719025265370512,0.011619002337997479,0.0007644499133471556
2010-09-15,1125.0699462890625,0.24988626889209792,0.011086779202413487,0.0007644499133471556
2010-09-16,1124.6600341796875,-0.10640240013303218,0.010609346854792853,0.0007644499133471556
2010-09-17,1125.5899658203125,0.006126352779193798,0.010130693386787928,0.0007644499133471556
2010-09-20,1142.7099609375,1.4814584447285992,0.009673466054483746,0.0007644499133471556
2010-09-21,1139.780029296875,-0.32544196051646446,0.010237656597119886,0.0007644499133471556
2010-09-22,1134.280029296875,-0.5699814961089147,0.009827727296481244,0.0007644499133471556
2010-09-23,1124.8299560546875,-0.9566581117267987,0.009544360706571909,0.0007644499133471556
2010-09-24,1148.6700439453125,2.1177103407279434,0.00954260138688968,0.0007644499133471556
2010-09-27,1142.1600341796875,-0.5844766647869258,0.011032096717892728,0.0007644499133471556
2010-09-28,1147.699951171875,0.38046942444601356,0.010708379072598872,0.0007644499133471556
2010-09-29,1144.72998046875,-0.32595563932963173,0.010294538248802847,0.0007644499133471556
2010-09-30,1141.199951171875,-0.3899014065593155,0.0098818228274749,0.0007644499133471556
2010-10-01,1146.239990234375,0.38287904592582256,0.009512833061261487,0.0007644499133471556
2010-10-04,1137.030029296875,-0.9641846808300454,0.00915990121878491,0.0007644499133471556
2010-10-05,1160.75,2.1682723704638223,0.009169637940626352,0.0007644499133471556
2010-10-06,1159.969970703125,-0.13444462498077195,0.010686038011175592,0.0007644499133471556
2010-10-07,1158.06005859375,-0.23634872753559283,0.010206636271301113,0.0007644499133471556
2010-10-08,1165.1500244140625,0.5463079697344075,0.00977317475440199,0.0007644499133471556
2010-10-11,1165.3199462890625,-0.06525893063080328,0.009479524628741678,0.0007644499133471556
2010-10-12,1169.77001953125,0.33624588216571083,0.009061921386745317,0.0007644499133471556
2010-10-13,1178.0999755859375,0.7263040807477054,0.008717196854648277,0.0007644499133471556
2010-10-14,1173.81005859375,-0.5151017618338617,0.008566233751639464,0.0007644499133471556
2010-10-15,1176.18994140625,0.15170981341871673,0.008311808784891706,0.0007644499133471556
2010-10-18,1184.7099609375,0.8096036459980371,0.007970795103576796,0.0007644499133471556
2010-10-19,1165.9000244140625,-2.124264033942147,0.007894072334917046,0.0007644499133471556
2010-10-20,1178.1700439453125,1.0599259882675742,0.009155953158760895,0.0007644499133471556
2010-10-21,1180.260009765625,0.10897242771845231,0.009249009685790057,0.0007644499133471556
2010-10-22,1183.0799560546875,0.18330734248991185,0.008848302795250807,0.0007644499133471556
2010-10-25,1185.6199951171875,0.16275327168670586,0.008480445395846409,0.0007644499133471556
2010-10-26,1185.6400146484375,-0.09194084360926737,0.008130932257987037,0.0007644499133471556
2010-10-27,1182.449951171875,-0.4437119379429568,0.007794830963074879,0.0007644499133471556
2010-10-28,1183.780029296875,0.047644818130215816,0.00755102732108398,0.0007644499133471556
2010-10-29,1183.260009765625,-0.16609148450867223,0.007248015938183945,0.0007644499133471556
2010-11-01,1184.3800048828125,0.026048582706668533,0.006972963018804163,0.0007644499133471556
2010-11-02,1193.5699462890625,1.038633671425949,0.0067058158645910545,0.0007644499133471556
2010-11-03,1197.9599609375,0.42741238718564356,0.006801058222666855,0.0007644499133471556
2010-11-04,1221.06005859375,2.77574004112499,0.00660539323736036,0.0007644499133471556
2010-11-05,1225.8499755859375,0.3707863963442738,0.008497154079349931,0.0007644499133471556
2010-11-08,1223.25,-0.3524565175584753,0.008192953151245751,0.0007644499133471556
2010-11-09,1213.4000244140625,-1.1202158789643666,0.007899677749782823,0.0007644499133471556
2010-11-10,1218.7099609375,0.44760597354521015,0.008047443240867027,0.0007644499133471556
2010-11-11,1213.5400390625,-0.6436842103258674,0.007792019322122463,0.0007644499133471556
2010-11-12,1199.2099609375,-1.65694094233933,0.007630456726025737,0.0007644499133471556
2010-11-15,1197.75,-0.23921076632772287,0.008288202296405022,0.0007644499133471556
2010-11-16,1178.3399658203125,-2.1478874762567,0.007962524814307963,0.0007644499133471556
2010-11-17,1178.5899658203125,-0.05960052165827663,0.009266857436687008,0.0007644499133471556
2010-11-18,1196.68994140625,1.6336336135734322,0.008861309849419201,0.0007644499133471556
2010-11-19,1199.72998046875,0.18516341599094704,0.009573716217516806,0.0007644499133471556
2010-11-22,1197.8399658203125,-0.2554392989548208,0.009164834103394996,0.0007644499133471556
2010-11-23,1180.72998046875,-1.7231083729066279,0.00879311002263823,0.0007644499133471556
2010-11-24,1198.3499755859375,1.4609780224961113,0.009615658407556509,0.0007644499133471556
2010-11-26,1189.4000244140625,-0.8137905787840057,0.01015131110257504,0.0007644499133471556
2010-11-29,1187.760009765625,-0.21400568944986054,0.010019640992239218,0.0007644499133471556
2010-11-30,1180.550048828125,-0.7145095254665723,0.00959142639706017,0.0007644499133471556
2010-12-01,1206.0699462890625,2.192906146830203,0.009404037824232249,0.0007644499133471556
2010-12-02,1221.530029296875,1.0886991432093525,0.010997207375381757,0.0007644499133471556
2010-12-03,1224.7099609375,0.16510206944572992,0.011116784357495026,0.0007644499133471556
2010-12-06,1223.1199951171875,-0.19433464928219138,0.01061844619201739,0.0007644499133471556
2010-12-07,1223.75,-0.0245738868479579,0.010153148764493558,0.0007644499133471556
2010-12-08,1228.280029296875,0.30226930780492195,0.009694916961793996,0.0007644499133471556
2010-12-09,1233.0,0.32997891887924413,0.00930645407316432,0.0007644499133471556
2010-12-10,1240.4000244140625,0.5833624005587805,0.008946846464588418,0.0007644499133471556
2010-12-13,1240.4599609375,-0.08224378492605092,0.00870741495582442,0.0007644499133471556
2010-12-14,1241.5899658203125,0.017525028558239033,0.008336178788377016,0.0007644499133471556
2010-12-15,1235.22998046875,-0.7389491498468036,0.007984401808846704,0.0007644499133471556
2010-12-16,1242.8699951171875,0.6867410702327,0.007865549367968435,0.0007644499133471556
2010-12-17,1243.9100341796875,0.009323789891275502,0.007722669363591239,0.0007644499133471556
2010-12-20,1247.0799560546875,0.24036322300164523,0.007408211310195332,0.0007644499133471556
2010-12-21,1254.5999755859375,0.735539768023113,0.007134276302344743,0.0007644499133471556
2010-12-22,1258.8399658203125,0.3704657063336224,0.007043587753425063,0.0007644499133471556
2010-12-23,1256.77001953125,-0.35344458508533494,0.006818980379540702,0.0007644499133471556
2010-12-27,1257.5400390625,-0.02301025879892828,0.006603154265403647,0.0007644499133471556
2010-12-28,1258.510009765625,0.0010340866624735914,0.006359894226974289,0.0007644499133471556
2010-12-29,1259.780029296875,0.039818281604179655,0.006132524746926232,0.0007644499133471556
2010-12-30,1257.8800048828125,-0.3840311750672239,0.005920893295619972,0.0007644499133471556
2010-12-31,1257.6400146484375,-0.165679099318671,0.005765709555154986,0.0007644499133471556
2011-01-03,1271.8699951171875,1.8771684163119504,0.005586522841151146,0.0007644499133471556
2011-01-04,1270.199951171875,-0.3299752320851268,0.006298577480645674,0.0007644499133471556
2011-01-05,1276.56005859375,0.6924851136066699,0.006108761152899097,0.0007644499133471556
2011-01-06,1273.8499755859375,-0.478441440293405,0.006039744973203595,0.0007644499133471556
2011-01-07,1271.5,-0.442448807117881,0.005901102320597797,0.0007644499133471556
2011-01-10,1269.75,-0.37176759174117363,0.005760924679142339,0.0007644499133471556
2011-01-11,1274.47998046875,0.5262295269543635,0.0056130570288508395,0.0007644499133471556
2011-01-12,1285.9599609375,1.4881462515911075,0.005512095250539607,0.0007644499133471556
2011-01-13,1283.760009765625,-0.4192343587634724,0.005907581528172929,0.0007644499133471556
2011-01-14,1293.239990234375,1.1443518427419632,0.005761305385026548,0.0007644499133471556
2011-01-18,1295.02001953125,0.1030156611975633,0.005931276329569891,0.0007644499133471556
2011-01-19,1281.9200439453125,-1.905798760266167,0.005735975872502935,0.0007644499133471556
2011-01-20,1280.260009765625,-0.31754705199909905,0.006488009585385486,0.0007644499133471556
2011-01-21,1283.3499755859375,0.2619605430209415,0.0062841055066132166,0.0007644499133471556
2011-01-24,1290.8399658203125,0.8310019920511613,0.006082855841020747,0.0007644499133471556
2011-01-25,1291.1800537109375,-0.0824601342555629,0.006075931651722096,0.0007644499133471556
2011-01-26,1296.6300048828125,0.5873526779123458,0.005869683351724415,0.0007644499133471556
2011-01-27,1299.5400390625,0.2558811840568443,0.005773543501832739,0.0007644499133471556
2011-01-28,1276.3399658203125,-3.3505647807914136,0.005604504483896151,0.0007644499133471556
2011-01-31,1286.1199951171875,0.8670842953180635,0.007921836500353573,0.0007644499133471556
2011-02-01,1307.5899658203125,2.003261593119019,0.007882815693531352,0.0007644499133471556
2011-02-02,1304.030029296875,-0.38865353944549996,0.008981470174413716,0.0007644499133471556
2011-02-03,1307.0999755859375,0.1833018021517591,0.008657756542216816,0.0007644499133471556
2011-02-04,1310.8699951171875,0.25487111189599465,0.008300906029196205,0.0007644499133471556
2011-02-07,1319.050048828125,0.6839521212584609,0.007977652620721363,0.0007644499133471556
2011-02-08,1324.5699462890625,0.435757004185537,0.007829066267951391,0.0007644499133471556
2011-02-09,1320.8800048828125,-0.46882799689165,0.007580824982107976,0.0007644499133471556
2011-02-10,1321.8699951171875,-0.002071297033735342,0.007356601009115083,0.0007644499133471556
2011-02-11,1329.1500244140625,0.6691973553890981,0.007064898793257135,0.0007644499133471556
2011-02-14,1332.3199462890625,0.23291323367277222,0.006945224645304389,0.0007644499133471556
2011-02-15,1328.010009765625,-0.5978730106566267,0.00669808560270681,0.0007644499133471556
2011-02-16,1336.3199462890625,0.8337670113404854,0.00656477014688273,0.0007644499133471556
2011-02-17,1340.4300537109375,0.35248450625641603,0.006543609509336707,0.0007644499133471556
2011-02-18,1343.010009765625,0.18260747721438336,0.0063437862805438665,0.0007644499133471556
2011-02-22,1315.43994140625,-3.5096673041472486,0.006127832916922933,0.0007644499133471556
2011-02-23,1307.4000244140625,-0.7774621486461287,0.008868811087283171,0.0007644499133471556
2011-02-24,1306.0999755859375,-0.20116846910067357,0.008745515052409218,0.0007644499133471556
2011-02-25,1319.8800048828125,1.1602871154125123,0.008386543401818273,0.0007644499133471556
2011-02-28,1327.219970703125,0.5579072172728528,0.008569937598687759,0.0007644499133471556
2011-03-01,1306.3299560546875,-1.9952469774527941,0.008334462796999387,0.0007644499133471556
2011-03-02,1308.43994140625,0.08962764334892022,0.009477522162064706,0.0007644499133471556
2011-03-03,1330.969970703125,1.7996405772899409,0.00906180093496749,0.0007644499133471556
2011-03-04,1321.1500244140625,-0.81611593763291,0.010010636143697857,0.0007644499133471556
2011-03-07,1310.1300048828125,-0.9247680564758677,0.009884278663831085,0.0007644499133471556
2011-03-08,1321.8199462890625,0.8242345829380747,0.009850001182780972,0.0007644499133471556
2011-03-09,1320.02001953125,-0.21852291189227588,0.00973390519053005,0.0007644499133471556
2011-03-10,1295.1099853515625,-2.12558895335673,0.009322465831592137,0.0007644499133471556
2011-03-11,1304.280029296875,0.5828962102693955,0.01079285557254681,0.0007644499133471556
2011-03-14,1296.3900146484375,-0.6520685312448592,0.010477651569962634,0.0007644499133471556
2011-03-15,1281.8699951171875,-1.1770851314898974,0.010218457430490394,0.0007644499133471556
2011-03-16,1256.8800048828125,-1.960398408798781,0.010432538493668321,0.0007644499133471556
2011-03-17,1273.719970703125,1.0654125832890415,0.011774608743403352,0.0007644499133471556
2011-03-18,1279.2099609375,0.2979948331417917,0.011867620763464459,0.0007644499133471556
2011-03-21,1298.3800048828125,1.241630199024154,0.01136426774084981,0.0007644499133471556
2011-03-22,1293.77001953125,-0.37023464128325045,0.011671882564547114,0.0007644499133471556
2011-03-23,1297.5400390625,0.1914359404247199,0.011206319672242417,0.0007644499133471556
2011-03-24,1309.6600341796875,0.7968564262657283,0.010708257147546345,0.0007644499133471556
2011-03-25,1313.800048828125,0.2267237285121394,0.010548966817620617,0.0007644499133471556
2011-03-28,1310.18994140625,-0.34831220375458694,0.010094588632949233,0.0007644499133471556
2011-03-29,1319.43994140625,0.6464896973896395,0.009699751936147352,0.0007644499133471556
2011-03-30,1328.260009765625,0.6231072937262465,0.00946548495302839,0.0007644499133471556
2011-03-31,1325.8299560546875,-0.28132649360781636,0.009226386697659699,0.0007644499133471556
2011-04-01,1332.4100341796875,0.4726205985972892,0.008857555179637756,0.0007644499133471556
2011-04-04,1332.8699951171875,-0.048917709170910796,0.008571532469569106,0.0007644499133471556
2011-04-05,1332.6300048828125,-0.11509414279546049,0.008206511191068792,0.0007644499133471556
2011-04-06,1335.5400390625,0.1800818168653772,0.007867795147052832,0.0007644499133471556
2011-04-07,1333.510009765625,-0.30245298828013084,0.007556918599380886,0.0007644499133471556
2011-04-08,1328.1700439453125,-0.6555768028276198,0.007286610651440971,0.0007644499133471556
2011-04-11,1324.4599609375,-0.49804004419617764,0.0071515096953656985,0.0007644499133471556
2011-04-12,1314.1600341796875,-1.2316654688272655,0.006959312878385042,0.0007644499133471556
2011-04-13,1314.4100341796875,-0.07984061168601393,0.007192234765125705,0.0007644499133471556
2011-04-14,1314.52001953125,-0.09847571337693982,0.006913144359560264,0.0007644499133471556
2011-04-15,1319.6800537109375,0.47397117687343376,0.006652891707511762,0.0007644499133471556
2011-04-18,1305.1400146484375,-1.8279628764533413,0.006479041666811133,0.0007644499133471556
2011-04-19,1312.6199951171875,0.6850193196307341,0.007226599546733733,0.0007644499133471556
2011-04-20,1330.3599853515625,1.7811646191403938,0.0071077008171821845,0.0007644499133471556
2011-04-21,1337.3800048828125,0.5722288604900868,0.007861292739509557,0.0007644499133471556
2011-04-25,1335.25,-0.3077267921678725,0.007663906827314563,0.0007644499133471556
2011-04-26,1347.239990234375,1.106433200860746,0.007388659225415577,0.0007644499133471556
2011-04-27,1355.6600341796875,0.7262405460871127,0.0075263601239719605,0.0007644499133471556
2011-04-28,1360.47998046875,0.37546190177090805,0.007416647454650366,0.0007644499133471556
2011-04-29,1363.6099853515625,0.2138159252051502,0.0071723835687272156,0.0007644499133471556
2011-05-02,1361.219970703125,-0.3645858640921114,0.00690838364966413,0.0007644499133471556
2011-05-03,1356.6199951171875,-0.6202459813363066,0.006690049446930488,0.0007644499133471556
2011-05-04,1347.3199462890625,-1.164102368879895,0.00656588661831691,0.0007644499133471556
2011-05-05,1335.0999755859375,-1.4637705970627377,0.006746731430361154,0.0007644499133471556
2011-05-06,1340.199951171875,0.425265784091984,0.007167736499276532,0.0007644499133471556
2011-05-09,1346.2900390625,0.5422600168296976,0.00695131499943887,0.0007644499133471556
2011-05-10,1357.1600341796875,1.0725561750791173,0.006784881077002241,0.0007644499133471556
2011-05-11,1342.0799560546875,-1.7297255079780498,0.006901753802074518,0.0007644499133471556
2011-05-12,1348.6500244140625,0.5430750168564715,0.007584668104717752,0.0007644499133471556
2011-05-13,1337.77001953125,-1.1998656816828137,0.00738790774175652,0.0007644499133471556
2011-05-16,1329.469970703125,-0.9196160283991407,0.007599006906836795,0.0007644499133471556
2011-05-17,1328.97998046875,-0.14905704102070894,0.007601643162363393,0.0007644499133471556
2011-05-18,1340.6800537109375,1.0955610531439859,0.007302944959019513,0.0007644499133471556
2011-05-19,1343.5999755859375,0.1898505001054679,0.007432809895346128,0.0007644499133471556
2011-05-20,1333.27001953125,-1.1864383295124905,0.007149486252224017,0.0007644499133471556
2011-05-23,1317.3699951171875,-1.7366536242412516,0.007348451398828278,0.0007644499133471556
2011-05-24,1316.280029296875,-0.19721713128361687,0.008073196016571846,0.0007644499133471556
2011-05-25,1320.469970703125,0.3113332683043035,0.007752667283096945,0.0007644499133471556
2011-05-26,1325.68994140625,0.4256370227001489,0.007473205301017532,0.0007644499133471556
2011-05-27,1331.0999755859375,0.45690042302940653,0.007240451614127409,0.0007644499133471556
2011-05-31,1345.199951171875,1.3901395223436908,0.007029916627753151,0.0007644499133471556
2011-06-01,1314.550048828125,-3.2197918016895404,0.007395719065279996,0.0007644499133471556
2011-06-02,1312.93994140625,-0.1951838718361757,0.010195699105021239,0.0007644499133471556
2011-06-03,1300.1600341796875,-1.0812022521176274,0.009753903636330328,0.0007644499133471556
2011-06-06,1286.1700439453125,-1.1740810717574603,0.00986555886616172,0.0007644499133471556
2011-06-07,1284.93994140625,-0.17088273998267609,0.010073076755378248,0.0007644499133471556
2011-06-08,1279.56005859375,-0.5148730152153296,0.00963366536675153,0.0007644499133471556
2011-06-09,1289.0,0.7058615013827677,0.009330384789002883,0.0007644499133471556
2011-06-10,1270.97998046875,-1.6228687878622667,0.009146107748332159,0.0007644499133471556
2011-06-13,1271.8299560546875,-0.009724557432926573,0.009863415842571933,0.0007644499133471556
2011-06-14,1287.8699951171875,1.2490936613772026,0.00942160218696867,0.0007644499133471556
2011-06-15,1265.4200439453125,-1.8909622838509716,0.009704064209697027,0.0007644499133471556
2011-06-16,1267.6400146484375,0.09108494773557564,0.010850838551335824,0.0007644499133471556
2011-06-17,1271.5,0.21974909397763795,0.01035699550453774,0.0007644499133471556
2011-06-20,1278.3599853515625,0.46574656167124895,0.009911483104130758,0.0007644499133471556
2011-06-21,1295.52001953125,1.3131098153058502,0.009572488912657086,0.0007644499133471556
2011-06-22,1287.1400146484375,-0.7305634107672601,0.009929199369753,0.0007644499133471556
2011-06-23,1283.5,-0.36917372305275925,0.009741870959291223,0.0007644499133471556
2011-06-24,1268.449951171875,-1.3400553885624655,0.009372394005055818,0.0007644499133471556
2011-06-27,1280.0999755859375,0.8588826466895497,0.009754635018737327,0.0007644499133471556
2011-06-28,1296.6700439453125,1.2512263710065468,0.009667989024974224,0.0007644499133471556
2011-06-29,1307.4100341796875,0.7516503700275158,0.009957001180338728,0.0007644499133471556
2011-06-30,1320.6400146484375,0.9509555018963932,0.009783761346626346,0.0007644499133471556
2011-07-01,1339.6700439453125,1.3855825087431772,0.009773809287632551,0.0007644499133471556
2011-07-05,1337.8800048828125,-0.20558570876180293,0.010222123274435559,0.0007644499133471556
2011-07-06,1339.219970703125,0.0241906487895825,0.00978096570770851,0.0007644499133471556
2011-07-07,1353.219970703125,1.0311402774568803,0.009344153447781807,0.0007644499133471556
2011-07-08,1343.800048828125,-0.8235684072047484,0.009410157010013333,0.0007644499133471556
2011-07-11,1319.489990234375,-2.0442615804137945,0.009304394815300978,0.0007644499133471556
2011-07-12,1313.6400146484375,-0.4893300262240893,0.010642755326850604,0.0007644499133471556
2011-07-13,1317.719970703125,0.2272600126707313,0.01028151485303463,0.0007644499133471556
2011-07-14,1308.8699951171875,-0.7623811615211514,0.009841838520394434,0.0007644499133471556
2011-07-15,1316.1400146484375,0.4932593002678733,0.009679707254060886,0.0007644499133471556
2011-07-18,1305.43994140625,-0.9533844267599406,0.009364079380922694,0.0007644499133471556
2011-07-19,1326.72998046875,1.6463055385698158,0.009361992274463085,0.0007644499133471556
2011-07-20,1325.8399658203125,-0.14178228393687087,0.010124736891571926,0.0007644499133471556
2011-07-21,1343.800048828125,1.3113207058104372,0.00967788643669343,0.0007644499133471556
2011-07-22,1345.02001953125,0.014248902898088552,0.010035130479048481,0.0007644499133471556
2011-07-25,1337.4300537109375,-0.6702625473374351,0.009583476149917267,0.0007644499133471556
2011-07-26,1331.93994140625,-0.5206925149121282,0.009368043203960561,0.0007644499133471556
2011-07-27,1304.8900146484375,-2.34398693772311,0.009079476672046472,0.0007644499133471556
2011-07-28,1300.6700439453125,-0.36833323276507585,0.010869660168313642,0.0007644499133471556
2011-07-29,1292.280029296875,-0.6928932827639188,0.010442989390309455,0.0007644499133471556
2011-08-01,1286.93994140625,-0.48031241711159983,0.010212750295060887,0.0007644499133471556
2011-08-02,1254.050048828125,-2.7013812451954498,0.009866567020621586,0.0007644499133471556
2011-08-03,1260.3399658203125,0.33950599697366063,0.012484892983198777,0.0007644499133471556
2011-08-04,1200.0699462890625,-4.158865321583268,0.011966269909924117,0.0007644499133471556
2011-08-05,1199.3800048828125,-0.07022593413482779,0.019074618502729023,0.0007644499133471556
2011-08-08,1119.4599609375,-3.844832194601481,0.018134164451668374,0.0007644499133471556
2011-08-09,1172.530029296875,1.6567337680836172,0.027495661661277707,0.0007644499133471556
2011-08-10,1120.760009765625,-1.5502018194698166,0.029622753866026953,0.0007644499133471556
2011-08-11,1172.6400146484375,1.4138339575414758,0.031464900254469505,0.0007644499133471556
2011-08-12,1178.81005859375,0.13648447319412035,0.03284934211931974,0.0007644499133471556
2011-08-15,1204.489990234375,0.6659231395348171,0.031214230034425333,0.0007644499133471556
2011-08-16,1192.760009765625,-0.3480495641345408,0.030313858077089494,0.0007644499133471556
2011-08-17,1193.8900146484375,0.006300964059673017,0.028961953240371284,0.0007644499133471556
2011-08-18,1140.6500244140625,-1.6867508697414884,0.02749845853218339,0.0007644499133471556
2011-08-19,1123.530029296875,-0.5340882528998122,0.02974640605798036,0.0007644499133471556
2011-08-22,1123.8199462890625,-0.01767025748215848,0.02866070517841822,0.0007644499133471556
2011-08-23,1162.3499755859375,1.2106515786615097,0.027213278414547286,0.0007644499133471556
2011-08-24,1177.5999755859375,0.4421313300042448,0.027752390799995655,0.0007644499133471556
2011-08-25,1159.27001953125,-0.6180439238780069,0.026620089633881915,0.0007644499133471556
2011-08-26,1176.800048828125,0.5525426216657789,0.02577894953809436,0.0007644499133471556
2011-08-29,1210.0799560546875,1.0906204391721785,0.024869380881404148,0.0007644499133471556
2011-08-30,1212.9200439453125,0.06307667191880804,0.02504610757611988,0.0007644499133471556
2011-08-31,1218.8900146484375,0.17423925570961063,0.023791761402104896,0.0007644499133471556
2011-09-01,1204.4200439453125,-0.5614083753541846,0.022633988489456146,0.0007644499133471556
2011-09-02,1173.969970703125,-1.2067874153858271,0.021852620328053875,0.0007644499133471556
2011-09-06,1165.239990234375,-0.3692295013370426,0.02228566878096137,0.0007644499133471556
2011-09-07,1198.6199951171875,1.2888122057014613,0.021321473310259232,0.0007644499133471556
2011-09-08,1185.9000244140625,-0.520967699543777,0.021946351588902818,0.0007644499133471556
2011-09-09,1154.22998046875,-1.3163914917362711,0.02114341561688355,0.0007644499133471556
2011-09-12,1162.27001953125,0.28292482096001376,0.02183307299697397,0.0007644499133471556
2011-09-13,1172.8699951171875,0.3991698861242556,0.02082891659923223,0.0007644499133471556
2011-09-14,1188.6800537109375,0.6326833504862024,0.019955180731689823,0.0007644499133471556
2011-09-15,1209.1099853515625,0.8409050933718277,0.019356044972319925,0.0007644499133471556
2011-09-16,1216.010009765625,0.2584005418772509,0.019063526774368515,0.0007644499133471556
2011-09-19,1204.0899658203125,-0.5838384293002883,0.018182082693922238,0.0007644499133471556
2011-09-20,1202.0899658203125,-0.13797196537771786,0.017589344033967252,0.0007644499133471556
2011-09-21,1166.760009765625,-1.8277060572431592,0.01673980609696265,0.0007644499133471556
2011-09-22,1129.56005859375,-1.794070345304666,0.018486959978676082,0.0007644499133471556
2011-09-23,1136.4300537109375,0.2608678087354996,0.020313502619618052,0.0007644499133471556
2011-09-26,1162.949951171875,1.1513690723977363,0.01937134835242266,0.0007644499133471556
2011-09-27,1175.3800048828125,0.502294467273981,0.01964428455184504,0.0007644499133471556
2011-09-28,1151.06005859375,-1.1458825614407049,0.018913496457083588,0.0007644499133471556
2011-09-29,1160.4000244140625,0.3816850822391418,0.019170349752959604,0.0007644499133471556
2011-09-30,1131.4200439453125,-1.4192886346049074,0.018358298486245577,0.0007644499133471556
2011-10-03,1099.22998046875,-1.543164849734548,0.019199538417576482,0.0007644499133471556
2011-10-04,1123.949951171875,1.053100802422943,0.020392023411622898,0.0007644499133471556
2011-10-05,1144.030029296875,0.8277399120245653,0.02046955666390626,0.0007644499133471556
2011-10-06,1164.969970703125,0.8628565266490906,0.020135118662895538,0.0007644499133471556
2011-10-07,1155.4599609375,-0.4511218281398293,0.01986439259195452,0.0007644499133471556
2011-10-10,1194.8900146484375,1.718873421218911,0.019077142971172287,0.0007644499133471556
2011-10-11,1195.5400390625,-0.010634868478609739,0.020742548583293826,0.0007644499133471556
2011-10-12,1207.25,0.45575353507305794,0.019709330445129698,0.0007644499133471556
2011-10-13,1203.6600341796875,-0.1976757143669389,0.018932787573166993,0.0007644499133471556
2011-10-14,1224.5799560546875,0.913188092970055,0.018031880853346775,0.0007644499133471556
2011-10-17,1200.8599853515625,-1.1371537678483896,0.017873033610267625,0.0007644499133471556
2011-10-18,1225.3800048828125,1.074346854115926,0.01810271924048979,0.0007644499133471556
2011-10-19,1209.8800048828125,-0.7407526196133069,0.018216970609456828,0.0007644499133471556
2011-10-20,1215.3900146484375,0.2122452120646254,0.017806714558943632,0.0007644499133471556
2011-10-21,1238.25,1.0530898365551127,0.016968749444532534,0.0007644499133471556
2011-10-24,1254.18994140625,0.7056023487562609,0.017044099680539677,0.0007644499133471556
2011-10-25,1229.050048828125,-1.2640890137114058,0.01662287693730918,0.0007644499133471556
2011-10-26,1242.0,0.5690533826941122,0.017075692590976688,0.0007644499133471556
2011-10-27,1284.5899658203125,1.9959968799082888,0.016509114611592605,0.0007644499133471556
2011-10-28,1285.0899658203125,-0.02008917492020589,0.0186815230738183,0.0007644499133471556
2011-10-31,1253.300048828125,-1.4536322868059186,0.017757631528014618,0.0007644499133471556
2011-11-01,1218.280029296875,-1.560369760926532,0.018652315793187272,0.0007644499133471556
2011-11-02,1237.9000244140625,0.7660839856881617,0.01985671763832188,0.0007644499133471556
2011-11-03,1261.1500244140625,0.9178448784015658,0.019440275483867446,0.0007644499133471556
2011-11-04,1253.22998046875,-0.3665589746654697,0.01927184965798133,0.0007644499133471556
2011-11-07,1261.1199951171875,0.29882013185697165,0.018444400862715343,0.0007644499133471556
2011-11-08,1275.9200439453125,0.6189775344801247,0.01761430714530738,0.0007644499133471556
2011-11-09,1229.0999755859375,-2.2337880510326538,0.01707852139091668,0.0007644499133471556
2011-11-10,1239.699951171875,0.3906038266287738,0.020027328594425818,0.0007644499133471556
2011-11-11,1263.8499755859375,0.9659000952785232,0.019182908441295384,0.0007644499133471556
2011-11-14,1251.780029296875,-0.5424330788528973,0.019100027274906645,0.0007644499133471556
2011-11-15,1257.81005859375,0.21926434986758644,0.018430485240276046,0.0007644499133471556
2011-11-16,1236.9100341796875,-0.9975379379556295,0.017563490659020367,0.0007644499133471556
2011-11-17,1216.1300048828125,-1.0092528246759187,0.017544783099060955,0.0007644499133471556
2011-11-18,1215.6500244140625,-0.0660680470936733,0.01754564354196856,0.0007644499133471556
2011-11-21,1192.97998046875,-1.1740057877529206,0.016685625592860024,0.0007644499133471556
2011-11-22,1188.0400390625,-0.28955152014879465,0.016970688904785588,0.0007644499133471556
2011-11-23,1161.7900390625,-1.4256766864942305,0.016208036920884954,0.0007644499133471556
2011-11-25,1158.6700439453125,-0.20348814977734653,0.0169718443918062,0.0007644499133471556
2011-11-28,1192.550048828125,1.7347271672709885,0.01617351111725567,0.0007644499133471556
2011-11-29,1195.18994140625,0.08204632048081727,0.017633417898223643,0.0007644499133471556
2011-11-30,1246.9599609375,2.4828252941413482,0.01677080885277543,0.0007644499133471556
2011-12-01,1244.5799560546875,-0.13083528681512432,0.02044493925388474,0.0007644499133471556
2011-12-02,1244.280029296875,-0.05170900190958965,0.019444685635828702,0.0007644499133471556
2011-12-05,1257.0799560546875,0.5123764065222363,0.018482532109931685,0.0007644499133471556
2011-12-06,1258.469970703125,0.01913106636348447,0.01780810262774522,0.0007644499133471556
2011-12-07,1261.010009765625,0.07394124993917993,0.016930615459436863,0.0007644499133471556
2011-12-08,1234.3499755859375,-1.3743552824028968,0.01610424112866957,0.0007644499133471556
2011-12-09,1255.18994140625,0.9533963557068978,0.016758993149172813,0.0007644499133471556
2011-12-12,1236.469970703125,-0.9469172197728398,0.016676047798469942,0.0007644499133471556
2011-12-13,1225.72998046875,-0.5721375074780112,0.016584130230296142,0.0007644499133471556
2011-12-14,1211.8199462890625,-0.759263306504859,0.016038838313605263,0.0007644499133471556
2011-12-15,1215.75,0.1574640809514559,0.015707727945251552,0.0007644499133471556
2011-12-16,1219.6600341796875,0.16352021570180947,0.014961692522560823,0.0007644499133471556
2011-12-19,1205.3499755859375,-0.8814715991646286,0.014256441595865721,0.0007644499133471556
2011-12-20,1241.300048828125,2.0289584335501942,0.014108148074532137,0.0007644499133471556
2011-12-21,1243.719970703125,0.07370513428734488,0.01605258932023045,0.0007644499133471556
2011-12-22,1254.0,0.4889096671874254,0.015273020268629957,0.0007644499133471556
2011-12-23,1265.3299560546875,0.5594442250232163,0.014711083789303258,0.0007644499133471556
2011-12-27,1265.4300537109375,-0.048175284718003315,0.014226072524940429,0.0007644499133471556
2011-12-28,1249.6400146484375,-0.9836379608703749,0.013542539734906586,0.0007644499133471556
2011-12-29,1263.02001953125,0.7307323419711662,0.013528513769168214,0.0007644499133471556
2011-12-30,1257.5999755859375,-0.38271059110196093,0.013234597555368856,0.0007644499133471556
2012-01-03,1277.06005859375,1.1489641445453411,0.012699294252219322,0.0007644499133471556
2012-01-04,1277.300048828125,-0.0446879295155827,0.012901550265577228,0.0007644499133471556
2012-01-05,1281.06005859375,0.17696650533305616,0.012290137910862869,0.0007644499133471556
2012-01-06,1277.81005859375,-0.28171828585041675,0.011730281922987926,0.0007644499133471556
2012-01-09,1280.699951171875,0.1331068681359625,0.011228529903767413,0.0007644499133471556
2012-01-10,1292.0799560546875,0.7540123639644247,0.010718754871895664,0.0007644499133471556
2012-01-11,1292.47998046875,-0.043220863912702835,0.0105250225824682,0.0007644499133471556
2012-01-12,1295.5,0.15622150180873343,0.010046202392443616,0.0007644499133471556
2012-01-13,1289.0899658203125,-0.5959507139409174,0.009605919126030444,0.0007644499133471556
2012-01-17,1293.6700439453125,0.29769154380014223,0.00934594184070889,0.0007644499133471556
2012-01-18,1308.0400390625,1.1456615174945854,0.00897493636633712,0.0007644499133471556
2012-01-19,1314.5,0.4549849919031223,0.009147668336240563,0.0007644499133471556
2012-01-20,1315.3800048828125,-0.010770279127255877,0.008840450552537156,0.0007644499133471556
2012-01-23,1316.0,-0.034665659906939074,0.008458456930964448,0.0007644499133471556
2012-01-24,1314.6500244140625,-0.22109384076300914,0.008099699803443675,0.0007644499133471556
2012-01-25,1326.06005859375,1.012293050215283,0.007781585383969224,0.0007644499133471556
2012-01-26,1318.4300537109375,-0.8329018653913481,0.007846012204890052,0.0007644499133471556
2012-01-27,1316.3299560546875,-0.30288199148965494,0.007787182879503285,0.0007644499133471556
2012-01-30,1313.010009765625,-0.43841342099689634,0.007503782599109385,0.0007644499133471556
2012-01-31,1312.4100341796875,-0.167940102652742,0.007273432742570425,0.0007644499133471556
2012-02-01,1324.0899658203125,1.1570316582094107,0.0069970320202366945,0.0007644499133471556
2012-02-02,1325.5400390625,0.0460187518207082,0.007173117571855253,0.0007644499133471556
2012-02-03,1344.9000244140625,1.9924294667464297,0.006893732633451629,0.0007644499133471556
2012-02-06,1344.3299560546875,-0.15119431810166098,0.007860175843904405,0.0007644499133471556
2012-02-07,1347.050048828125,0.16656214910619702,0.007546057846081398,0.0007644499133471556
2012-02-08,1349.9599609375,0.19212320086507237,0.007252799316811731,0.0007644499133471556
2012-02-09,1351.949951171875,0.10150390526488783,0.006980767988013706,0.0007644499133471556
2012-02-10,1342.6400146484375,-1.1426586466250221,0.006716417522968119,0.0007644499133471556
2012-02-13,1351.77001953125,0.8736560208087734,0.006882083188282936,0.0007644499133471556
2012-02-14,1350.5,-0.24797254150677303,0.00687340181665448,0.0007644499133471556
2012-02-15,1343.22998046875,-0.9290045419187216,0.006633118754012481,0.0007644499133471556
2012-02-16,1358.0400390625,1.531125748377092,0.006662363251837511,0.0007644499133471556
2012-02-17,1361.22998046875,0.22154125270030536,0.007139645327061747,0.0007644499133471556
2012-02-21,1362.2099609375,-0.00651072961628688,0.006878822849498177,0.0007644499133471556
2012-02-22,1357.6600341796875,-0.6211023213934307,0.006617504369121742,0.0007644499133471556
2012-02-23,1363.4599609375,0.5384702620105565,0.00649702223888178,0.0007644499133471556
2012-02-24,1365.739990234375,0.14269035077770956,0.006352155259421121,0.0007644499133471556
2012-02-27,1367.5899658203125,0.096090748212037,0.006131627128471508,0.0007644499133471556
2012-02-28,1372.1800537109375,0.4366956396988622,0.0059223480700449915,0.0007644499133471556
2012-02-29,1365.6800537109375,-0.9538409662775776,0.0057794672961197675,0.0007644499133471556
2012-03-01,1374.0899658203125,0.9199382288956451,0.0058424647029159124,0.0007644499133471556
2012-03-02,1369.6300048828125,-0.6821447098178866,0.005886558795240525,0.0007644499133471556
2012-03-05,1364.3299560546875,-0.7970639207028171,0.0058234356061123505,0.0007644499133471556
2012-03-06,1343.3599853515625,-2.797473102058633,0.005810227819145133,0.0007644499133471556
2012-03-07,1352.6300048828125,0.8130294272159656,0.007518143384523905,0.0007644499133471556
2012-03-08,1365.9100341796875,1.2077239211226307,0.007456670439220909,0.0007644499133471556
2012-03-09,1370.8699951171875,0.3726801448682809,0.007674739711167812,0.0007644499133471556
2012-03-12,1371.0899658203125,-0.08145176035766052,0.007415458228365085,0.0007644499133471556
2012-03-13,1395.949951171875,2.4155460221615646,0.007122482047223166,0.0007644499133471556
2012-03-14,1394.280029296875,-0.22678930327640512,0.00864867951709679,0.0007644499133471556
2012-03-15,1402.5999755859375,0.6247049680335849,0.008299943258870183,0.0007644499133471556
2012-03-16,1404.1700439453125,0.043699071344984,0.008108240116960309,0.0007644499133471556
2012-03-19,1409.75,0.41198874538078273,0.007770895774749813,0.0007644499133471556
2012-03-20,1405.52001953125,-0.5013906293459709,0.007518047660074032,0.0007644499133471556
2012-03-21,1402.8900146484375,-0.36086357222962373,0.007308578698664438,0.0007644499133471556
2012-03-22,1392.780029296875,-1.131689427341877,0.007066500708616343,0.0007644499133471556
2012-03-23,1397.1099853515625,0.32387275420552175,0.0072237817594386425,0.0007644499133471556
2012-03-26,1416.510009765625,1.8668191495113835,0.006977563977823179,0.0007644499133471556
2012-03-27,1412.52001953125,-0.4588982588350113,0.007812624255091086,0.0007644499133471556
2012-03-28,1405.5400390625,-0.7550667688531645,0.007573116487858803,0.0007644499133471556
2012-03-29,1403.280029296875,-0.3174552989418037,0.007477190850639058,0.0007644499133471556
2012-03-30,1408.469970703125,0.4057116857893744,0.007214886360936237,0.0007644499133471556
2012-04-02,1419.0400390625,0.9602267629039761,0.006990199051873829,0.0007644499133471556
2012-04-03,1413.3800048828125,-0.6771608037249703,0.007030917482669469,0.0007644499133471556
2012-04-04,1398.9599609375,-1.5932540573598544,0.0069162709581578954,0.0007644499133471556
2012-04-05,1398.0799560546875,-0.18671215868131374,0.00746437765816499,0.0007644499133471556
2012-04-09,1382.199951171875,-1.69778360792621,0.0071787051400366,0.0007644499133471556
2012-04-10,1358.5899658203125,-2.292474096362432,0.007848932827238477,0.0007644499133471556
2012-04-11,1368.7099609375,0.7128319361774567,0.009338582559128507,0.0007644499133471556
2012-04-12,1387.5699462890625,1.4108099912172158,0.009158473077923663,0.0007644499133471556
2012-04-13,1370.260009765625,-1.3850757469515145,0.009615298706742484,0.0007644499133471556
2012-04-16,1369.5699462890625,-0.12609072766294346,0.010057655919875463,0.0007644499133471556
2012-04-17,1390.780029296875,1.5192220838704689,0.009612504583531717,0.0007644499133471556
2012-04-18,1385.1400146484375,-0.47229755401519574,0.010222334699912173,0.0007644499133471556
2012-04-19,1376.9200439453125,-0.6803681248849632,0.009871898968937028,0.0007644499133471556
2012-04-20,1378.530029296875,0.04186740567751412,0.009652680920882159,0.0007644499133471556
2012-04-23,1366.93994140625,-0.9982339211994593,0.009223853067596573,0.0007644499133471556
2012-04-24,1371.969970703125,0.31404079058379886,0.009261757757247855,0.0007644499133471556
2012-04-25,1390.68994140625,1.4368650706285704,0.008899856532666672,0.0007644499133471556
2012-04-26,1399.97998046875,0.6285069799136205,0.009376987700233054,0.0007644499133471556
2012-04-27,1403.3599853515625,0.18010597820973118,0.009144416149019043,0.0007644499133471556
2012-04-30,1397.9100341796875,-0.5315084886878347,0.00875905519441486,0.0007644499133471556
2012-05-01,1405.8199462890625,0.573678382132963,0.008502997425491963,0.0007644499133471556
2012-05-02,1402.31005859375,-0.3943360326290309,0.008277852440324028,0.0007644499133471556
2012-05-03,1391.5699462890625,-1.0575740803097058,0.007992632548614119,0.0007644499133471556
2012-05-04,1369.0999755859375,-2.1068058948799058,0.008089708537629059,0.0007644499133471556
2012-05-07,1369.5799560546875,-0.04424557559496584,0.009355293153799666,0.0007644499133471556
2012-05-08,1363.719970703125,-0.5648912857415069,0.008943850216567847,0.0007644499133471556
2012-05-09,1354.5799560546875,-0.861297624607776,0.008695342041073929,0.0007644499133471556
2012-05-10,1357.989990234375,0.20266037495075814,0.008634137252846088,0.0007644499133471556
2012-05-11,1353.3900146484375,-0.5020075276626381,0.008281830487655302,0.0007644499133471556
2012-05-14,1338.3499755859375,-1.4858704638730875,0.008035372736708112,0.0007644499133471556
2012-05-15,1330.6600341796875,-0.7651124290737246,0.008530587063853224,0.0007644499133471556
2012-05-16,1324.800048828125,-0.6157269323792358,0.00840956204771935,0.0007644499133471556
2012-05-17,1304.8599853515625,-1.9406175354577397,0.00820885467016771,0.0007644499133471556
2012-05-18,1295.219970703125,-0.8830370806506948,0.00926308976070923,0.0007644499133471556
2012-05-21,1315.989990234375,1.6450813128659614,0.009205766525977236,0.0007644499133471556
2012-05-22,1316.6300048828125,-0.027945617733129403,0.009956162746599275,0.0007644499133471556
2012-05-23,1318.8599853515625,0.09756942166467233,0.009509337919316088,0.0007644499133471556
2012-05-24,1320.6800537109375,0.06759768876592995,0.009092474261497445,0.0007644499133471556
2012-05-25,1317.8199462890625,-0.33715431511078414,0.008697591828668477,0.0007644499133471556
2012-05-29,1332.4200439453125,1.2246551860444548,0.008372646833432107,0.0007644499133471556
2012-05-30,1313.3199462890625,-1.7646967589449236,0.008615122763207233,0.0007644499133471556
2012-05-31,1310.3299560546875,-0.32115671353233294,0.009477338773065952,0.0007644499133471556
2012-06-01,1278.0400390625,-2.824041319978133,0.009106008876636337,0.0007644499133471556
2012-06-04,1278.1800537109375,-0.05569839726451281,0.011757999341510944,0.0007644499133471556
2012-06-05,1285.5,0.4411987948302514,0.011210512673577993,0.0007644499133471556
2012-06-06,1315.1300048828125,2.039319546790466,0.010799350287875178,0.0007644499133471556
2012-06-07,1314.989990234375,-0.07065237025911009,0.012326834475906785,0.0007644499133471556
2012-06-08,1325.6600341796875,0.6227768606396524,0.011748944684822125,0.0007644499133471556
2012-06-11,1308.9300537109375,-1.1786979235483834,0.011423515270318974,0.0007644499133471556
2012-06-12,1324.1800537109375,0.9285073494132368,0.01165197022374631,0.0007644499133471556
2012-06-13,1314.8800048828125,-0.6737683407031118,0.011595201959621028,0.0007644499133471556
2012-06-14,1329.0999755859375,0.8832787096005,0.011312559249890657,0.0007644499133471556
2012-06-15,1342.8399658203125,0.8487779340293272,0.011216474129581567,0.0007644499133471556
2012-06-18,1344.780029296875,0.061248277627749655,0.011090173828503778,0.0007644499133471556
2012-06-19,1357.97998046875,0.8509483888711445,0.010580411952138893,0.0007644499133471556
2012-06-20,1355.68994140625,-0.23422688330767913,0.01046946614961205,0.0007644499133471556
2012-06-21,1325.510009765625,-2.322841692265517,0.01002119867842557,0.0007644499133471556
2012-06-22,1335.02001953125,0.5344034573234202,0.011947039701304327,0.0007644499133471556
2012-06-25,1313.719970703125,-1.4580782763756184,0.011554902488383227,0.0007644499133471556
2012-06-26,1319.989990234375,0.3283617511083183,0.012172301536894217,0.0007644499133471556
2012-06-27,1331.8499755859375,0.7012864545365984,0.011664750478712354,0.0007644499133471556
2012-06-28,1329.0400390625,-0.2522981261679857,0.011401108295186804,0.0007644499133471556
2012-06-29,1362.1600341796875,2.186569916199337,0.010907652046649119,0.0007644499133471556
2012-07-02,1365.510009765625,0.13293297759247713,0.012727031892313712,0.0007644499133471556
2012-07-03,1374.02001953125,0.4489721364259198,0.012135099737923425,0.0007644499133471556
2012-07-05,1367.5799560546875,-0.4674666506003825,0.011685307331876402,0.0007644499133471556
2012-07-06,1354.6800537109375,-0.9091137885527415,0.011265771895544143,0.0007644499133471556
2012-07-09,1352.4599609375,-0.21478831639701643,0.0111953300077112,0.0007644499133471556
2012-07-10,1341.469970703125,-0.8337363525110167,0.010703109773326011,0.0007644499133471556
2012-07-11,1341.449951171875,-0.07370144799894318,0.010574739350425107,0.0007644499133471556
2012-07-12,1334.760009765625,-0.5709805886554472,0.010094956606807658,0.0007644499133471556
2012-07-13,1356.780029296875,1.5914914623789822,0.009801063783848117,0.0007644499133471556
2012-07-16,1353.6400146484375,-0.2929711165870626,0.010517916717745757,0.0007644499133471556
2012-07-17,1363.6700439453125,0.6563384617774852,0.010083068846281075,0.0007644499133471556
2012-07-18,1372.780029296875,0.5989126405795614,0.009840876644437592,0.0007644499133471556
2012-07-19,1376.510009765625,0.2035872529634,0.009573120648740243,0.0007644499133471556
2012-07-20,1362.6600341796875,-1.1864620188177368,0.009167651618848081,0.0007644499133471556
2012-07-23,1350.52001953125,-1.035368626923958,0.009381614107733437,0.0007644499133471556
2012-07-24,1338.31005859375,-1.041824065552875,0.009451211995708638,0.0007644499133471556
2012-07-25,1337.8900146484375,-0.11319801068586004,0.00952632143384312,0.0007644499133471556
2012-07-26,1360.02001953125,1.7169229769719458,0.009110025994986459,0.0007644499133471556
2012-07-27,1385.969970703125,1.8228567200217838,0.009949418611950138,0.0007644499133471556
2012-07-30,1385.300048828125,-0.1132864428668768,0.011015672541013705,0.0007644499133471556
2012-07-31,1379.3199462890625,-0.4841273581777945,0.010515048558147918,0.0007644499133471556
2012-08-01,1375.3199462890625,-0.36119521847086317,0.010156952881668678,0.0007644499133471556
2012-08-02,1365.0,-0.8497400473445983,0.009763472444789607,0.0007644499133471556
2012-08-03,1390.989990234375,1.8715632536326208,0.009669370370907942,0.0007644499133471556
2012-08-06,1394.22998046875,0.14487309354400316,0.0107826151322989,0.0007644499133471556
2012-08-07,1401.3499755859375,0.4203472334043727,0.010299372721411413,0.0007644499133471556
2012-08-08,1402.219970703125,-0.014494651246477488,0.009922012158030567,0.0007644499133471556
2012-08-09,1402.800048828125,-0.03702169072544672,0.009476874537579697,0.0007644499133471556
2012-08-10,1405.8699951171875,0.1569429414858108,0.009058073847087705,0.0007644499133471556
2012-08-13,1404.1099853515625,-0.2325450333138184,0.008674169311623165,0.0007644499133471556
2012-08-14,1403.9300537109375,-0.10721838935339822,0.008325106642154913,0.0007644499133471556
2012-08-15,1405.530029296875,0.04694337569381916,0.007978585062667886,0.0007644499133471556
2012-08-16,1415.510009765625,0.8250449719961386,0.007649244208942161,0.0007644499133471556
2012-08-17,1418.1600341796875,0.14568871369490569,0.007591074133893036,0.0007644499133471556
2012-08-20,1418.1300048828125,-0.10772832359467954,0.007292650073678277,0.0007644499133471556
2012-08-21,1413.1700439453125,-0.6089372004104899,0.007009124627161245,0.0007644499133471556
2012-08-22,1413.489990234375,-0.07836984380656742,0.006865807863780228,0.0007644499133471556
2012-08-23,1402.0799560546875,-1.3423546267328552,0.006607381786031455,0.0007644499133471556
2012-08-24,1411.1300048828125,0.8189990899124999,0.006922521037869323,0.0007644499133471556
2012-08-27,1410.43994140625,-0.1821426710888829,0.006882430824009769,0.0007644499133471556
2012-08-28,1409.300048828125,-0.23717511198547686,0.006632057398331718,0.0007644499133471556
2012-08-29,1410.489990234375,0.012418917281848558,0.006404990801298149,0.0007644499133471556
2012-08-30,1399.47998046875,-1.3929290564599426,0.006174671712914962,0.0007644499133471556
2012-08-31,1406.5799560546875,0.658976878780195,0.006519226990558751,0.0007644499133471556
2012-09-04,1404.93994140625,-0.30086439334362736,0.006418470509501844,0.0007644499133471556
2012-09-05,1403.43994140625,-0.2948525264382706,0.00621558712341453,0.0007644499133471556
2012-09-06,1432.1199951171875,3.231125369025733,0.006024243715597132,0.0007644499133471556
2012-09-07,1437.9200439453125,0.39276306721074855,0.00834433109729566,0.0007644499133471556
2012-09-10,1429.0799560546875,-0.8604790747028143,0.00805511228776116,0.0007644499133471556
2012-09-11,1433.56005859375,0.2953853895678605,0.008008528084501804,0.0007644499133471556
2012-09-12,1436.56005859375,0.17197338063343576,0.007710819455694094,0.0007644499133471556
2012-09-13,1459.989990234375,2.0806101704269175,0.007408270160159028,0.0007644499133471556
2012-09-14,1465.77001953125,0.37291318357299974,0.008545381391261972,0.0007644499133471556
2012-09-17,1461.18994140625,-0.47261780770198675,0.008239284915112829,0.0007644499133471556
2012-09-18,1459.3199462890625,-0.25616289006191434,0.00798337747114813,0.0007644499133471556
2012-09-19,1461.050048828125,0.0547496234762323,0.007678625063231827,0.0007644499133471556
2012-09-20,1460.260009765625,-0.17716233075949775,0.0073679878819189444,0.0007644499133471556
2012-09-21,1460.1500244140625,-0.1184959339373245,0.007086924767464035,0.0007644499133471556
2012-09-24,1456.8900146484375,-0.44000779828411624,0.006817151865090898,0.0007644499133471556
2012-09-25,1441.5899658203125,-1.7091601893222144,0.006624211939083758,0.0007644499133471556
2012-09-26,1433.3199462890625,-0.8970088069319724,0.007266041397498123,0.0007644499133471556
2012-09-27,1447.1500244140625,1.2171304233909572,0.0072615700216118765,0.0007644499133471556
2012-09-28,1440.6700439453125,-0.7016414386800806,0.007485672682038952,0.0007644499133471556
2012-10-01,1444.489990234375,0.2557489566033484,0.007364830651367167,0.0007644499133471556
2012-10-02,1445.75,0.015142774740092662,0.007096243308312045,0.0007644499133471556
2012-10-03,1450.989990234375,0.4183223283505876,0.006821073574860928,0.0007644499133471556
2012-10-04,1461.4000244140625,0.9641518702706414,0.006621749140576876,0.0007644499133471556
2012-10-05,1460.9300537109375,-0.16278532658283576,0.006671921973689721,0.0007644499133471556
2012-10-08,1455.8800048828125,-0.6571428040093313,0.006432656243034863,0.0007644499133471556
2012-10-09,1441.47998046875,-1.6897610891539474,0.006334997365721602,0.0007644499133471556
2012-10-10,1432.56005859375,-1.004827053886171,0.006938214345309684,0.0007644499133471556
2012-10-11,1432.8399658203125,-0.08119993633215596,0.007008373430672472,0.0007644499133471556
2012-10-12,1428.5899658203125,-0.5540716962561832,0.006740995605082788,0.0007644499133471556
2012-10-15,1440.1300048828125,1.1049837858088474,0.006589255817894265,0.0007644499133471556
2012-10-16,1454.9200439453125,1.4047495122162512,0.006729388991856167,0.0007644499133471556
2012-10-17,1460.9100341796875,0.4710770625268123,0.007098957853455896,0.0007644499133471556
2012-10-18,1457.3399658203125,-0.4653567510119866,0.006900447416436857,0.0007644499133471556
2012-10-19,1433.18994140625,-2.604015100439929,0.006710634861691449,0.0007644499133471556
2012-10-22,1433.8199462890625,-0.03868747747447992,0.00839972663016491,0.0007644499133471556
2012-10-23,1413.1099853515625,-1.9035940819348942,0.008044616774874443,0.0007644499133471556
2012-10-24,1408.75,-0.42675352184375787,0.009032385673775945,0.0007644499133471556
2012-10-25,1412.969970703125,0.25535220321037144,0.00871978000210619,0.0007644499133471556
2012-10-26,1411.93994140625,-0.17839678578809084,0.00837289458659785,0.0007644499133471556
2012-10-31,1412.1600341796875,-0.07577066252480211,0.008031899706135137,0.0007644499133471556
2012-11-01,1427.5899658203125,1.3119261461663485,0.007700709919655655,0.0007644499133471556
2012-11-02,1414.199951171875,-1.2714397927305443,0.008013095244061503,0.0007644499133471556
2012-11-05,1417.260009765625,0.16843640957572859,0.008294058483135379,0.0007644499133471556
2012-11-06,1428.3900146484375,0.8871053425593498,0.007956280805408125,0.0007644499133471556
2012-11-07,1394.530029296875,-3.1218110570758117,0.007929670835281028,0.0007644499133471556
2012-11-08,1377.510009765625,-1.213041253507804,0.010753453923463236,0.0007644499133471556
2012-11-09,1379.8499755859375,0.08468067894982201,0.01101551591275232,0.0007644499133471556
2012-11-12,1380.030029296875,-0.06031027622383803,0.010511816169530518,0.0007644499133471556
2012-11-13,1374.530029296875,-0.47413966159891635,0.010034666520087963,0.0007644499133471556
2012-11-14,1355.489990234375,-1.5178111293853418,0.009693775511866959,0.0007644499133471556
2012-11-15,1353.3299560546875,-0.22892319490554375,0.010305927589982049,0.0007644499133471556
2012-11-16,1359.8800048828125,0.4119310678863757,0.009865303053445547,0.0007644499133471556
2012-11-19,1386.8900146484375,1.9885927276270194,0.009505680355553346,0.0007644499133471556
2012-11-20,1387.81005859375,-0.00939362530632054,0.010782150045022025,0.0007644499133471556
2012-11-21,1391.030029296875,0.15095984242631316,0.010287793910374094,0.0007644499133471556
2012-11-23,1409.1500244140625,1.2384414895207267,0.009833126763488768,0.0007644499133471556
2012-11-26,1406.2900390625,-0.27654871172952444,0.010110675132734628,0.0007644499133471556
2012-11-27,1398.93994140625,-0.6195107714737911,0.009692718633914736,0.0007644499133471556
2012-11-28,1409.9300537109375,0.7477615702149081,0.009442690194347373,0.0007644499133471556
2012-11-29,1415.949951171875,0.37664302082598167,0.009282273824874464,0.0007644499133471556
2012-11-30,1416.1800537109375,-0.06734065941635542,0.008938961757966345,0.0007644499133471556
2012-12-03,1409.4599609375,-0.6454945046149855,0.008553084557862006,0.0007644499133471556
2012-12-04,1407.050048828125,-0.29606904974803033,0.00836198753807037,0.0007644499133471556
2012-12-05,1409.280029296875,0.10182745880881929,0.008044566277331798,0.0007644499133471556
2012-12-06,1413.93994140625,0.32882306572811965,0.0077144404080814275,0.0007644499133471556
2012-12-07,1418.0699462890625,0.289222231648375,0.007441378464363383,0.0007644499133471556
2012-12-10,1418.550048828125,-0.05936626120611513,0.007174894539718526,0.0007644499133471556
2012-12-11,1427.8399658203125,0.8357266564750798,0.006895892762656741,0.0007644499133471556
2012-12-12,1428.47998046875,-0.04607124455293443,0.006865683409681269,0.0007644499133471556
2012-12-13,1419.449951171875,-1.0756940029301085,0.006605911970318199,0.0007644499133471556
2012-12-14,1413.5799560546875,-0.7297231586113369,0.006726421568118272,0.0007644499133471556
2012-12-17,1430.3599853515625,1.6600272211772844,0.006648227199935321,0.0007644499133471556
2012-12-18,1446.7900390625,1.471055796833674,0.0072442770535054764,0.0007644499133471556
2012-12-19,1435.81005859375,-1.089885407863632,0.0076912631508662425,0.0007644499133471556
2012-12-20,1443.68994140625,0.6024983844059094,0.007815215612344613,0.0007644499133471556
2012-12-21,1430.1500244140625,-1.3345906470214408,0.007633347638265203,0.0007644499133471556
2012-12-24,1426.6600341796875,-0.4027253535212302,0.007965053246751834,0.0007644499133471556
2012-12-26,1419.8299560546875,-0.7226136868029586,0.0076990054366212115,0.0007644499133471556
2012-12-27,1418.0999755859375,-0.261653216711247,0.007581159729454595,0.0007644499133471556
2012-12-28,1402.4300537109375,-1.626632041650411,0.00730091089086081,0.0007644499133471556
2012-12-31,1426.18994140625,2.0285239134273776,0.007905047236758991,0.0007644499133471556
2013-01-02,1462.4200439453125,2.6905355501209205,0.009039711831444508,0.0007644499133471556
2013-01-03,1459.3699951171875,-0.24959856771296005,0.011427330545229049,0.0007644499133471556
2013-01-04,1466.469970703125,0.37403530101175986,0.010931722365706213,0.0007644499133471556
2013-01-07,1461.8900146484375,-0.3705604424054734,0.010504232851197462,0.0007644499133471556
2013-01-08,1457.1500244140625,-0.3973666866221449,0.010096692121288341,0.0007644499133471556
2013-01-09,1461.02001953125,0.194230539540129,0.009719869232739405,0.0007644499133471556
2013-01-10,1472.1199951171875,0.731293359814534,0.009304405823661993,0.0007644499133471556
2013-01-11,1472.050048828125,-0.08886205322773832,0.0091373651500461,0.0007644499133471556
2013-01-14,1470.6800537109375,-0.19396939998209137,0.00874135208142873,0.0007644499133471556
2013-01-15,1472.3399658203125,0.04337981305117413,0.00838139577799102,0.0007644499133471556
2013-01-16,1472.6300048828125,-0.07069126405164083,0.008027546416150446,0.0007644499133471556
2013-01-17,1480.93994140625,0.6318092696174581,0.007696326821782139,0.0007644499133471556
2013-01-18,1485.97998046875,0.34953081707436684,0.007533076730810068,0.0007644499133471556
2013-01-22,1492.56005859375,0.5022207210370601,0.007275449939260345,0.0007644499133471556
2013-01-23,1494.81005859375,0.10481026379969412,0.007078429001608216,0.0007644499133471556
2013-01-24,1494.8199462890625,-0.11131328032958093,0.006808129717846992,0.0007644499133471556
2013-01-25,1502.9599609375,0.7118087666740042,0.0065554949123829654,0.0007644499133471556
2013-01-28,1500.1800537109375,-0.40392853769823556,0.006475858831478414,0.0007644499133471556
2013-01-29,1507.8399658203125,0.6879097967901875,0.006292327697693936,0.0007644499133471556
2013-01-30,1501.9599609375,-0.751869104536715,0.0062134413515733755,0.0007644499133471556
2013-01-31,1498.1099853515625,-0.5402923276996711,0.006165258510927396,0.0007644499133471556
2013-02-01,1513.1700439453125,1.5299138762776392,0.006038289771669513,0.0007644499133471556
2013-02-04,1495.7099609375,-1.9070965945545226,0.006486447859180526,0.0007644499133471556
2013-02-05,1511.2900390625,1.312062391271507,0.0073153398592661276,0.0007644499133471556
2013-02-06,1512.1199951171875,-0.02827198273934962,0.007619913191068306,0.0007644499133471556
2013-02-07,1509.3900146484375,-0.3516757236334949,0.0073120798405858604,0.0007644499133471556
2013-02-08,1517.9300537109375,0.6901403748230391,0.007067467503182462,0.0007644499133471556
2013-02-11,1517.010009765625,-0.197022331782208,0.006957339041650801,0.0007644499133471556
2013-02-12,1519.4300537109375,0.12373604169497363,0.006704200432578963,0.0007644499133471556
2013-02-13,1520.3299560546875,-0.02668474220662851,0.006459201937266015,0.0007644499133471556
2013-02-14,1521.3800048828125,-0.011889329690304352,0.00622546856900675,0.0007644499133471556
2013-02-15,1519.7900390625,-0.3013213139925873,0.006007134660926453,0.0007644499133471556
2013-02-19,1530.93994140625,1.1226564573870115,0.005830140186649956,0.0007644499133471556
2013-02-20,1511.949951171875,-2.212646304478361,0.005986569709104875,0.0007644499133471556
2013-02-21,1502.4200439453125,-1.0021164382863392,0.007072486896964119,0.0007644499133471556
2013-02-22,1515.5999755859375,1.1163828621519698,0.007138915997030387,0.0007644499133471556
2013-02-25,1487.8499755859375,-2.641641738883731,0.007284759782094182,0.0007644499133471556
2013-02-26,1496.93994140625,0.5814426231061163,0.009160709479408306,0.0007644499133471556
2013-02-27,1515.989990234375,1.3332792527422226,0.00891129835046608,0.0007644499133471556
2013-02-28,1514.6800537109375,-0.17564885454206172,0.00927363505472978,0.0007644499133471556
2013-03-01,1518.199951171875,0.17530162163525911,0.008880177614206728,0.0007644499133471556
2013-03-04,1525.199951171875,0.45076660794184886,0.008509229759754733,0.0007644499133471556
2013-03-05,1539.7900390625,1.0637039738200484,0.00823170936149396,0.0007644499133471556
2013-03-06,1541.4599609375,0.03834177640433012,0.008332298918509319,0.0007644499133471556
2013-03-07,1544.260009765625,0.13160794557603084,0.00798123319425611,0.0007644499133471556
2013-03-08,1551.1800537109375,0.484048014765077,0.0076576676002003165,0.0007644499133471556
2013-03-11,1556.219970703125,0.3334761049300847,0.007434922370363971,0.0007644499133471556
2013-03-12,1552.47998046875,-0.4416586989476438,0.007178835869651918,0.0007644499133471556
2013-03-13,1554.52001953125,0.07876517888494536,0.006966774551799872,0.0007644499133471556
2013-03-14,1563.22998046875,0.7196307527629204,0.006701912372571616,0.0007644499133471556
2013-03-15,1560.699951171875,-0.36015566119253095,0.006619981081073055,0.0007644499133471556
2013-03-18,1552.0999755859375,-0.9801526842046496,0.006417388178123773,0.0007644499133471556
2013-03-19,1548.3399658203125,-0.49219589098472183,0.006480996080323642,0.0007644499133471556
2013-03-20,1558.7099609375,0.9349410797935133,0.006322017536951313,0.0007644499133471556
2013-03-21,1545.800048828125,-1.4274764060144571,0.006361838017839896,0.0007644499133471556
2013-03-22,1556.8900146484375,0.9473502689645977,0.006739000451153419,0.0007644499133471556
2013-03-25,1551.68994140625,-0.6064972317267501,0.006776748514733837,0.0007644499133471556
2013-03-26,1563.77001953125,1.0522939824200057,0.006643118176169222,0.0007644499133471556
2013-03-27,1562.8499755859375,-0.20050128375107068,0.006747951637015528,0.0007644499133471556
2013-03-28,1569.18994140625,0.5045833523341398,0.0065083666903644945,0.0007644499133471556
2013-04-01,1562.1700439453125,-0.8262326895281162,0.006351802398063547,0.0007644499133471556
2013-04-02,1570.25,0.6938337126257025,0.006333627071645242,0.0007644499133471556
2013-04-03,1553.68994140625,-1.8170732848038489,0.0062554346196418385,0.0007644499133471556
2013-04-04,1559.97998046875,0.4698193036043789,0.006972529809350758,0.0007644499133471556
2013-04-05,1553.280029296875,-0.7475490094910316,0.0067802846608087195,0.0007644499133471556
2013-04-08,1563.0699462890625,0.8226091152221541,0.006708543279919116,0.0007644499133471556
2013-04-09,1568.6099853515625,0.4153947140593698,0.006677061116463552,0.0007644499133471556
2013-04-10,1587.72998046875,1.7503387325024846,0.0064850267010734845,0.0007644499133471556
2013-04-11,1593.3699951171875,0.38866849808941517,0.007156500410767823,0.0007644499133471556
2013-04-12,1588.8499755859375,-0.5202146694305413,0.006930308666310647,0.0007644499133471556
2013-04-15,1552.3599853515625,-3.5516287866537217,0.0067570615921047576,0.0007644499133471556
2013-04-16,1574.5699462890625,1.367194385835347,0.00983136783911289,0.0007644499133471556
2013-04-17,1552.010009765625,-1.481191271297046,0.01025915011369539,0.0007644499133471556
2013-04-18,1541.6099853515625,-0.6901242915579618,0.010850227958194627,0.0007644499133471556
2013-04-19,1555.25,0.7585968389626259,0.010604498627635205,0.0007644499133471556
2013-04-22,1562.5,0.37305641260831574,0.010417588790145363,0.0007644499133471556
2013-04-23,1578.780029296875,0.9586152871011326,0.01001534507261904,0.0007644499133471556
2013-04-24,1578.7900390625,-0.07574129984734712,0.010009199007704495,0.0007644499133471556
2013-04-25,1585.1600341796875,0.34116734025548456,0.009561772968072918,0.0007644499133471556
2013-04-26,1582.239990234375,-0.28374768349743057,0.009192186814411607,0.0007644499133471556
2013-04-29,1593.6099853515625,0.7246745993006567,0.008825844678746239,0.0007644499133471556
2013-04-30,1597.5699462890625,0.19807568779069112,0.008670258951969748,0.0007644499133471556
2013-05-01,1582.699951171875,-1.2165742700149202,0.008315088369234946,0.0007644499133471556
2013-05-02,1597.5899658203125,1.005874098186597,0.008549334268052971,0.0007644499133471556
2013-05-03,1614.4200439453125,1.1296024467844887,0.008600471840759641,0.0007644499133471556
2013-05-06,1617.5,0.13035346745351836,0.008757045266508352,0.0007644499133471556
2013-05-07,1625.9599609375,0.5308258616766084,0.00838728774899646,0.0007644499133471556
2013-05-08,1632.68994140625,0.41312174416821273,0.00814793460006996,0.0007644499133471556
2013-05-09,1626.6700439453125,-0.5660983210670762,0.007875607074256274,0.0007644499133471556
2013-05-10,1633.699951171875,0.4622714029226254,0.007674915289604304,0.0007644499133471556
2013-05-13,1633.77001953125,-0.09693699902938031,0.00744361257004592,0.0007644499133471556
2013-05-14,1650.3399658203125,1.3044411858647906,0.007149894649807433,0.0007644499133471556
2013-05-15,1658.780029296875,0.5825132634232355,0.007444729329215045,0.0007644499133471556
2013-05-16,1650.469970703125,-0.7959135072422446,0.0072706165256680765,0.0007644499133471556
2013-05-17,1667.469970703125,1.315791812188327,0.007207038366840165,0.0007644499133471556
2013-05-20,1666.2900390625,-0.19597845382844273,0.007512654015238018,0.0007644499133471556
2013-05-21,1669.1600341796875,0.13237466042289447,0.007225361459660231,0.0007644499133471556
2013-05-22,1655.3499755859375,-1.305748502916402,0.006948140594350396,0.0007644499133471556
2013-05-23,1650.510009765625,-0.509998052971834,0.007240351206119551,0.0007644499133471556
2013-05-24,1649.5999755859375,-0.1867185631758344,0.007047865996573638,0.0007644499133471556
2013-05-28,1660.06005859375,0.8186089164250386,0.006787749417730407,0.0007644499133471556
2013-05-29,1648.3599853515625,-1.160807438969272,0.006751667755913203,0.0007644499133471556
2013-05-30,1654.4100341796875,0.41833465157442595,0.006930277446668739,0.0007644499133471556
2013-05-31,1630.739990234375,-2.256549559159178,0.006724880813545557,0.0007644499133471556
2013-06-03,1640.4200439453125,0.6460618162355469,0.007977549232712189,0.0007644499133471556
2013-06-04,1631.3800048828125,-0.80548166579983,0.00780961030653172,0.0007644499133471556
2013-06-05,1608.9000244140625,-1.8926782113920197,0.007735073172582256,0.0007644499133471556
2013-06-06,1622.56005859375,0.8862941912757181,0.008676582004689227,0.0007644499133471556
2013-06-07,1643.3800048828125,1.3882019978806432,0.008633804469303924,0.0007644499133471556
2013-06-10,1642.81005859375,-0.12283529144038587,0.009047265683604734,0.0007644499133471556
2013-06-11,1626.1300048828125,-1.2667502588062247,0.00865972911543433,0.0007644499133471556
2013-06-12,1612.52001953125,-1.024793399807645,0.008947390589282879,0.0007644499133471556
2013-06-13,1636.3599853515625,1.5439058182835157,0.00901066568910196,0.0007644499133471556
2013-06-14,1626.72998046875,-0.693013859995123,0.009620083176766537,0.0007644499133471556
2013-06-17,1639.0400390625,0.719326595724124,0.009417732765111951,0.0007644499133471556
2013-06-18,1651.81005859375,0.7572637093373009,0.009239203502250161,0.0007644499133471556
2013-06-19,1628.9300537109375,-1.6183144260534505,0.009091404615176563,0.0007644499133471556
2013-06-20,1588.18994140625,-2.662733930872439,0.009799279606241459,0.0007644499133471556
2013-06-21,1592.4300537109375,0.15430907585841114,0.0123244153307185,0.0007644499133471556
2013-06-24,1573.0899658203125,-1.1042411114950488,0.011758137546061009,0.0007644499133471556
2013-06-25,1588.030029296875,0.7302410365927837,0.011897450582197353,0.0007644499133471556
2013-06-26,1603.260009765625,0.7536606574645038,0.011650256207325533,0.0007644499133471556
2013-06-27,1613.199951171875,0.4738678383054415,0.01142985648977151,0.0007644499133471556
2013-06-28,1606.280029296875,-0.45924147502363316,0.01102522130335571,0.0007644499133471556
2013-07-01,1614.9599609375,0.43500526263341216,0.010631479876922837,0.0007644499133471556
2013-07-02,1614.0799560546875,-0.1278236548911428,0.010244634332457904,0.0007644499133471556
2013-07-03,1615.4100341796875,0.0060534498177439765,0.009789125707227966,0.0007644499133471556
2013-07-05,1631.8900146484375,1.0036378172566758,0.009351576463642246,0.0007644499133471556
2013-07-08,1640.4599609375,0.4762447805865261,0.009392974963378393,0.0007644499133471556
2013-07-09,1652.3199462890625,0.7089302021106264,0.009082998583421945,0.0007644499133471556
2013-07-10,1652.6199951171875,-0.06542502194070718,0.008909037114995294,0.0007644499133471556
2013-07-11,1675.02001953125,1.4896239229479304,0.008524811300610764,0.0007644499133471556
2013-07-12,1680.18994140625,0.2561639567157085,0.009046082583169232,0.0007644499133471556
2013-07-15,1682.5,0.07020810947168978,0.00868112306107263,0.0007644499133471556
2013-07-16,1676.260009765625,-0.539079445689482,0.008310658784855169,0.0007644499133471556
2013-07-17,1680.9100341796875,0.24828606715938395,0.008078410351408953,0.0007644499133471556
2013-07-18,1689.3699951171875,0.5479734898191204,0.007766601628966374,0.0007644499133471556
2013-07-19,1692.0899658203125,0.11163229096035178,0.007563274560031823,0.0007644499133471556
2013-07-22,1695.530029296875,0.1743717116732707,0.007263291831720923,0.0007644499133471556
2013-07-23,1692.3900146484375,-0.37464097952466613,0.006988300599163903,0.0007644499133471556
2013-07-24,1685.93994140625,-0.6771597191374067,0.006767904991312134,0.0007644499133471556
2013-07-25,1690.25,0.26841443126451087,0.006664172501510984,0.0007644499133471556
2013-07-26,1691.6500244140625,0.009860115367896894,0.006440241538027292,0.0007644499133471556
2013-07-29,1685.3299560546875,-0.7261272071131606,0.006207568101786359,0.0007644499133471556
2013-07-30,1685.9599609375,-0.06354573120146059,0.006148372528351372,0.0007644499133471556
2013-07-31,1685.72998046875,-0.15175314029999074,0.005936407164719683,0.0007644499133471556
2013-08-01,1706.8699951171875,2.036458979682061,0.00574435254222296,0.0007644499133471556
2013-08-02,1709.6700439453125,0.1321340899938024,0.006619519418803256,0.0007644499133471556
2013-08-05,1707.1400146484375,-0.3519031878005859,0.00638067760893145,0.0007644499133471556
2013-08-06,1697.3699951171875,-1.0506330061748554,0.00619048012548231,0.0007644499133471556
2013-08-07,1690.9100341796875,-0.7266293960912195,0.0062997390415433455,0.0007644499133471556
2013-08-08,1697.47998046875,0.4991936519470932,0.0062370007081527555,0.0007644499133471556
2013-08-09,1691.4200439453125,-0.7123777978170253,0.006093393095736212,0.0007644499133471556
2013-08-12,1689.469970703125,-0.31791488091766296,0.006033173937425105,0.0007644499133471556
2013-08-13,1694.1600341796875,0.34276540185253324,0.00585753428750371,0.0007644499133471556
2013-08-14,1685.3900146484375,-1.0450662704322984,0.005697737368121299,0.0007644499133471556
2013-08-15,1661.3199462890625,-2.60693215917346,0.005811050666585849,0.0007644499133471556
2013-08-16,1655.8299560546875,-0.5583307396753763,0.007297677249857715,0.0007644499133471556
2013-08-19,1646.06005859375,-0.9384398794509933,0.007120571084862911,0.0007644499133471556
2013-08-20,1652.3499755859375,0.4267938944471512,0.007145048757021513,0.0007644499133471556
2013-08-21,1642.800048828125,-0.9466843922376516,0.006930313243240854,0.0007644499133471556
2013-08-22,1656.9599609375,1.122669213280945,0.006963753648520491,0.0007644499133471556
2013-08-23,1663.5,0.4462332282844775,0.007114647219507525,0.0007644499133471556
2013-08-26,1656.780029296875,-0.6966823432906056,0.006907436638448546,0.0007644499133471556
2013-08-27,1630.47998046875,-2.4631376982640587,0.0068067608052715224,0.0007644499133471556
2013-08-28,1634.9599609375,0.23754768859412134,0.00833275797098539,0.0007644499133471556
2013-08-29,1638.1700439453125,0.14954991141877974,0.008004195551788081,0.0007644499133471556
2013-08-30,1632.969970703125,-0.5134353652652143,0.007681233847117559,0.0007644499133471556
2013-09-03,1639.77001953125,0.4540726930133782,0.007468243225787916,0.0007644499133471556
2013-09-04,1653.0799560546875,1.0103369546127232,0.007244848346677485,0.0007644499133471556
2013-09-05,1655.0799560546875,0.06079499810197631,0.007314444280009399,0.0007644499133471556
2013-09-06,1655.1700439453125,-0.10104578423673145,0.007026718224102042,0.0007644499133471556
2013-09-09,1671.7099609375,1.3579316916700048,0.006759421171130262,0.0007644499133471556
2013-09-10,1683.989990234375,0.9243834752193137,0.0070906617731349795,0.0007644499133471556
2013-09-11,1689.1300048828125,0.3212581964222162,0.007107008399781448,0.0007644499133471556
2013-09-12,1683.4200439453125,-0.6044263871501723,0.006866992952969311,0.0007644499133471556
2013-09-13,1687.989990234375,0.28930556734558366,0.006728359075893837,0.0007644499133471556
2013-09-16,1697.5999755859375,0.7552774315872088,0.006504309776806051,0.0007644499133471556
2013-09-17,1704.760009765625,0.5343058790955612,0.006446531505578056,0.0007644499133471556
2013-09-18,1725.52001953125,1.7991263126984889,0.006302876882535498,0.0007644499133471556
2013-09-19,1722.3399658203125,-0.3723693267295483,0.0070067641842146275,0.0007644499133471556
2013-09-20,1709.9100341796875,-1.1802229935579196,0.006784738070604016,0.0007644499133471556
2013-09-23,1701.8399658203125,-0.7875567224922742,0.006977540408655606,0.0007644499133471556
2013-09-24,1697.4200439453125,-0.48633820990328336,0.006918994523889482,0.0007644499133471556
2013-09-25,1692.77001953125,-0.5208212468297642,0.006734892420530204,0.0007644499133471556
2013-09-26,1698.6700439453125,0.41311451727824317,0.00657182408533523,0.0007644499133471556
2013-09-27,1691.75,-0.7590370621495361,0.006385158009367232,0.0007644499133471556
2013-09-30,1681.550048828125,-1.0755199890606209,0.006333615333814273,0.0007644499133471556
2013-10-01,1695.0,1.1154955987498412,0.006456569419127576,0.0007644499133471556
2013-10-02,1693.8699951171875,-0.21672315829006591,0.006604470860341959,0.0007644499133471556
2013-10-03,1678.6600341796875,-1.5345381817243664,0.006376134872646406,0.0007644499133471556
2013-10-04,1690.5,0.9153585317407941,0.006843238549406469,0.0007644499133471556
2013-10-07,1676.1199951171875,-1.3567986624516526,0.006859674694364171,0.0007644499133471556
2013-10-08,1655.449951171875,-1.8315490578035174,0.007192381655465223,0.0007644499133471556
2013-10-09,1656.4000244140625,-0.023812272590329003,0.008008819066635862,0.0007644499133471556
2013-10-10,1692.56005859375,2.7134556427442256,0.007676990418174644,0.0007644499133471556
2013-10-11,1703.199951171875,0.5639002702930672,0.009757302831439562,0.0007644499133471556
2013-10-14,1710.1400146484375,0.3485465042224632,0.00947360306857037,0.0007644499133471556
2013-10-15,1698.06005859375,-0.8619511727332203,0.00911100277548615,0.0007644499133471556
2013-10-16,1721.5400390625,1.4344170712594895,0.00904085335682619,0.0007644499133471556
2013-10-17,1733.1500244140625,0.6256763365675809,0.009520680505625151,0.0007644499133471556
2013-10-18,1744.5,0.6209473098617356,0.009280909118615528,0.0007644499133471556
2013-10-21,1744.6600341796875,-0.07435125944492131,0.009047831990537342,0.0007644499133471556
2013-10-22,1754.6700439453125,0.5726280375001334,0.008655996566145997,0.0007644499133471556
2013-10-23,1746.3800048828125,-0.6529435183867935,0.008423704345780289,0.0007644499133471556
2013-10-24,1752.0699462890625,0.30192954502663605,0.00824162017926697,0.0007644499133471556
2013-10-25,1759.77001953125,0.4564553968143341,0.00793235112279829,0.0007644499133471556
2013-10-28,1762.1099853515625,0.0734288807369581,0.007685894163517563,0.0007644499133471556
2013-10-29,1771.949951171875,0.651355463155621,0.007375713527406459,0.0007644499133471556
2013-10-30,1763.31005859375,-0.7812482780171411,0.0072349594449825395,0.0007644499133471556
2013-10-31,1756.5400390625,-0.6436168488610705,0.007164542832347256,0.0007644499133471556
2013-11-01,1761.6400146484375,0.30369983796811073,0.007029192090272411,0.0007644499133471556
2013-11-04,1767.9300537109375,0.41233638086693486,0.006789964685785319,0.0007644499133471556
2013-11-05,1762.969970703125,-0.5422732286082351,0.006590737976979237,0.0007644499133471556
2013-11-06,1770.489990234375,0.5420387924029234,0.006442378014052975,0.0007644499133471556
2013-11-07,1747.1500244140625,-2.227220006725342,0.006301526508634985,0.0007644499133471556
2013-11-08,1770.6099853515625,1.687268570471085,0.007452138384469756,0.0007644499133471556
2013-11-11,1771.8900146484375,-0.005138530138246331,0.00813070026840509,0.0007644499133471556
2013-11-12,1767.68994140625,-0.40271581746260376,0.0077912394371211224,0.0007644499133471556
2013-11-13,1782.0,0.9686590390707593,0.007534439377299894,0.0007644499133471556
2013-11-14,1790.6199951171875,0.5363911263036774,0.0075712417822592516,0.0007644499133471556
2013-11-15,1798.1800537109375,0.4677802507928431,0.007372471058127632,0.0007644499133471556
2013-11-18,1791.530029296875,-0.6243532159497334,0.007158611860520458,0.0007644499133471556
2013-11-19,1787.8699951171875,-0.40049400225879156,0.007015099290132109,0.0007644499133471556
2013-11-20,1781.3699951171875,-0.6480395585990426,0.00680002609568313,0.0007644499133471556
2013-11-21,1795.8499755859375,1.0971062411657304,0.006682356942586451,0.0007644499133471556
2013-11-22,1804.760009765625,0.6139041779459228,0.006816602227213774,0.0007644499133471556
2013-11-25,1802.47998046875,-0.30349537825621864,0.006684090915131898,0.0007644499133471556
2013-11-26,1802.75,-0.09506745526904731,0.006465479444083158,0.0007644499133471556
2013-11-27,1807.22998046875,0.27551459331209127,0.006233966569487739,0.0007644499133471556
2013-11-29,1805.81005859375,-0.2567767225032201,0.00603811885808358,0.0007644499133471556
2013-12-02,1800.9000244140625,-0.595910030923849,0.005851845525502168,0.0007644499133471556
2013-12-03,1795.1500244140625,-0.6879805827471269,0.005759473456967006,0.0007644499133471556
2013-12-04,1792.81005859375,-0.3626654721208668,0.005704412308774954,0.0007644499133471556
2013-12-05,1785.030029296875,-0.9199760321324045,0.0055582597239786724,0.0007644499133471556
2013-12-06,1805.0899658203125,1.8556131551690245,0.005610406961455512,0.0007644499133471556
2013-12-09,1808.3699951171875,0.1666730741001111,0.006305765584983143,0.0007644499133471556
2013-12-10,1802.6199951171875,-0.6484079387090101,0.0060905713413488905,0.0007644499133471556
2013-12-11,1782.219970703125,-2.0225720637843567,0.006005149485367911,0.0007644499133471556
2013-12-12,1775.5,-0.6584636264755401,0.006898085345754821,0.0007644499133471556
2013-12-13,1775.3199462890625,-0.12769640282012967,0.006780654589563285,0.0007644499133471556
2013-12-16,1786.5400390625,0.847593441167073,0.0065310819399768075,0.0007644499133471556
2013-12-17,1781.0,-0.5937652299243611,0.006518158448266825,0.0007644499133471556
2013-12-18,1810.6500244140625,2.463511478408528,0.00639187445799908,0.0007644499133471556
2013-12-19,1809.5999755859375,-0.17162126451954676,0.007834386639120412,0.0007644499133471556
2013-12-20,1818.3199462890625,0.5372821872418451,0.007524361728976929,0.0007644499133471556
2013-12-23,1827.989990234375,0.6194685256350826,0.007328183410456412,0.0007644499133471556
2013-12-24,1833.3199462890625,0.2992363673758485,0.007175111801374471,0.0007644499133471556
2013-12-26,1842.02001953125,0.5731537259557432,0.006926334991829851,0.0007644499133471556
2013-12-27,1841.4000244140625,-0.16257865154048948,0.006772666112810052,0.0007644499133471556
2013-12-30,1841.0699462890625,-0.14458789028576358,0.006526963451065409,0.0007644499133471556
2013-12-31,1848.3599853515625,0.5063221239444403,0.006295214617392766,0.0007644499133471556
2014-01-02,1831.97998046875,-1.5715283484619256,0.006150613152754415,0.0007644499133471556
2014-01-03,1831.3699951171875,-0.16531926092574284,0.006638491046731211,0.0007644499133471556
2014-01-06,1826.77001953125,-0.5122719643202679,0.0064016331080268786,0.0007644499133471556
2014-01-07,1837.8800048828125,0.8473915699486221,0.0062531840650304794,0.0007644499133471556
2014-01-08,1837.489990234375,-0.15630086068246601,0.0062487270545644805,0.0007644499133471556
2014-01-09,1838.1300048828125,-0.06895031740309437,0.006036250237976444,0.0007644499133471556
2014-01-10,1842.3699951171875,0.26398446374222595,0.005832087825484707,0.0007644499133471556
2014-01-13,1819.199951171875,-2.3709455200135907,0.005660364718993728,0.0007644499133471556
2014-01-14,1838.8800048828125,1.457376767387816,0.006858505247412859,0.0007644499133471556
2014-01-15,1848.3800048828125,0.6029704341472342,0.007278033835177218,0.0007644499133471556
2014-01-16,1845.8900146484375,-0.29669293956553605,0.007120083150163226,0.0007644499133471556
2014-01-17,1838.699951171875,-0.6789663324944455,0.00687402307006205,0.0007644499133471556
2014-01-21,1843.800048828125,0.29637385837081925,0.006766664038773981,0.0007644499133471556
2014-01-22,1844.8599853515625,-0.02900638984137759,0.006541657359521347,0.0007644499133471556
2014-01-23,1828.4599609375,-1.5380763745986723,0.0063025314204227766,0.0007644499133471556
2014-01-24,1790.2900390625,-3.2294167924168105,0.006769293883657519,0.0007644499133471556
2014-01-27,1781.56005859375,-0.6041171041118999,0.009356913962891976,0.0007644499133471556
2014-01-28,1792.5,0.5879850811430039,0.009111499391566935,0.0007644499133471556
2014-01-29,1774.199951171875,-1.2434293073949139,0.008867535738677263,0.0007644499133471556
2014-01-30,1794.18994140625,1.142792254627624,0.009135163820543014,0.0007644499133471556
2014-01-31,1782.5899658203125,-0.7791572634065975,0.009305875037211564,0.0007644499133471556
2014-02-03,1741.8900146484375,-2.601777002132157,0.009171060624442293,0.0007644499133471556
2014-02-04,1755.199951171875,0.5990960936289046,0.011429875511716899,0.0007644499133471556
2014-02-05,1751.6400146484375,-0.2517749189484959,0.011100122020396501,0.0007644499133471556
2014-02-06,1773.4300537109375,1.091890547604967,0.010622497433895544,0.0007644499133471556
2014-02-07,1797.02001953125,1.1586331630246078,0.01074519872920757,0.0007644499133471556
2014-02-10,1799.8399658203125,0.07343041291020277,0.01094308009529428,0.0007644499133471556
2014-02-11,1819.75,0.9803151730765555,0.010442484531562362,0.0007644499133471556
2014-02-12,1819.260009765625,-0.0989063302962,0.010451793712012375,0.0007644499133471556
2014-02-13,1829.8299560546875,0.5038219252887118,0.009981229106986216,0.0007644499133471556
2014-02-14,1838.6300048828125,0.4176511158445542,0.009656958449746563,0.0007644499133471556
2014-02-18,1840.760009765625,0.042251215848187355,0.009309873605175496,0.0007644499133471556
2014-02-19,1828.75,-0.8212907668500603,0.008901003130207802,0.0007644499133471556
2014-02-20,1839.780029296875,0.5960205846672848,0.008806561465518736,0.0007644499133471556
2014-02-21,1836.25,-0.3129595234367353,0.008579437228952061,0.0007644499133471556
2014-02-24,1847.6099853515625,0.6545722808431068,0.008254253650987291,0.0007644499133471556
2014-02-25,1845.1199951171875,-0.2615264508207451,0.008079643888755716,0.0007644499133471556
2014-02-26,1845.1600341796875,-0.09558662247071699,0.007770440591203731,0.0007644499133471556
2014-02-27,1854.2900390625,0.559435920831241,0.007456495623075547,0.0007644499133471556
2014-02-28,1859.449951171875,0.27699105412241154,0.007272344496370327,0.0007644499133471556
2014-03-03,1845.72998046875,-1.1649746898564761,0.007013299245847581,0.0007644499133471556
2014-03-04,1873.9100341796875,1.9996050322769334,0.00719535734835158,0.0007644499133471556
2014-03-05,1873.81005859375,-0.09965832996471194,0.00820606429288234,0.0007644499133471556
2014-03-06,1877.030029296875,0.12108813060337162,0.007866035909248824,0.0007644499133471556
2014-03-07,1878.0400390625,-0.030007087368583155,0.0075483945992237955,0.0007644499133471556
2014-03-10,1877.1700439453125,-0.16946819122298357,0.007245038409309063,0.0007644499133471556
2014-03-11,1867.6300048828125,-0.8406120590828136,0.00697057200792041,0.0007644499133471556
2014-03-12,1868.199951171875,-0.06617708979565759,0.006940855083767817,0.0007644499133471556
2014-03-13,1846.3399658203125,-1.8772642394019619,0.006677025719737726,0.0007644499133471556
2014-03-14,1841.1300048828125,-0.47908642460202583,0.007493880323940908,0.0007644499133471556
2014-03-17,1858.8299560546875,1.2096297246642576,0.007277654973413639,0.0007644499133471556
2014-03-18,1872.25,0.8577076934398916,0.007495831483498983,0.0007644499133471556
2014-03-19,1860.77001953125,-0.9267423075654678,0.007461594181717194,0.0007644499133471556
2014-03-20,1872.010009765625,0.7037068323504059,0.00747169692329556,0.0007644499133471556
2014-03-21,1866.52001953125,-0.5034297759722729,0.007352425713809531,0.0007644499133471556
2014-03-24,1857.43994140625,-0.7887384802065106,0.0071519661006439325,0.0007644499133471556
2014-03-25,1865.6199951171875,0.5120863219771955,0.007088298944326664,0.0007644499133471556
2014-03-26,1852.56005859375,-1.1282084339223146,0.00690420903976291,0.0007644499133471556
2014-03-27,1849.0400390625,-0.37770951506736067,0.007059237723594799,0.0007644499133471556
2014-03-28,1857.6199951171875,0.5654275577100336,0.006835604804470101,0.0007644499133471556
2014-03-31,1872.3399658203125,1.0665880809474644,0.006683387522123113,0.0007644499133471556
2014-04-01,1885.52001953125,0.919534140562079,0.0067971789791793245,0.0007644499133471556
2014-04-02,1890.9000244140625,0.3058194816786295,0.006817139009744752,0.0007644499133471556
2014-04-03,1888.77001953125,-0.28698840827317773,0.006590980931039213,0.0007644499133471556
2014-04-04,1865.0899658203125,-2.099015788801246,0.006374889083756286,0.0007644499133471556
2014-04-07,1845.0400390625,-1.5650395951608675,0.007394549173886809,0.0007644499133471556
2014-04-08,1851.9599609375,0.3751589343758377,0.00794086930592901,0.0007644499133471556
2014-04-09,1872.1800537109375,1.3164932727329621,0.007667786564273622,0.0007644499133471556
2014-04-10,1833.0799560546875,-2.7394000797960683,0.007983652264609162,0.0007644499133471556
2014-04-11,1815.68994140625,-1.011037137795428,0.010184106269029986,0.0007644499133471556
2014-04-14,1830.6099853515625,0.7255719203903503,0.010225393277901335,0.0007644499133471556
2014-04-15,1842.97998046875,0.5955080424751099,0.010025271160978124,0.0007644499133471556
2014-04-16,1862.31005859375,0.9919195515346978,0.009748187764278334,0.0007644499133471556
2014-04-17,1864.8499755859375,0.06122305885690498,0.009775300432890436,0.0007644499133471556
2014-04-21,1871.8900146484375,0.3215691057789076,0.009340342987707502,0.0007644499133471556
2014-04-22,1879.550048828125,0.36978409956807423,0.008976424585745626,0.0007644499133471556
2014-04-23,1875.3900146484375,-0.34466604244207344,0.008646679419746115,0.0007644499133471556
2014-04-24,1878.6099853515625,0.11421620420397101,0.008326650045954285,0.0007644499133471556
2014-04-25,1863.4000244140625,-1.1144168164874353,0.007980671617000024,0.0007644499133471556
2014-04-28,1869.4300537109375,0.30360317072017856,0.008123634688349007,0.0007644499133471556
2014-04-29,1878.3299560546875,0.5095021134478689,0.007821381866935284,0.0007644499133471556
2014-04-30,1883.949951171875,0.29251062507802206,0.007600065429285318,0.0007644499133471556
2014-05-01,1883.6800537109375,-0.12391979792728143,0.007325073740130885,0.0007644499133471556
2014-05-02,1881.1400146484375,-0.3002190371161437,0.007040875766983126,0.0007644499133471556
2014-05-05,1884.6600341796875,0.16249701876701259,0.006800233489680174,0.0007644499133471556
2014-05-06,1867.719970703125,-1.4945551287853809,0.006552773589086223,0.0007644499133471556
2014-05-07,1878.2099609375,0.691591615178066,0.006993006930023165,0.0007644499133471556
2014-05-08,1875.6300048828125,-0.3106086481299251,0.006886540857802603,0.0007644499133471556
2014-05-09,1878.47998046875,0.11324137063356109,0.006657224981593962,0.0007644499133471556
2014-05-12,1896.6500244140625,1.3815399161878363,0.006414440983667885,0.0007644499133471556
2014-05-13,1897.449951171875,-0.05073526616868045,0.006756269375319155,0.0007644499133471556
2014-05-14,1888.530029296875,-0.8420638392054807,0.006503710554215902,0.0007644499133471556
2014-05-15,1870.8499755859375,-1.5673845203655652,0.006488742210437226,0.0007644499133471556
2014-05-16,1877.8599853515625,0.4256788871744958,0.006990041073927434,0.0007644499133471556
2014-05-19,1885.0799560546875,0.453009371536763,0.006783445265011825,0.0007644499133471556
2014-05-20,1872.8299560546875,-1.104283375311219,0.006596182361106004,0.0007644499133471556
2014-05-21,1888.030029296875,1.086565350810815,0.006735803446095787,0.0007644499133471556
2014-05-22,1892.489990234375,0.23242042401789229,0.00686253924587944,0.0007644499133471556
2014-05-23,1900.530029296875,0.5248829584139993,0.00662041498744326,0.0007644499133471556
2014-05-27,1911.9100341796875,0.8052299559985534,0.006464613318721429,0.0007644499133471556
2014-05-28,1909.780029296875,-0.29214278464758076,0.006432274771640984,0.0007644499133471556
2014-05-29,1920.030029296875,0.7368506855238441,0.006226917928090186,0.0007644499133471556
2014-05-30,1923.5699462890625,0.17459550027515774,0.006171582475241661,0.0007644499133471556
2014-06-02,1924.969970703125,-0.006183101515418223,0.005966026790352697,0.0007644499133471556
2014-06-03,1924.239990234375,-0.19838392363428026,0.005765277558430077,0.0007644499133471556
2014-06-04,1927.8800048828125,0.20134791715348038,0.00558946280113692,0.0007644499133471556
2014-06-05,1940.4599609375,1.0578036613284576,0.005425990111536982,0.0007644499133471556
2014-06-06,1949.43994140625,0.6940790276950083,0.00555071321988531,0.0007644499133471556
2014-06-09,1951.27001953125,0.0315707994411531,0.005507650937499073,0.0007644499133471556
2014-06-10,1950.7900390625,-0.1892521773872899,0.005339245282017851,0.0007644499133471556
2014-06-11,1943.8900146484375,-0.8296907343436988,0.005192008162439727,0.0007644499133471556
2014-06-12,1930.1099853515625,-1.5101942063716578,0.005216937642203171,0.0007644499133471556
2014-06-13,1936.1600341796875,0.4210372996418753,0.005617576608379821,0.0007644499133471556
2014-06-16,1937.780029296875,0.013098979392108428,0.005489390836279264,0.0007644499133471556
2014-06-17,1941.989990234375,0.2641382626785038,0.005322070787044668,0.0007644499133471556
2014-06-18,1956.97998046875,1.335591451596756,0.005184813993158887,0.0007644499133471556
2014-06-19,1959.47998046875,0.09363598319661022,0.005470262225392253,0.0007644499133471556
2014-06-20,1962.8699951171875,0.181681916075932,0.005306601796988775,0.0007644499133471556
2014-06-23,1962.6099853515625,-0.17378984937736205,0.005160961756164087,0.0007644499133471556
2014-06-24,1949.97998046875,-1.4368990134517603,0.005025096645183997,0.0007644499133471556
2014-06-25,1959.530029296875,0.7672449960947177,0.005371305815412942,0.0007644499133471556
2014-06-26,1957.219970703125,-0.3624207614432807,0.005364012076031447,0.0007644499133471556
2014-06-27,1960.9599609375,0.21844109544081947,0.005239835125468311,0.0007644499133471556
2014-06-30,1960.22998046875,-0.22277875076040704,0.005102712473556707,0.0007644499133471556
2014-07-01,1973.3199462890625,1.1839321739988835,0.004975895674477142,0.0007644499133471556
2014-07-02,1974.6199951171875,-0.02046165035696852,0.005173279592665499,0.0007644499133471556
2014-07-03,1985.43994140625,0.9345909598690946,0.005029045342984666,0.0007644499133471556
2014-07-07,1977.6500244140625,-0.9200014903709094,0.005104001479147238,0.0007644499133471556
2014-07-08,1963.7099609375,-1.5160486733682488,0.005170158605537026,0.0007644499133471556
2014-07-09,1972.8299560546875,0.6942340765429856,0.005573144232819127,0.0007644499133471556
2014-07-10,1964.6800537109375,-0.8869602526674816,0.00552908455939502,0.0007644499133471556
2014-07-11,1967.5699462890625,0.1267176158500895,0.005566645805067689,0.0007644499133471556
2014-07-14,1977.0999755859375,0.7534868173202266,0.005398118082696527,0.0007644499133471556
2014-07-15,1973.280029296875,-0.5011606083374015,0.005384330764232968,0.0007644499133471556
2014-07-16,1981.5699462890625,0.6479968115712172,0.005289895003942728,0.0007644499133471556
2014-07-17,1958.1199951171875,-2.4160049657131624,0.005243803725827805,0.0007644499133471556
2014-07-18,1978.219970703125,1.4737467793675025,0.006410978547060136,0.0007644499133471556
2014-07-21,1973.6300048828125,-0.4521721301048123,0.006827922668600025,0.0007644499133471556
2014-07-22,1983.530029296875,0.6386212713767265,0.006637989437486594,0.0007644499133471556
2014-07-23,1987.010009765625,0.15151921456449305,0.006523600762496044,0.0007644499133471556
2014-07-24,1987.97998046875,-0.043925820452566516,0.0062927248244565494,0.0007644499133471556
2014-07-25,1978.3399658203125,-0.926687971935046,0.006070431612174353,0.0007644499133471556
2014-07-28,1978.9100341796875,-0.07793503474867626,0.006111969043581054,0.0007644499133471556
2014-07-29,1969.949951171875,-0.8982646273812335,0.005903069279840092,0.0007644499133471556
2014-07-30,1970.0699462890625,-0.11854861883846217,0.00593460304160622,0.0007644499133471556
2014-07-31,1930.6700439453125,-3.6526339017925524,0.005740072132136728,0.0007644499133471556
2014-08-01,1925.1500244140625,-0.42649508463823077,0.00850576307983153,0.0007644499133471556
2014-08-04,1938.989990234375,0.7784908766706202,0.008219575499285928,0.0007644499133471556
2014-08-05,1920.2099609375,-1.2933251229742313,0.008116388465835869,0.0007644499133471556
2014-08-06,1920.239990234375,-0.0889338851954581,0.008419867020779548,0.0007644499133471556
2014-08-07,1909.5699462890625,-0.7855693022596759,0.008066207961351298,0.0007644499133471556
2014-08-08,1931.5899658203125,1.3423194844559372,0.007972001277298113,0.0007644499133471556
2014-08-11,1936.9200439453125,0.23934326048327048,0.008319328100044288,0.0007644499133471556
2014-08-12,1933.75,-0.3006088732372009,0.007991887470358915,0.0007644499133471556
2014-08-13,1946.719970703125,0.7692378917948035,0.0076963410829258925,0.0007644499133471556
2014-08-14,1955.1800537109375,0.4697333872576694,0.007604203697769461,0.0007644499133471556
2014-08-15,1955.06005859375,-0.11191402818719377,0.007379099245155399,0.0007644499133471556
2014-08-18,1971.739990234375,1.090333103108605,0.0070905242482974295,0.0007644499133471556
2014-08-19,1981.5999755859375,0.5851976709559874,0.007217630000048832,0.0007644499133471556
2014-08-20,1986.510009765625,0.2424221163952105,0.0070550426447405475,0.0007644499133471556
2014-08-21,1992.3699951171875,0.3206204208802619,0.006802740015546346,0.0007644499133471556
2014-08-22,1988.4000244140625,-0.4192713503887419,0.006580523161460116,0.0007644499133471556
2014-08-25,1997.9200439453125,0.6273502252791314,0.006394998819792639,0.0007644499133471556
2014-08-26,2000.02001953125,0.04550116070958136,0.0062872897621748455,0.0007644499133471556
2014-08-27,2000.1199951171875,-0.11779330559509707,0.006065403007862763,0.0007644499133471556
2014-08-28,1996.739990234375,-0.4189348048648827,0.005861963316906487,0.0007644499133471556
2014-08-29,2003.3699951171875,0.4460130320812981,0.005718362989913385,0.0007644499133471556
2014-09-02,2002.280029296875,-0.23410964126230568,0.005589962566230126,0.0007644499133471556
2014-09-03,2000.719970703125,-0.28430949710996406,0.005430330966227132,0.0007644499133471556
2014-09-04,1997.6500244140625,-0.4349134026052535,0.005288522046645111,0.0007644499133471556
2014-09-05,2007.7099609375,0.8215144822277672,0.005184081210671302,0.0007644499133471556
2014-09-08,2001.5400390625,-0.7380462188890357,0.005206036789195571,0.0007644499133471556
2014-09-09,1988.43994140625,-1.4111159384769594,0.005195158842826928,0.0007644499133471556
2014-09-10,1995.68994140625,0.5200090814299595,0.005528737458035881,0.0007644499133471556
2014-09-11,1997.449951171875,0.0215558409521523,0.005430864499135253,0.0007644499133471556
2014-09-12,1985.5400390625,-1.2803867167680263,0.005267826756574901,0.0007644499133471556
2014-09-15,1984.1300048828125,-0.26717402899332116,0.005520198452722355,0.0007644499133471556
2014-09-16,1998.97998046875,1.246244330015454,0.005369779625096696,0.0007644499133471556
2014-09-17,2001.5699462890625,0.09467342542618384,0.005601943347394703,0.0007644499133471556
2014-09-18,2011.3599853515625,0.7579303918567609,0.005429004111990163,0.0007644499133471556
2014-09-19,2010.4000244140625,-0.2293071748511402,0.005415589043634231,0.0007644499133471556
2014-09-22,1994.2900390625,-1.6725729520631372,0.00526736512909548,0.0007644499133471556
2014-09-23,1982.77001953125,-1.1329943462684988,0.005787937084215028,0.0007644499133471556
2014-09-24,1998.300048828125,1.182600462445558,0.005950891335484539,0.0007644499133471556
2014-09-25,1965.989990234375,-2.777500157388691,0.006144144810620614,0.0007644499133471556
2014-09-26,1982.8499755859375,0.982133078376325,0.007916250233122991,0.0007644499133471556
2014-09-29,1977.800048828125,-0.41656012564690204,0.007956836399344957,0.0007644499133471556
2014-09-30,1972.2900390625,-0.46185539751024735,0.007695626113323303,0.0007644499133471556
2014-10-01,1946.1600341796875,-1.8894987731074353,0.007463119969532147,0.0007644499133471556
2014-10-02,1946.1700439453125,-0.0906882533346468,0.008372711538450572,0.0007644499133471556
2014-10-03,1967.9000244140625,1.2888538251262611,0.008022000174878238,0.0007644499133471556
2014-10-06,1964.8199462890625,-0.28016854869150026,0.008319406034800407,0.0007644499133471556
2014-10-07,1935.0999755859375,-2.0006024233356,0.0080006243848235,0.0007644499133471556
2014-10-08,1968.8900146484375,1.816264109338161,0.009110182544289502,0.0007644499133471556
2014-10-09,1928.2099609375,-2.1456034821064685,0.010086811728332286,0.0007644499133471556
2014-10-10,1906.1300048828125,-1.0493365649928785,0.01170409032648305,0.0007644499133471556
2014-10-13,1874.739990234375,-1.4746758289217217,0.01177850940200883,0.0007644499133471556
2014-10-14,1877.699951171875,0.0654113825779488,0.012431624825397664,0.0007644499133471556
2014-10-15,1862.489990234375,-0.7510223903770628,0.011847517135883587,0.0007644499133471556
2014-10-16,1862.760009765625,-0.053314718245839055,0.011619356404527811,0.0007644499133471556
2014-10-17,1886.760009765625,1.086458774582135,0.011079447969324651,0.0007644499133471556
2014-10-20,1904.010009765625,0.7445717380952036,0.011196592324685041,0.0007644499133471556
2014-10-21,1941.280029296875,1.695644327864026,0.010981619558071006,0.0007644499133471556
2014-10-22,1927.1099853515625,-0.6778188129629704,0.011936155238289807,0.0007644499133471556
2014-10-23,1950.8199462890625,0.9844206354055691,0.01164528190078963,0.0007644499133471556
2014-10-24,1964.5799560546875,0.5378173264853943,0.011647524082768946,0.0007644499133471556
2014-10-27,1961.6300048828125,-0.20116761396493096,0.011269939268555719,0.0007644499133471556
2014-10-28,1985.050048828125,1.0309524511562511,0.01077054003907725,0.0007644499133471556
2014-10-29,1982.300048828125,-0.198626425719037,0.010828196178850837,0.0007644499133471556
2014-10-30,1994.6500244140625,0.5261006114494552,0.010352292348645719,0.0007644499133471556
2014-10-31,2018.050048828125,1.087364951951087,0.01002300497201575,0.0007644499133471556
2014-11-03,2017.81005859375,-0.08711244569516793,0.010140673042722634,0.0007644499133471556
2014-11-04,2012.0999755859375,-0.3714700837741177,0.009686656673543147,0.0007644499133471556
2014-11-05,2023.5699462890625,0.5278361695271065,0.009320810947580731,0.0007644499133471556
2014-11-06,2031.2099609375,0.3323778606408669,0.00903776721225986,0.0007644499133471556
2014-11-07,2031.9200439453125,-0.04772990405578817,0.008693182916969012,0.0007644499133471556
2014-11-10,2038.260009765625,0.2825279038863602,0.008320866979416239,0.0007644499133471556
2014-11-11,2039.6800537109375,-0.00849708220517023,0.008002545040501708,0.0007644499133471556
2014-11-12,2038.25,-0.1910873175415902,0.007670904124477553,0.0007644499133471556
2014-11-13,2039.3299560546875,-0.031836901655195204,0.007373377205147042,0.0007644499133471556
2014-11-14,2039.8199462890625,-0.0740304284842341,0.007080987852339504,0.0007644499133471556
2014-11-17,2041.3199462890625,-0.004312351197543782,0.0068086142207525405,0.0007644499133471556
2014-11-18,2051.800048828125,0.6649145418119641,0.0065518185667432895,0.0007644499133471556
2014-11-19,2048.719970703125,-0.35131807232671314,0.006452092754448425,0.0007644499133471556
2014-11-20,2052.75,0.19188475401779864,0.006257475253840251,0.0007644499133471556
2014-11-21,2063.5,0.7372038236015158,0.006048208850312764,0.0007644499133471556
2014-11-24,2069.409912109375,0.3492302314278562,0.006000282082752499,0.0007644499133471556
2014-11-25,2067.030029296875,-0.32833935848542095,0.005832810877741533,0.0007644499133471556
2014-11-26,2072.830078125,0.3592488873863791,0.005671840970978226,0.0007644499133471556
2014-11-28,2067.56005859375,-0.5988898656412728,0.005527083926883631,0.0007644499133471556
2014-12-01,2053.43994140625,-1.3969685722185488,0.005452691928555362,0.0007644499133471556
2014-12-02,2066.550048828125,0.9683667884059286,0.0057826403306529784,0.0007644499133471556
2014-12-03,2074.330078125,0.5113918960683688,0.00585309220519923,0.0007644499133471556
2014-12-04,2071.919921875,-0.3360499873735456,0.005734330360176343,0.0007644499133471556
2014-12-05,2075.3701171875,0.1611474193101997,0.005581111316729424,0.0007644499133471556
2014-12-08,2060.31005859375,-1.486347773050372,0.005414259172028788,0.0007644499133471556
2014-12-09,2059.820068359375,-0.17265897674081174,0.005805094864461727,0.0007644499133471556
2014-12-10,2026.1400146484375,-3.0673752990677574,0.005623886683066999,0.0007644499133471556
2014-12-11,2035.3299560546875,0.4948817957877019,0.0075997623882835975,0.0007644499133471556
2014-12-12,2002.3299560546875,-2.3173449935537898,0.0073838447674400755,0.0007644499133471556
2014-12-15,1989.6300048828125,-0.8074746975086153,0.008826575256239593,0.0007644499133471556
2014-12-16,1972.739990234375,-1.0647730276050982,0.008724591568235456,0.0007644499133471556
2014-12-17,2012.8900146484375,2.1967604848800506,0.008823730881615373,0.0007644499133471556
2014-12-18,2061.22998046875,2.2229842571536413,0.01033157337864788,0.0007644499133471556
2014-12-19,2070.64990234375,0.31295680073121396,0.012126875163615271,0.0007644499133471556
2014-12-22,2078.5400390625,0.26160902532999575,0.011615702335754118,0.0007644499133471556
2014-12-23,2082.169921875,0.08821487286331992,0.011113644270352751,0.0007644499133471556
2014-12-24,2081.8798828125,-0.08522159314543391,0.010604778918875943,0.0007644499133471556
2014-12-26,2088.77001953125,0.2508490765047026,0.010124255206202373,0.0007644499133471556
2014-12-29,2090.570068359375,0.009996430726551016,0.009698813245889667,0.0007644499133471556
2014-12-30,2080.35009765625,-0.6113450735352279,0.00926652261233115,0.0007644499133471556
2014-12-31,2058.89990234375,-1.2326059136838499,0.009028703619745932,0.0007644499133471556
2015-01-02,2058.199951171875,-0.11891724181765881,0.009287731279337708,0.0007644499133471556
2015-01-05,2020.5799560546875,-2.1620592083128405,0.008885817452208544,0.0007644499133471556
2015-01-06,2002.6099853515625,-0.9370544754605388,0.010349136424839278,0.0007644499133471556
2015-01-07,2025.9000244140625,1.0464626628100588,0.010318844919447567,0.0007644499133471556
2015-01-08,2062.139892578125,1.632193431835211,0.010394428676711783,0.0007644499133471556
2015-01-09,2044.81005859375,-0.8211928782018268,0.011207807939810098,0.0007644499133471556
2015-01-12,2028.260009765625,-0.8041106642609428,0.011057018830846387,0.0007644499133471556
2015-01-13,2023.030029296875,-0.30714305126061175,0.010895038437070492,0.0007644499133471556
2015-01-14,2011.27001953125,-0.6313551630184507,0.010444959141214922,0.0007644499133471556
2015-01-15,1992.6700439453125,-0.9883870890699087,0.010173496830454334,0.0007644499133471556
2015-01-16,2019.4200439453125,1.2332202803126555,0.010193185656769434,0.0007644499133471556
2015-01-20,2022.550048828125,0.07490537579879605,0.010470577200759968,0.0007644499133471556
2015-01-21,2032.1199951171875,0.3957284669532626,0.009996791838858106,0.0007644499133471556
2015-01-22,2063.14990234375,1.495160915088956,0.0096242906111728,0.0007644499133471556
2015-01-23,2051.820068359375,-0.6145914069980195,0.01020369976091986,0.0007644499133471556
2015-01-26,2057.090087890625,0.18132401903779685,0.00993094072606432,0.0007644499133471556
2015-01-27,2029.550048828125,-1.4990296819682438,0.009501304677639105,0.0007644499133471556
2015-01-28,2002.1600341796875,-1.423844070481193,0.010079722226548926,0.0007644499133471556
2015-01-29,2021.25,0.824111883021785,0.010587236180752621,0.0007644499133471556
2015-01-30,1994.989990234375,-1.3241165388462544,0.010453421971246008,0.0007644499133471556
2015-02-02,2020.8499755859375,1.1169664996806856,0.010846090809645296,0.0007644499133471556
2015-02-03,2050.030029296875,1.234130926773542,0.010997041213112966,0.0007644499133471556
2015-02-04,2041.510009765625,-0.43664453700464884,0.011288716720501732,0.0007644499133471556
2015-02-05,2062.52001953125,0.8714699728496172,0.01087170079604911,0.0007644499133471556
2015-02-06,2055.469970703125,-0.38879766699178325,0.010772897784168529,0.0007644499133471556
2015-02-09,2046.739990234375,-0.4846576122341607,0.010359249699359172,0.0007644499133471556
2015-02-10,2068.590087890625,0.9846173517113502,0.010008486671078043,0.0007644499133471556
2015-02-11,2068.530029296875,-0.07914042180020944,0.010026278676004008,0.0007644499133471556
2015-02-12,2088.47998046875,0.9222927701651438,0.00957813553172178,0.0007644499133471556
2015-02-13,2096.989990234375,0.345880139386742,0.00954668666517496,0.0007644499133471556
2015-02-17,2100.340087890625,0.0906212945690898,0.00917940742743459,0.0007644499133471556
2015-02-18,2099.679931640625,-0.12285596605053169,0.008781083827318412,0.0007644499133471556
2015-02-19,2097.449951171875,-0.2172732288378819,0.008409096872350301,0.0007644499133471556
2015-02-20,2110.300048828125,0.6619382526068217,0.008072343283781414,0.0007644499133471556
2015-02-23,2109.659912109375,-0.13502084144965257,0.007908668868213436,0.0007644499133471556
2015-02-24,2115.47998046875,0.26226171143757204,0.007589832860363093,0.0007644499133471556
2015-02-25,2113.860107421875,-0.20938928995014552,0.007309193690442112,0.0007644499133471556
2015-02-26,2110.739990234375,-0.3185766918003349,0.00703619756653713,0.0007644499133471556
2015-02-27,2104.5,-0.5478348596292544,0.006799736994649261,0.0007644499133471556
2015-03-02,2117.389892578125,0.804142895693715,0.006642834621050313,0.0007644499133471556
2015-03-03,2107.780029296875,-0.8045652632016723,0.006603967086549305,0.0007644499133471556
2015-03-04,2098.530029296875,-0.7861914391879522,0.00656660819002828,0.0007644499133471556
2015-03-05,2101.0400390625,0.06607727145040086,0.0065213851636169405,0.0007644499133471556
2015-03-06,2071.260009765625,-2.393075732578841,0.006284718060137167,0.0007644499133471556
2015-03-09,2079.429931640625,0.41616734874507527,0.007622444322444822,0.0007644499133471556
2015-03-10,2044.1600341796875,-2.4219763302860664,0.0073787966575122365,0.0007644499133471556
2015-03-11,2040.239990234375,-0.29941926388824813,0.00896392087462234,0.0007644499133471556
2015-03-12,2065.949951171875,1.364996685544702,0.008614125160309662,0.0007644499133471556
2015-03-13,2053.39990234375,-0.7617850383027341,0.009002128761708156,0.0007644499133471556
2015-03-16,2081.18994140625,1.4302471487684731,0.008864523254897344,0.0007644499133471556
2015-03-17,2074.280029296875,-0.4382582538758162,0.009332733804685247,0.0007644499133471556
2015-03-18,2099.5,1.256487249066153,0.00900976241238842,0.0007644499133471556
2015-03-19,2089.27001953125,-0.6078667401197807,0.009293054986335002,0.0007644499133471556
2015-03-20,2108.10009765625,0.9067268916704512,0.009052265191772529,0.0007644499133471556
2015-03-23,2104.419921875,-0.2785383167421792,0.009017454221156022,0.0007644499133471556
2015-03-24,2091.5,-0.799455161616709,0.008659391980080988,0.0007644499133471556
2015-03-25,2061.050048828125,-1.8033204391429718,0.008556647008292938,0.0007644499133471556
2015-03-26,2056.14990234375,-0.33227747977896627,0.009464320762613783,0.0007644499133471556
2015-03-27,2061.02001953125,0.17602509755808338,0.009097059671435868,0.0007644499133471556
2015-03-30,2086.239990234375,1.308039049566272,0.008713755707508639,0.0007644499133471556
2015-03-31,2067.889892578125,-1.0613121788448099,0.009044592460369365,0.0007644499133471556
2015-04-01,2059.68994140625,-0.5183852400896929,0.009139349944406105,0.0007644499133471556
2015-04-02,2066.9599609375,0.3113986314484815,0.008860033769363092,0.0007644499133471556
2015-04-06,2080.6201171875,0.6834785084253067,0.008519101423150027,0.0007644499133471556
2015-04-07,2076.330078125,-0.3387377053180585,0.00835006725713783,0.0007644499133471556
2015-04-08,2081.89990234375,0.23799065189470156,0.008044398503715631,0.0007644499133471556
2015-04-09,2091.179931640625,0.47631276954509777,0.007732578666316707,0.0007644499133471556
2015-04-10,2102.06005859375,0.5897318147422961,0.007503286876328171,0.0007644499133471556
2015-04-13,2092.429931640625,-0.7307729829733445,0.0073295768441177765,0.0007644499133471556
2015-04-14,2095.840087890625,0.11951049264000081,0.007229343014836548,0.0007644499133471556
2015-04-15,2106.6298828125,0.6287890166071732,0.006950724354619041,0.0007644499133471556
2015-04-16,2104.989990234375,-0.22633198556176007,0.006818288044891723,0.0007644499133471556
2015-04-17,2081.179931640625,-1.8455780901890313,0.006577968262051131,0.0007644499133471556
2015-04-20,2100.39990234375,1.1463309839531552,0.007352412864323302,0.0007644499133471556
2015-04-21,2097.2900390625,-0.298659738801291,0.007520774065933112,0.0007644499133471556
2015-04-22,2107.9599609375,0.5943608450584603,0.007251710767749513,0.0007644499133471556
2015-04-23,2112.929931640625,0.22428648505491236,0.007091336461114943,0.0007644499133471556
2015-04-24,2117.68994140625,0.21741889849359242,0.006833890345783902,0.0007644499133471556
2015-04-27,2108.919921875,-0.7455855015485315,0.006591280468671939,0.0007644499133471556
2015-04-28,2114.760009765625,0.30662758837702203,0.006525683271327255,0.0007644499133471556
2015-04-29,2106.85009765625,-0.7141950009215662,0.006317319548720657,0.0007644499133471556
2015-04-30,2085.510009765625,-1.7516289368460085,0.006248471189510597,0.0007644499133471556
2015-05-01,2108.2900390625,1.4630558681818226,0.006902898836432538,0.0007644499133471556
2015-05-04,2114.489990234375,0.296347877830002,0.0073291674984148495,0.0007644499133471556
2015-05-05,2089.4599609375,-1.7922376600969412,0.007070743771332095,0.0007644499133471556
2015-05-06,2080.14990234375,-0.6676926189226513,0.007833141936956197,0.0007644499133471556
2015-05-07,2088.0,0.3908290500253471,0.007681774310107037,0.0007644499133471556
2015-05-08,2116.10009765625,1.6969412003161408,0.007427303946457269,0.0007644499133471556
2015-05-11,2105.330078125,-0.723017951022465,0.008114606782767004,0.0007644499133471556
2015-05-12,2099.1201171875,-0.46583755116600717,0.007982281255358277,0.0007644499133471556
2015-05-13,2098.47998046875,-0.13823172593750555,0.007736655219673097,0.0007644499133471556
2015-05-14,2121.10009765625,1.340386354922969,0.007428570360957686,0.0007644499133471556
2015-05-15,2122.72998046875,0.00047275649087583343,0.00776068565980598,0.0007644499133471556
2015-05-18,2129.199951171875,0.30614033104068156,0.007443849529647627,0.0007644499133471556
2015-05-19,2127.830078125,-0.1960803527575762,0.007180890341063339,0.0007644499133471556
2015-05-20,2125.85009765625,-0.2452191619009003,0.006913812733877466,0.0007644499133471556
2015-05-21,2130.820068359375,0.2354656460852033,0.006670595144182079,0.0007644499133471556
2015-05-22,2126.06005859375,-0.4659061049897946,0.0064408579984082505,0.0007644499133471556
2015-05-26,2104.199951171875,-1.7685329983666893,0.006276193224045276,0.0007644499133471556
2015-05-27,2123.47998046875,1.2025962397510956,0.00694869045781524,0.0007644499133471556
2015-05-28,2120.7900390625,-0.2838394803944261,0.007159024629028011,0.0007644499133471556
2015-05-29,2107.389892578125,-1.0282152509842117,0.006908052657890288,0.0007644499133471556
2015-06-01,2111.72998046875,0.1848580145932011,0.0069939817791814405,0.0007644499133471556
2015-06-02,2109.60009765625,-0.263256837664715,0.006736976309628785,0.0007644499133471556
2015-06-03,2114.070068359375,0.20778251214325466,0.006507667765016672,0.0007644499133471556
2015-06-04,2095.840087890625,-1.4997818602600157,0.006284255316179261,0.0007644499133471556
2015-06-05,2092.830078125,-0.32772706632312487,0.006717983872314481,0.0007644499133471556
2015-06-08,2079.280029296875,-1.116523512008799,0.006502335305586904,0.0007644499133471556
2015-06-09,2080.14990234375,-0.05205242194562791,0.006650687545451826,0.0007644499133471556
2015-06-10,2105.199951171875,1.749568774865399,0.0064050307710992235,0.0007644499133471556
2015-06-11,2108.860107421875,0.13758503573983547,0.007069568561367587,0.0007644499133471556
2015-06-12,2094.110107421875,-1.1441717865315846,0.006802583893493866,0.0007644499133471556
2015-06-15,2084.429931640625,-0.7745099610234905,0.0069692319101817115,0.0007644499133471556
2015-06-16,2096.2900390625,0.7110571122847755,0.006904200123436077,0.0007644499133471556
2015-06-17,2100.43994140625,0.1781459029232306,0.006810341758173979,0.0007644499133471556
2015-06-18,2121.239990234375,1.3847537250673008,0.0065640192736942556,0.0007644499133471556
2015-06-19,2109.989990234375,-0.8798862851245605,0.00691233089334467,0.0007644499133471556
2015-06-22,2122.85009765625,0.7691284627197428,0.00690641203084762,0.0007644499133471556
2015-06-23,2124.199951171875,-0.018825765687604787,0.0068408101051933255,0.0007644499133471556
2015-06-24,2108.580078125,-1.2374441483077172,0.006582047070804044,0.0007644499133471556
2015-06-25,2102.31005859375,-0.5490738979984515,0.006815938771786459,0.0007644499133471556
2015-06-26,2101.489990234375,-0.1733985981507218,0.006658679312193355,0.0007644499133471556
2015-06-29,2057.639892578125,-3.402893869100747,0.006421422548724145,0.0007644499133471556
2015-06-30,2063.110107421875,0.20703383057993494,0.009131417961135271,0.0007644499133471556
2015-07-01,2077.419921875,0.7024686578214142,0.008751488700372418,0.0007644499133471556
2015-07-02,2076.780029296875,-0.12492873974980989,0.008585055008491924,0.0007644499133471556
2015-07-06,2068.760009765625,-0.5633781994890827,0.008224817034891979,0.0007644499133471556
2015-07-07,2081.340087890625,0.6616683179784971,0.008007200188620436,0.0007644499133471556
2015-07-08,2046.6800537109375,-2.237770577089643,0.007845940511168556,0.0007644499133471556
2015-07-09,2051.31005859375,0.16150981074139684,0.009257627908851221,0.0007644499133471556
2015-07-10,2076.6201171875,1.2973773447265653,0.00886290832686306,0.0007644499133471556
2015-07-13,2099.60009765625,1.1148351921450297,0.00918594843988007,0.0007644499133471556
2015-07-14,2108.949951171875,0.3943007924750047,0.009329992212445834,0.0007644499133471556
2015-07-15,2107.39990234375,-0.16681106604706958,0.008990447993787566,0.0007644499133471556
2015-07-16,2124.2900390625,0.838179050436307,0.008611863452529822,0.0007644499133471556
2015-07-17,2126.639892578125,0.039960390724959036,0.008536495887926633,0.0007644499133471556
2015-07-20,2128.280029296875,0.0007936530941870536,0.008173231733054865,0.0007644499133471556
2015-07-21,2119.2099609375,-0.6429741578022573,0.007831179674905082,0.0007644499133471556
2015-07-22,2114.14990234375,-0.41146981892955614,0.007667670357318663,0.0007644499133471556
2015-07-23,2102.14990234375,-0.8701511254354048,0.007420159482636808,0.0007644499133471556
2015-07-24,2079.64990234375,-1.5584520594077618,0.007395460476588686,0.0007644499133471556
2015-07-27,2067.639892578125,-0.8262243113401952,0.007935139269597014,0.0007644499133471556
2015-07-28,2093.25,1.467095492402384,0.007869715330960578,0.0007644499133471556
2015-07-29,2108.570068359375,0.7828617421900742,0.008338245008339724,0.0007644499133471556
2015-07-30,2108.6298828125,-0.08939377159977975,0.008234164373556882,0.0007644499133471556
2015-07-31,2103.840087890625,-0.3850334157347645,0.007891662360266448,0.0007644499133471556
2015-08-03,2098.0400390625,-0.46236605754285215,0.007624140658129938,0.0007644499133471556
2015-08-04,2093.320068359375,-0.40791024752558297,0.007395472652573714,0.0007644499133471556
2015-08-05,2099.840087890625,0.32749718155153495,0.007161552539268047,0.0007644499133471556
2015-08-06,2083.56005859375,-1.235249591756947,0.006919772241131951,0.0007644499133471556
2015-08-07,2077.570068359375,-0.509212251290075,0.007155116084607616,0.0007644499133471556
2015-08-10,2104.179931640625,1.7170956841002774,0.0069666389761767825,0.0007644499133471556
2015-08-11,2084.070068359375,-1.35674653022434,0.0076414528156671544,0.0007644499133471556
2015-08-12,2086.050048828125,0.023161783774534702,0.00799393201619934,0.0007644499133471556
2015-08-13,2083.389892578125,-0.26627638090347494,0.0076629995300560695,0.0007644499133471556
2015-08-14,2091.5400390625,0.42552325963143395,0.007378873633680058,0.0007644499133471556
2015-08-17,2102.43994140625,0.619963618291503,0.0071511322039726835,0.0007644499133471556
2015-08-18,2096.919921875,-0.4843562875878338,0.007006067508445188,0.0007644499133471556
2015-08-19,2079.610107421875,-1.3281359213474766,0.00681676188214143,0.0007644499133471556
2015-08-20,2035.72998046875,-3.100500342866315,0.0071247888807105956,0.0007644499133471556
2015-08-21,1970.8900146484375,-3.4367342731219765,0.009641039953061668,0.0007644499133471556
2015-08-24,1893.2099609375,-2.9846577665684713,0.013728841785092614,0.0007644499133471556
2015-08-25,1867.6099853515625,-0.7923392688301772,0.018147150118196217,0.0007644499133471556
2015-08-26,1940.510009765625,2.1073169614240967,0.017807880925432472,0.0007644499133471556
2015-08-27,1987.6600341796875,1.1347462416063567,0.020482821378143688,0.0007644499133471556
2015-08-28,1988.8699951171875,-0.007519810365024537,0.020731740416758668,0.0007644499133471556
2015-08-31,1972.1800537109375,-0.46659792952772533,0.019699034212677637,0.0007644499133471556
2015-09-01,1913.8499755859375,-1.6261415369656183,0.018932607682615323,0.0007644499133471556
2015-09-02,1948.8599853515625,0.8540962380145457,0.020329350179823385,0.0007644499133471556
2015-09-03,1951.1300048828125,0.019942607442326416,0.020040798939033502,0.0007644499133471556
2015-09-04,1921.219970703125,-0.8512905014709001,0.019044919025421075,0.0007644499133471556
2015-09-08,1969.4100341796875,1.27884253272189,0.018774154494682126,0.0007644499133471556
2015-09-09,1942.0400390625,-0.764370838789781,0.01930932596251368,0.0007644499133471556
2015-09-10,1952.2900390625,0.23802942419015036,0.01890365255008963,0.0007644499133471556
2015-09-11,1961.050048828125,0.20601626519955696,0.01802069622048031,0.0007644499133471556
2015-09-14,1953.030029296875,-0.28320533970299255,0.017169489605988474,0.0007644499133471556
2015-09-15,1978.0899658203125,0.73107662873295,0.016393955499380643,0.0007644499133471556
2015-09-16,1995.31005859375,0.4933200745030493,0.016020614628322594,0.0007644499133471556
2015-09-17,1990.199951171875,-0.21572591168251545,0.015430665375081375,0.0007644499133471556
2015-09-18,1958.030029296875,-1.1593420153717064,0.014715830739784521,0.0007644499133471556
2015-09-21,1966.969970703125,0.2535273280544221,0.014952794830511443,0.0007644499133471556
2015-09-22,1942.739990234375,-0.9217972875311441,0.014275785045940334,0.0007644499133471556
2015-09-23,1938.760009765625,-0.19858042665780593,0.014176594291401381,0.0007644499133471556
2015-09-24,1932.239990234375,-0.3056619788833006,0.013521805360789023,0.0007644499133471556
2015-09-25,1931.3399658203125,-0.09509944925182882,0.012937527233303556,0.0007644499133471556
2015-09-28,1881.77001953125,-2.17101255419434,0.01232865329334264,0.0007644499133471556
2015-09-29,1884.0899658203125,0.032612111904577384,0.014339580368265565,0.0007644499133471556
2015-09-30,1920.030029296875,1.328409129292538,0.013648994342484013,0.0007644499133471556
2015-10-01,1923.8199462890625,0.08540230304061029,0.014138831413197783,0.0007644499133471556
2015-10-02,1951.3599853515625,0.9989469142579461,0.013463521345425061,0.0007644499133471556
2015-10-05,1987.050048828125,1.2888592088789679,0.01346938710261039,0.0007644499133471556
2015-10-06,1979.9200439453125,-0.3138273545432366,0.013890246322966369,0.0007644499133471556
2015-10-07,1995.8299560546875,0.5446589329065858,0.013291014811001312,0.0007644499133471556
2015-10-08,2013.4300537109375,0.623720951639288,0.012850827297279538,0.0007644499133471556
2015-10-09,2014.8900146484375,-0.0031716196273315986,0.01248616085312722,0.0007644499133471556
2015-10-12,2017.4599609375,0.04288812322410632,0.01189640687515335,0.0007644499133471556
2015-10-13,2003.68994140625,-0.6713362979746722,0.01134047663807605,0.0007644499133471556
2015-10-14,1994.239990234375,-0.4963465564991062,0.011064609501922049,0.0007644499133471556
2015-10-15,2023.8599853515625,1.3078953291105455,0.010688241732245222,0.0007644499133471556
2015-10-16,2033.1099853515625,0.34298245448895226,0.01106648871005769,0.0007644499133471556
2015-10-19,2033.6600341796875,-0.04650950018395466,0.010620216676602795,0.0007644499133471556
2015-10-20,2030.77001953125,-0.2157182414326337,0.01013614312224843,0.0007644499133471556
2015-10-21,2018.93994140625,-0.6809924400652586,0.009701868091000068,0.0007644499133471556
2015-10-22,2052.510009765625,1.657331416295666,0.009488987504018566,0.0007644499133471556
2015-10-23,2075.14990234375,0.9931829880992838,0.010275552620193928,0.0007644499133471556
2015-10-26,2071.179931640625,-0.2601630430660744,0.010298860602452189,0.0007644499133471556
2015-10-27,2065.889892578125,-0.33668245156771887,0.009866376352456718,0.0007644499133471556
2015-10-28,2090.35009765625,1.1610430970681216,0.009479440171160645,0.0007644499133471556
2015-10-29,2089.409912109375,-0.125573184546931,0.009670259605099396,0.0007644499133471556
2015-10-30,2079.360107421875,-0.6040735558898369,0.009247105004529079,0.0007644499133471556
2015-11-02,2104.050048828125,1.2257715175102508,0.009006104537239039,0.0007644499133471556
2015-11-03,2109.7900390625,0.2117014238714441,0.009257864098781491,0.0007644499133471556
2015-11-04,2102.31005859375,-0.4865052727454029,0.008871675385218375,0.0007644499133471556
2015-11-05,2099.929931640625,-0.22084723702930614,0.008590733102962465,0.0007644499133471556
2015-11-06,2099.199951171875,-0.134898949203914,0.008244183516134821,0.0007644499133471556
2015-11-09,2078.580078125,-1.3454069791273944,0.007905221791511598,0.0007644499133471556
2015-11-10,2081.719970703125,0.0902618676872766,0.00825382034729939,0.0007644499133471556
2015-11-11,2075.0,-0.5053926312004271,0.007910200877722498,0.0007644499133471556
2015-11-12,2045.969970703125,-1.9333135965722423,0.0076829818381845705,0.0007644499133471556
2015-11-13,2023.0400390625,-1.3882602925925671,0.008669188631065102,0.0007644499133471556
2015-11-16,2053.18994140625,1.5443706400827117,0.0090838640134572,0.0007644499133471556
2015-11-17,2050.43994140625,-0.21703144081902723,0.009697797349780152,0.0007644499133471556
2015-11-18,2083.580078125,1.6439160960381909,0.009288053082893087,0.0007644499133471556
2015-11-19,2081.239990234375,-0.1880194039781895,0.010042528602767987,0.0007644499133471556
2015-11-20,2089.169921875,0.316251516503077,0.009607876036138146,0.0007644499133471556
2015-11-23,2086.590087890625,-0.21673617134232295,0.009228149333099718,0.0007644499133471556
2015-11-24,2089.139892578125,0.051647242908881015,0.008844616012118002,0.0007644499133471556
2015-11-25,2088.8701171875,-0.10558182182722015,0.008463488438157769,0.0007644499133471556
2015-11-27,2090.110107421875,-0.02108981059508856,0.008108577035117635,0.0007644499133471556
2015-11-30,2080.409912109375,-0.6970158012236456,0.007770627356592352,0.0007644499133471556
2015-12-01,2102.6298828125,1.2910719717621186,0.007636668790768765,0.0007644499133471556
2015-12-02,2079.510009765625,-1.4908825481628758,0.007928889212206844,0.0007644499133471556
2015-12-03,2049.6201171875,-1.8092416643626812,0.008424676845404426,0.0007644499133471556
2015-12-04,2091.68994140625,2.0962034332899533,0.009328009934520218,0.0007644499133471556
2015-12-07,2077.070068359375,-0.7234507974712585,0.010751932129916453,0.0007644499133471556
2015-12-08,2063.590087890625,-0.6906759273788635,0.0105338875303682,0.0007644499133471556
2015-12-09,2047.6199951171875,-0.8285739379597012,0.010299064317727697,0.0007644499133471556
2015-12-10,2052.22998046875,0.1458776760115893,0.010175694498516638,0.0007644499133471556
2015-12-11,2012.3699951171875,-2.095120053741334,0.009726563226184653,0.0007644499133471556
2015-12-14,2021.93994140625,0.3551893673390241,0.011204834707009009,0.0007644499133471556
2015-12-15,2043.4100341796875,0.910922451031585,0.010756272591010595,0.0007644499133471556
2015-12-16,2073.070068359375,1.2758610393524135,0.010695667722835003,0.0007644499133471556
2015-12-17,2041.8900146484375,-1.4427851072601752,0.011033678175022068,0.0007644499133471556
2015-12-18,2005.550048828125,-1.613147735820514,0.011605846448360995,0.0007644499133471556
2015-12-21,2021.1500244140625,0.5600212471278162,0.012470699727246395,0.0007644499133471556
2015-12-22,2038.969970703125,0.6637129500031204,0.012073963116410577,0.0007644499133471556
2015-12-23,2064.2900390625,0.983824796114851,0.011767488133990095,0.0007644499133471556
2015-12-24,2060.989990234375,-0.20091436933095683,0.011768024980412262,0.0007644499133471556
2015-12-28,2056.5,-0.2620062380502164,0.011241665051839935,0.0007644499133471556
2015-12-29,2078.360107421875,0.9116853140106366,0.010759429935888324,0.0007644499133471556
2015-12-30,2063.360107421875,-0.7484331491311987,0.010699484257774297,0.0007644499133471556
2015-12-31,2043.93994140625,-0.9732375050489372,0.01050199453041122,0.0007644499133471556
2016-01-04,2012.6600341796875,-1.5410050363551184,0.010503853867628095,0.0007644499133471556
2016-01-05,2016.7099609375,0.11131907350911963,0.011190842564016918,0.0007644499133471556
2016-01-06,1990.260009765625,-1.3077096928851868,0.010680209064718926,0.0007644499133471556
2016-01-07,1943.0899658203125,-2.2382192246418615,0.011058017087960734,0.0007644499133471556
2016-01-08,1922.030029296875,-0.8968685495809458,0.0130030062539756,0.0007644499133471556
2016-01-11,1923.6700439453125,0.0068611965274142876,0.012892559209181233,0.0007644499133471556
2016-01-12,1938.6800537109375,0.5706708800681372,0.012280395669726399,0.0007644499133471556
2016-01-13,1890.280029296875,-2.189094102959472,0.01189844920601771,0.0007644499133471556
2016-01-14,1921.8399658203125,1.1378531500783116,0.013880183941091024,0.0007644499133471556
2016-01-15,1880.3299560546875,-1.6055232829876738,0.014076546164720453,0.0007644499133471556
2016-01-19,1881.3299560546875,-0.015423813794294958,0.01509158039786664,0.0007644499133471556
2016-01-20,1859.3299560546875,-0.8723897291270415,0.014359655462451297,0.0007644499133471556
2016-01-21,1868.989990234375,0.31112141447803837,0.014198761374276073,0.0007644499133471556
2016-01-22,1906.9000244140625,1.422087024819714,0.013583048457470558,0.0007644499133471556
2016-01-25,1877.0799560546875,-1.1613917682620765,0.014229474960803592,0.0007644499133471556
2016-01-26,1903.6300048828125,0.918167324706386,0.014464452785082193,0.0007644499133471556
2016-01-27,1882.949951171875,-0.8139833140064933,0.014358245448975323,0.0007644499133471556
2016-01-28,1893.3599853515625,0.33609310450419283,0.014129718047176196,0.0007644499133471556
2016-01-29,1940.239990234375,1.7514038067276236,0.01352869109350644,0.0007644499133471556
2016-02-01,1939.3800048828125,-0.08162873216496612,0.01479607396631017,0.0007644499133471556
2016-02-02,1903.030029296875,-1.3976306528022404,0.01408485038025565,0.0007644499133471556
2016-02-03,1912.530029296875,0.28658518295549995,0.014708262530381364,0.0007644499133471556
2016-02-04,1915.449951171875,0.05414635670269765,0.01405668683038765,0.0007644499133471556
2016-02-05,1880.050048828125,-1.4510143361974148,0.013382781758440907,0.0007644499133471556
2016-02-08,1853.43994140625,-1.067412938968463,0.014070944138000805,0.0007644499133471556
2016-02-09,1852.2099609375,-0.10081989517636762,0.014166753075956133,0.0007644499133471556
2016-02-10,1851.8599853515625,-0.0706657024175984,0.013491948873215125,0.0007644499133471556
2016-02-11,1829.0799560546875,-1.0227013191936807,0.012850181177985299,0.0007644499133471556
2016-02-12,1864.780029296875,1.4404182555718272,0.012889009995453372,0.0007644499133471556
2016-02-16,1895.5799560546875,1.1536518292578768,0.013537262657819453,0.0007644499133471556
2016-02-17,1926.8199462890625,1.1329073719987268,0.01375369345933755,0.0007644499133471556
2016-02-18,1917.8299560546875,-0.3902694810842172,0.01394185889751322,0.0007644499133471556
2016-02-19,1917.780029296875,-0.05909260454622173,0.013377024100040966,0.0007644499133471556
2016-02-22,1945.5,1.0663828977096947,0.012740528017571012,0.0007644499133471556
2016-02-23,1921.27001953125,-1.0360453552433002,0.012834406734069121,0.0007644499133471556
2016-02-24,1929.800048828125,0.28437114034667416,0.01288988086771465,0.0007644499133471556
2016-02-25,1951.699951171875,0.8532403941535152,0.01232937035000589,0.0007644499133471556
2016-02-26,1948.050048828125,-0.216362116574853,0.012184735870799936,0.0007644499133471556
2016-02-29,1932.22998046875,-0.7662080207343531,0.01163989512452645,0.0007644499133471556
2016-03-01,1978.3499755859375,1.9967648243288896,0.011430457513164018,0.0007644499133471556
2016-03-02,1986.449951171875,0.25628450712044615,0.012960205769260715,0.0007644499133471556
2016-03-03,1993.4000244140625,0.22025657493370818,0.01238639258687691,0.0007644499133471556
2016-03-04,1999.989990234375,0.21433533964302784,0.011831879692906427,0.0007644499133471556
2016-03-07,2001.760009765625,0.010629743523878231,0.011305342151185642,0.0007644499133471556
2016-03-08,1979.260009765625,-1.1193469011809358,0.010781470835020955,0.0007644499133471556
2016-03-09,1989.260009765625,0.390972388157593,0.010934846037628211,0.0007644499133471556
2016-03-10,1989.5699462890625,-0.0578892885210868,0.010514157830819057,0.0007644499133471556
2016-03-11,2022.18994140625,1.5441384934051603,0.010036726460544139,0.0007644499133471556
2016-03-14,2019.6400146484375,-0.18932470322694922,0.010702346262389292,0.0007644499133471556
2016-03-15,2015.9300537109375,-0.2544201680983662,0.010231424918557117,0.0007644499133471556
2016-03-16,2027.219970703125,0.4918107192627534,0.009801083586909936,0.0007644499133471556
2016-03-17,2040.5899658203125,0.612828475209915,0.009479215457896822,0.0007644499133471556
2016-03-18,2049.580078125,0.39328741373881815,0.009233749189061793,0.0007644499133471556
2016-03-21,2051.60009765625,0.024794764175030654,0.008898733191717207,0.0007644499133471556
2016-03-22,2049.800048828125,-0.19289618128152883,0.008513506069477908,0.0007644499133471556
2016-03-23,2036.7099609375,-0.8780896020119857,0.008166546361081262,0.0007644499133471556
2016-03-24,2035.93994140625,-0.14055543989638314,0.008129117546544544,0.0007644499133471556
2016-03-28,2037.050048828125,-0.028129384932482217,0.007797647399730828,0.0007644499133471556
2016-03-29,2055.010009765625,1.0714982440630019,0.007478838332486407,0.0007644499133471556
2016-03-30,2063.949951171875,0.4712111964209284,0.00758986651290067,0.0007644499133471556
2016-03-31,2059.739990234375,-0.38097875900087336,0.007366007176692584,0.0007644499133471556
2016-04-01,2072.780029296875,0.7783417212046388,0.0071260591616087,0.0007644499133471556
2016-04-04,2066.1298828125,-0.5636291395093177,0.007057708128193773,0.0007644499133471556
2016-04-05,2045.1700439453125,-1.589874351437165,0.006894097206633802,0.0007644499133471556
2016-04-06,2066.659912109375,1.3025964462196715,0.007437720290718609,0.0007644499133471556
2016-04-07,2041.9100341796875,-1.656130181314218,0.007736423155566597,0.0007644499133471556
2016-04-08,2047.5999755859375,0.24025676584466196,0.008400398982204939,0.0007644499133471556
2016-04-11,2041.989990234375,-0.4347772786074018,0.008068489260035078,0.0007644499133471556
2016-04-12,2061.719970703125,1.1336864742220325,0.007807541299385116,0.0007644499133471556
2016-04-13,2082.419921875,1.158079828248019,0.007966307356520975,0.0007644499133471556
2016-04-14,2082.780029296875,-0.072618328882821,0.00814584268620738,0.0007644499133471556
2016-04-15,2080.72998046875,-0.22404155229186876,0.007807567264193607,0.0007644499133471556
2016-04-18,2094.340087890625,0.7666439574753682,0.0075071037139632655,0.0007644499133471556
2016-04-19,2100.800048828125,0.3120443822837943,0.007419739373528276,0.0007644499133471556
2016-04-20,2102.39990234375,-0.00044624125818325906,0.007159499607145495,0.0007644499133471556
2016-04-21,2091.47998046875,-0.8679958395362743,0.0068802320225748205,0.0007644499133471556
2016-04-22,2091.580078125,-0.10433170980153425,0.006868394423608645,0.0007644499133471556
2016-04-25,2087.7900390625,-0.38995365361883194,0.006611399868124343,0.0007644499133471556
2016-04-26,2091.699951171875,0.17245380787506606,0.006416502334882707,0.0007644499133471556
2016-04-27,2095.14990234375,0.14262890815894305,0.0061947063172851265,0.0007644499133471556
2016-04-28,2075.81005859375,-1.6773309632782776,0.005984558918109864,0.0007644499133471556
2016-04-29,2065.300048828125,-0.8911904018031552,0.006553480751237211,0.0007644499133471556
2016-05-02,2081.429931640625,1.0688406344844734,0.00656333279028124,0.0007644499133471556
2016-05-03,2063.3701171875,-1.4190575209854384,0.00667974987734152,0.0007644499133471556
2016-05-04,2051.1201171875,-0.9517168376960282,0.007059907267255596,0.0007644499133471556
2016-05-05,2050.6298828125,-0.1414568404248884,0.007093941891584557,0.0007644499133471556
2016-05-06,2057.139892578125,0.35236296180702886,0.006825804357731089,0.0007644499133471556
2016-05-09,2058.68994140625,-0.0017001136642802118,0.0066093261722974,0.0007644499133471556
2016-05-10,2084.389892578125,1.828910637678687,0.006365491611698686,0.0007644499133471556
2016-05-11,2064.4599609375,-1.4600552541967406,0.007103822106323018,0.0007644499133471556
2016-05-12,2064.110107421875,-0.12394518536570431,0.007535017827080669,0.0007644499133471556
2016-05-13,2046.6099853515625,-1.2819946526650146,0.007237849281048612,0.0007644499133471556
2016-05-16,2066.659912109375,1.1955041091344527,0.007515261894641605,0.0007644499133471556
2016-05-17,2047.2099609375,-1.3232421832456231,0.007723690791387691,0.0007644499133471556
2016-05-18,2047.6300048828125,-0.06950319244436928,0.008047000537328363,0.0007644499133471556
2016-05-19,2040.0400390625,-0.5804685475647355,0.007714534154959318,0.0007644499133471556
2016-05-20,2052.320068359375,0.6957323134406906,0.007527333729201523,0.0007644499133471556
2016-05-23,2048.0400390625,-0.38531655831392236,0.00740193074995031,0.0007644499133471556
2016-05-24,2076.06005859375,1.7907895448193205,0.007161191921039965,0.0007644499133471556
2016-05-25,2090.5400390625,0.7801046063594032,0.007929807987041028,0.0007644499133471556
2016-05-26,2090.10009765625,-0.12440663911864916,0.007836526813861986,0.0007644499133471556
2016-05-27,2099.06005859375,0.46712536231701557,0.007520989673234679,0.0007644499133471556
2016-05-31,2096.949951171875,-0.24252068329240334,0.00729924767613664,0.0007644499133471556
2016-06-01,2099.330078125,0.05260774105543736,0.007032211099678015,0.0007644499133471556
2016-06-02,2105.260009765625,0.3040885661512415,0.006761997926013254,0.0007644499133471556
2016-06-03,2099.1298828125,-0.5628725421329579,0.0065388020813646665,0.0007644499133471556
2016-06-06,2109.409912109375,0.6438602727418141,0.006400268475127564,0.0007644499133471556
2016-06-07,2112.1298828125,0.08321731545827815,0.00629875781216775,0.0007644499133471556
2016-06-08,2119.1201171875,0.41787081863190245,0.006077600888528946,0.0007644499133471556
2016-06-09,2115.47998046875,-0.4194809501872579,0.005920854117766817,0.0007644499133471556
2016-06-10,2096.070068359375,-1.7288289733443731,0.005773840256855135,0.0007644499133471556
2016-06-13,2079.06005859375,-1.3985704540696071,0.006372756322087328,0.0007644499133471556
2016-06-14,2075.320068359375,-0.38129105564975413,0.006727026368211407,0.0007644499133471556
2016-06-15,2071.5,-0.39962372398596024,0.0065232838309893125,0.0007644499133471556
2016-06-16,2077.989990234375,0.37305457503515194,0.0063359180020127,0.0007644499133471556
2016-06-17,2071.219970703125,-0.6545813979533397,0.00615314469758761,0.0007644499133471556
2016-06-20,2083.25,0.8285468630911202,0.0060671678199608415,0.0007644499133471556
2016-06-21,2088.89990234375,0.32080322816289125,0.006059604518304569,0.0007644499133471556
2016-06-22,2085.449951171875,-0.41092028186653123,0.005882841554917898,0.0007644499133471556
2016-06-23,2113.320068359375,2.1811233222654605,0.005736088845087892,0.0007644499133471556
2016-06-24,2037.4100341796875,-5.53094223759785,0.006752057988432227,0.0007644499133471556
2016-06-27,2000.5400390625,-1.4429456174112378,0.01318601075152462,0.0007644499133471556
2016-06-28,2036.0899658203125,1.2164514878311463,0.013851494991208097,0.0007644499133471556
2016-06-29,2070.77001953125,1.1382423100898684,0.01416639753677198,0.0007644499133471556
2016-06-30,2098.860107421875,0.8847085839778462,0.014365649284168384,0.0007644499133471556
2016-07-01,2102.949951171875,0.0831433992232228,0.01421948574066299,0.0007644499133471556
2016-07-05,2088.550048828125,-0.5639390176178676,0.013539547114861585,0.0007644499133471556
2016-07-06,2099.72998046875,0.3490847666155943,0.01310351405269388,0.0007644499133471556
2016-07-07,2097.89990234375,-0.13030189261707611,0.012558588115747019,0.0007644499133471556
2016-07-08,2129.89990234375,1.2002739721509916,0.011975379776740725,0.0007644499133471556
2016-07-11,2137.159912109375,0.21558091519835326,0.01223841821166569,0.0007644499133471556
2016-07-12,2152.139892578125,0.5320886449036338,0.011690518964420176,0.0007644499133471556
2016-07-13,2152.429931640625,-0.05568717941504234,0.0113076518685261,0.0007644499133471556
2016-07-14,2163.75,0.41546952669747556,0.010785322629961902,0.0007644499133471556
2016-07-15,2161.739990234375,-0.16314407289421518,0.010382411957537686,0.0007644499133471556
2016-07-18,2166.889892578125,0.16273134823254512,0.00992440562966214,0.0007644499133471556
2016-07-19,2163.780029296875,-0.2318429810553626,0.009492003612725458,0.0007644499133471556
2016-07-20,2173.02001953125,0.38439270031699085,0.009096838726472229,0.0007644499133471556
2016-07-21,2165.169921875,-0.5000748697711681,0.00876572696380046,0.0007644499133471556
2016-07-22,2175.030029296875,0.44484260381284135,0.008495537171509547,0.0007644499133471556
2016-07-25,2168.47998046875,-0.46010696721650224,0.008216499472171578,0.0007644499133471556
2016-07-26,2169.179931640625,-0.05551278230930034,0.007957045823547913,0.0007644499133471556
2016-07-27,2166.580078125,-0.25738857998142667,0.00762936281126962,0.0007644499133471556
2016-07-28,2170.06005859375,0.11442040038162024,0.007345460529259828,0.0007644499133471556
2016-07-29,2173.60009765625,0.12261058074775037,0.0070591803662637,0.0007644499133471556
2016-08-01,2170.840087890625,-0.29964579232089206,0.006791498872972246,0.0007644499133471556
2016-08-02,2157.030029296875,-1.088453091027588,0.006565639608104793,0.0007644499133471556
2016-08-03,2163.7900390625,0.3531929787934861,0.006694903196551175,0.0007644499133471556
2016-08-04,2164.25,-0.08508726696879364,0.006486289118446852,0.0007644499133471556
2016-08-05,2182.8701171875,1.247792494450987,0.006252840444809531,0.0007644499133471556
2016-08-08,2180.889892578125,-0.25757588800321307,0.0064913964496082725,0.0007644499133471556
2016-08-09,2181.739990234375,-0.05970522336550768,0.0062763675549308735,0.0007644499133471556
2016-08-10,2175.489990234375,-0.5999744335377079,0.006055669664809299,0.0007644499133471556
2016-08-11,2185.7900390625,0.6648872919776299,0.005954340287240274,0.0007644499133471556
2016-08-12,2184.050048828125,-0.26537598635398035,0.0058815167178663695,0.0007644499133471556
2016-08-15,2190.14990234375,0.354766591494886,0.005706756018495618,0.0007644499133471556
2016-08-16,2178.14990234375,-1.1258712459027638,0.005558887974625393,0.0007644499133471556
2016-08-17,2182.219970703125,0.1927452385514672,0.005719446566323592,0.0007644499133471556
2016-08-18,2187.02001953125,0.2583335121777897,0.005546132094736594,0.0007644499133471556
2016-08-19,2183.8701171875,-0.40902641378070403,0.005392706700105537,0.0007644499133471556
2016-08-22,2182.639892578125,-0.2516928209307743,0.005276001881021065,0.0007644499133471556
2016-08-23,2186.89990234375,0.23061208784793674,0.0051403084551067835,0.0007644499133471556
2016-08-24,2175.43994140625,-1.2008988563157443,0.005011667003733597,0.0007644499133471556
2016-08-25,2172.469970703125,-0.40831898983495707,0.005218004459831283,0.0007644499133471556
2016-08-26,2169.0400390625,-0.45859046376678875,0.005112435467591214,0.0007644499133471556
2016-08-29,2180.3798828125,0.8856529941391958,0.005024516988905247,0.0007644499133471556
2016-08-30,2176.1201171875,-0.5355715141282821,0.005078763990831706,0.0007644499133471556
2016-08-31,2170.949951171875,-0.6271695600856345,0.005011628782622349,0.0007644499133471556
2016-09-01,2170.860107421875,-0.1620089432731465,0.004974017399767632,0.0007644499133471556
2016-09-02,2179.97998046875,0.7066237927575727,0.004850942921565992,0.0007644499133471556
2016-09-06,2186.47998046875,0.4565516119387612,0.004846752040281927,0.0007644499133471556
2016-09-07,2186.159912109375,-0.19072397186823778,0.004775728204055372,0.0007644499133471556
2016-09-08,2181.300048828125,-0.6402478607060398,0.004669969693487549,0.0007644499133471556
2016-09-09,2127.81005859375,-5.497032449016442,0.0046556378485200075,0.0007644499133471556
2016-09-12,2159.0400390625,1.5197167849824997,0.00908454618420646,0.0007644499133471556
2016-09-13,2127.02001953125,-1.6245327380545336,0.009668132764358456,0.0007644499133471556
2016-09-14,2125.77001953125,-0.1297555713109678,0.010421897876886663,0.0007644499133471556
2016-09-15,2147.260009765625,0.9334525665878557,0.009956656469504692,0.0007644499133471556
2016-09-16,2139.159912109375,-0.457644168845287,0.009928844325459714,0.0007644499133471556
2016-09-19,2139.1201171875,-0.08169222562522997,0.009585405969524743,0.0007644499133471556
2016-09-20,2139.760009765625,-0.050787538380594764,0.009162807333280483,0.0007644499133471556
2016-09-21,2163.1201171875,1.1518497552365283,0.008762905382756384,0.0007644499133471556
2016-09-22,2177.179931640625,0.6391505503045235,0.008940463246996166,0.0007644499133471556
2016-09-23,2164.68994140625,-0.7465214731576364,0.008730817675608422,0.0007644499133471556
2016-09-26,2146.10009765625,-1.0928114228575483,0.008591875812124568,0.0007644499133471556
2016-09-27,2159.929931640625,0.6492851155512804,0.008715809305355942,0.0007644499133471556
2016-09-28,2171.3701171875,0.5302696993347665,0.00852043157654186,0.0007644499133471556
2016-09-29,2151.1298828125,-1.2241610336099165,0.008274710079242876,0.0007644499133471556
2016-09-30,2168.27001953125,0.8422189355087478,0.008515532449229826,0.0007644499133471556
2016-10-03,2161.199951171875,-0.4772420642694965,0.008445343352211903,0.0007644499133471556
2016-10-04,2150.489990234375,-0.7006779420222654,0.008181121961916994,0.0007644499133471556
2016-10-05,2159.72998046875,0.4385165400205534,0.008033987310227142,0.0007644499133471556
2016-10-06,2160.77001953125,-0.036394370946841705,0.00777609430744158,0.0007644499133471556
2016-10-07,2153.739990234375,-0.5393936073907775,0.007458815417600274,0.0007644499133471556
2016-10-10,2163.659912109375,0.5271900112205666,0.007266602785412908,0.0007644499133471556
2016-10-11,2136.72998046875,-1.8772247407345302,0.007079081860972769,0.0007644499133471556
2016-10-12,2139.179931640625,0.048071739665951484,0.007935687281187856,0.0007644499133471556
2016-10-13,2132.550048828125,-0.5084141273531153,0.007609006354172949,0.0007644499133471556
2016-10-14,2132.97998046875,-0.07608715965138901,0.0073976444488781665,0.0007644499133471556
2016-10-17,2126.5,-0.5357939103003537,0.007105470876018848,0.0007644499133471556
2016-10-18,2139.60009765625,0.7760150238758565,0.006929061328600866,0.0007644499133471556
2016-10-19,2144.2900390625,0.20755675200868415,0.006866181071978411,0.0007644499133471556
2016-10-20,2141.340087890625,-0.3234245336895805,0.006620156548739546,0.0007644499133471556
2016-10-21,2141.159912109375,-0.13239735793292942,0.006409456100565244,0.0007644499133471556
2016-10-24,2151.330078125,0.6426194036335037,0.006184289972586525,0.0007644499133471556
2016-10-25,2143.159912109375,-0.7500321538168505,0.006092281983912536,0.0007644499133471556
2016-10-26,2139.429931640625,-0.4144089178320902,0.0060480789063277795,0.0007644499133471556
2016-10-27,2133.0400390625,-0.637388667271945,0.00589223814635797,0.0007644499133471556
2016-10-28,2126.409912109375,-0.6671431651135581,0.005812230801033837,0.0007644499133471556
2016-10-31,2126.14990234375,-0.15429735312877665,0.005746915158069113,0.0007644499133471556
2016-11-01,2111.719970703125,-1.3603582509145875,0.005567995795952879,0.0007644499133471556
2016-11-02,2097.93994140625,-1.244379695971003,0.005875485103520629,0.0007644499133471556
2016-11-03,2088.659912109375,-0.8508342265710822,0.006108902032424669,0.0007644499133471556
2016-11-04,2085.179931640625,-0.3979840171370735,0.0061107232459601465,0.0007644499133471556
2016-11-07,2131.52001953125,3.5673432534752783,0.005947212900090152,0.0007644499133471556
2016-11-08,2139.56005859375,0.34526530627341684,0.00869021135136678,0.0007644499133471556
2016-11-09,2163.260009765625,1.2251007821146989,0.00836802173010863,0.0007644499133471556
2016-11-10,2167.47998046875,0.13754675327107982,0.008610859759183194,0.0007644499133471556
2016-11-11,2164.449951171875,-0.26221161701689677,0.008250505014830654,0.0007644499133471556
2016-11-14,2164.199951171875,-0.11094251547485284,0.007931669538625626,0.0007644499133471556
2016-11-15,2180.389892578125,0.8790098242750437,0.007609135784413554,0.0007644499133471556
2016-11-16,2176.93994140625,-0.30954160923093693,0.007585301509405099,0.0007644499133471556
2016-11-17,2187.1201171875,0.5332925934736424,0.00731497023508456,0.0007644499133471556
2016-11-18,2181.89990234375,-0.44253382895102833,0.007127367610227681,0.0007644499133471556
2016-11-21,2198.179931640625,0.9639965118764435,0.006918336399936605,0.0007644499133471556
2016-11-22,2202.93994140625,0.2008746323474434,0.006962756690086823,0.0007644499133471556
2016-11-23,2204.719970703125,0.006445530044232251,0.006709804044796275,0.0007644499133471556
2016-11-25,2213.35009765625,0.48646679535601656,0.00645942483654386,0.0007644499133471556
2016-11-28,2201.719970703125,-0.9576152217742447,0.0062998572191708515,0.0007644499133471556
2016-11-29,2204.659912109375,0.08971580031210315,0.006352865804373321,0.0007644499133471556
2016-11-30,2198.81005859375,-0.5582768114194028,0.006128466019938724,0.0007644499133471556
2016-12-01,2191.080078125,-0.7132593372627101,0.0060092769294266815,0.0007644499133471556
2016-12-02,2191.949951171875,-0.06173711708010352,0.005953018389013436,0.0007644499133471556
2016-12-05,2204.7099609375,0.875869017935814,0.0057542588106088925,0.0007644499133471556
2016-12-06,2212.22998046875,0.45690179865935177,0.0057794356758402885,0.0007644499133471556
2016-12-07,2241.35009765625,2.1792288042849175,0.005650122101527791,0.0007644499133471556
2016-12-08,2246.18994140625,0.209355316644935,0.006651682535895305,0.0007644499133471556
2016-12-09,2259.530029296875,0.8033474744604981,0.006419350011756507,0.0007644499133471556
2016-12-12,2256.9599609375,-0.29784637324535873,0.006387629243950575,0.0007644499133471556
2016-12-13,2271.719970703125,0.9301567462196577,0.006186089937287852,0.0007644499133471556
2016-12-14,2253.280029296875,-1.4317257669325103,0.006226573259420846,0.0007644499133471556
2016-12-15,2262.030029296875,0.47119441235026155,0.006602917379023734,0.0007644499133471556
2016-12-16,2258.070068359375,-0.39132841333331514,0.006430932635049604,0.0007644499133471556
2016-12-19,2262.530029296875,0.19349239776838753,0.006246874894335422,0.0007644499133471556
2016-12-20,2270.760009765625,0.47469863796846945,0.006038488966543014,0.0007644499133471556
2016-12-21,2265.179931640625,-0.5466863724155436,0.0058988769443361596,0.0007644499133471556
2016-12-22,2260.9599609375,-0.4542311591282378,0.005788156719124149,0.0007644499133471556
2016-12-23,2263.7900390625,0.08598673714856335,0.00565764718914222,0.0007644499133471556
2016-12-27,2268.8798828125,0.2703103237705155,0.005480364088717299,0.0007644499133471556
2016-12-28,2249.919921875,-1.7168420952275283,0.005333100026246293,0.0007644499133471556
2016-12-29,2249.260009765625,-0.17953501448937065,0.005891873784197985,0.0007644499133471556
2016-12-30,2238.830078125,-0.9486117737134299,0.005705479059167159,0.0007644499133471556
2017-01-03,2257.830078125,1.3326550454772634,0.005767671736129778,0.0007644499133471556
2017-01-04,2270.75,0.8154750433830638,0.006059675151678481,0.0007644499133471556
2017-01-05,2269.0,-0.25394709408962435,0.0060462102208047016,0.0007644499133471556
2017-01-06,2276.97998046875,0.4687396379896974,0.005858986619971461,0.0007644499133471556
2017-01-09,2268.89990234375,-0.7540664568941842,0.005728083175450021,0.0007644499133471556
2017-01-10,2268.89990234375,-0.13410415674768475,0.005700419225523771,0.0007644499133471556
2017-01-11,2275.320068359375,0.37319589714228496,0.005523084502102507,0.0007644499133471556
2017-01-12,2270.43994140625,-0.5401152496292558,0.00539063155331259,0.0007644499133471556
2017-01-13,2274.639892578125,0.20422495453491887,0.0053063127582393945,0.0007644499133471556
2017-01-17,2267.889892578125,-0.7236902927136901,0.005162932828012659,0.0007644499133471556
2017-01-18,2271.889892578125,0.19377768952005922,0.005148944436964612,0.0007644499133471556
2017-01-19,2263.68994140625,-0.8733002607037307,0.0050157863621118895,0.0007644499133471556
2017-01-20,2271.31005859375,0.5125371484112089,0.005065260451852959,0.0007644499133471556
2017-01-23,2265.199951171875,-0.6925968918957495,0.004993091363652125,0.0007644499133471556
2017-01-24,2280.070068359375,1.1610862030227265,0.004976969496813538,0.0007644499133471556
2017-01-25,2298.3701171875,1.4004810027129366,0.005162228454807119,0.0007644499133471556
2017-01-26,2296.679931640625,-0.27333137520044337,0.0054882277876448695,0.0007644499133471556
2017-01-27,2294.68994140625,-0.30543535695420365,0.005340866294445867,0.0007644499133471556
2017-01-30,2280.89990234375,-1.3040734684560933,0.005208390151120149,0.0007644499133471556
2017-01-31,2278.8701171875,-0.3022532363092806,0.005474718952840183,0.0007644499133471556
2017-02-01,2279.550048828125,-0.08741005488898404,0.00533269228377536,0.0007644499133471556
2017-02-02,2280.85009765625,-0.03752021544047793,0.005178623639951756,0.0007644499133471556
2017-02-03,2297.419921875,1.2860022735805094,0.005034242220413266,0.0007644499133471556
2017-02-06,2292.56005859375,-0.5449592499449146,0.005288555845868442,0.0007644499133471556
2017-02-07,2293.080078125,-0.103165491778063,0.0052114950477627495,0.0007644499133471556
2017-02-08,2294.669921875,-0.014084753957042088,0.005067022466646729,0.0007644499133471556
2017-02-09,2307.8701171875,1.008306784191284,0.004930655927898566,0.0007644499133471556
2017-02-10,2316.10009765625,0.5544497319046464,0.005041497448397469,0.0007644499133471556
2017-02-13,2328.25,0.8968409588905353,0.0049815785356089595,0.0007644499133471556
2017-02-14,2337.580078125,0.6415826318280512,0.005042027514224223,0.0007644499133471556
2017-02-15,2349.25,0.8418906615940206,0.0050071095270327135,0.0007644499133471556
2017-02-16,2347.219970703125,-0.32292790628263407,0.005044288471841256,0.0007644499133471556
2017-02-17,2351.159912109375,0.18494335559961766,0.004935021379550925,0.0007644499133471556
2017-02-21,2365.3798828125,1.0931411937724327,0.004816761216866314,0.0007644499133471556
2017-02-22,2362.820068359375,-0.3716739879431426,0.004970043963458192,0.0007644499133471556
2017-02-23,2363.81005859375,-0.07089531904754667,0.0048741009523657645,0.0007644499133471556
2017-02-24,2367.340087890625,0.15310755041592394,0.004753523367772478,0.0007644499133471556
2017-02-27,2369.75,0.0544530198499771,0.004646488938236821,0.0007644499133471556
2017-02-28,2363.639892578125,-0.736525443953658,0.004543164198890328,0.0007644499133471556
2017-03-01,2395.9599609375,2.807799514157556,0.004564699547012946,0.0007644499133471556
2017-03-02,2381.919921875,-1.1153134026730904,0.005954888437218158,0.0007644499133471556
2017-03-03,2383.1201171875,-0.042696270063466484,0.0061059091209804805,0.0007644499133471556
2017-03-06,2375.31005859375,-0.6863924021216664,0.005896150167751426,0.0007644499133471556
2017-03-07,2368.389892578125,-0.6311167518485119,0.005834222914623012,0.0007644499133471556
2017-03-08,2362.97998046875,-0.5302116934397212,0.005754829467483158,0.0007644499133471556
2017-03-09,2364.8701171875,0.006220198623159733,0.005647038229365742,0.0007644499133471556
2017-03-10,2372.60009765625,0.4569627774730038,0.005468475586414727,0.0007644499133471556
2017-03-13,2373.469970703125,-0.07426129604875709,0.00535789590739552,0.0007644499133471556
2017-03-14,2365.449951171875,-0.7977003264685426,0.005201450665824423,0.0007644499133471556
2017-03-15,2385.260009765625,1.4531045495087351,0.005213271965806112,0.0007644499133471556
2017-03-16,2381.3798828125,-0.42914569009161263,0.00557499415179966,0.0007644499133471556
2017-03-17,2378.25,-0.38149223182349656,0.00545130150524471,0.0007644499133471556
2017-03-20,2373.469970703125,-0.5213699509488343,0.005325136189139359,0.0007644499133471556
2017-03-21,2344.02001953125,-2.5288606748593723,0.005239531238385086,0.0007644499133471556
2017-03-22,2348.449951171875,0.17239773316532173,0.006517794135019045,0.0007644499133471556
2017-03-23,2345.9599609375,-0.2902133065025434,0.0062894499227975345,0.0007644499133471556
2017-03-24,2343.97998046875,-0.2640565256807215,0.006092642941272689,0.0007644499133471556
2017-03-27,2341.590087890625,-0.30226421743241405,0.005903965458934321,0.0007644499133471556
2017-03-28,2358.570068359375,1.126812980265974,0.005733745554432438,0.0007644499133471556
2017-03-29,2361.1298828125,0.054346623922541075,0.005893398105823657,0.0007644499133471556
2017-03-30,2368.06005859375,0.3801643700282956,0.005698485100528006,0.0007644499133471556
2017-03-31,2362.719970703125,-0.5438954496443652,0.005556295522586161,0.0007644499133471556
2017-04-03,2358.840087890625,-0.4407201728593831,0.005463614714384231,0.0007644499133471556
2017-04-04,2360.159912109375,-0.0383370496882445,0.005349494558228098,0.0007644499133471556
2017-04-05,2352.949951171875,-0.7364292918137547,0.00519260541015576,0.0007644499133471556
2017-04-06,2357.489990234375,0.22447944420475183,0.005181767909790712,0.0007644499133471556
2017-04-07,2355.5400390625,-0.31526579981700437,0.0050494610491085825,0.0007644499133471556
2017-04-10,2357.159912109375,-0.015591288788249833,0.004938640968661253,0.0007644499133471556
2017-04-11,2353.780029296875,-0.4570575098022698,0.004811994460515301,0.0007644499133471556
2017-04-12,2344.929931640625,-0.9553251400023686,0.004743397972676431,0.0007644499133471556
2017-04-13,2328.949951171875,-1.5719047662218526,0.00483646997357497,0.0007644499133471556
2017-04-17,2349.010009765625,1.4840103645888851,0.005264124809481566,0.0007644499133471556
2017-04-18,2342.18994140625,-0.6501121404570931,0.005648337464669702,0.0007644499133471556
2017-04-19,2338.169921875,-0.4444698389904107,0.005584800345179966,0.0007644499133471556
2017-04-20,2355.840087890625,1.2379692988193294,0.00546411001959258,0.0007644499133471556
2017-04-21,2348.68994140625,-0.6683862471815116,0.00569152647365806,0.0007644499133471556
2017-04-24,2374.14990234375,1.7785090747290746,0.005632406838458575,0.0007644499133471556
2017-04-25,2388.610107421875,0.8474632442212768,0.006263120359020712,0.0007644499133471556
2017-04-26,2387.449951171875,-0.19977534914790177,0.006258386704702385,0.0007644499133471556
2017-04-27,2388.77001953125,-0.034988881580535654,0.006050005129792676,0.0007644499133471556
2017-04-28,2384.199951171875,-0.45850296114468625,0.005843864951597705,0.0007644499133471556
2017-05-01,2388.330078125,0.16920227486741524,0.005711163838097822,0.0007644499133471556
2017-05-02,2391.169921875,0.07656975707247683,0.005536045674836593,0.0007644499133471556
2017-05-03,2388.1298828125,-0.3794759925561672,0.005366925310494041,0.0007644499133471556
2017-05-04,2389.52001953125,-0.03479266635790386,0.0052458361081069195,0.0007644499133471556
2017-05-05,2399.2900390625,0.6506312420822034,0.0050964498469507225,0.0007644499133471556
2017-05-08,2399.3798828125,-0.1436368117109489,0.005061408929782446,0.0007644499133471556
2017-05-09,2396.919921875,-0.36309359800255236,0.004930476549266475,0.0007644499133471556
2017-05-10,2399.6298828125,0.07558518427038656,0.004835773142985147,0.0007644499133471556
2017-05-11,2394.43994140625,-0.6209017700148459,0.004718300750509581,0.0007644499133471556
2017-05-12,2390.89990234375,-0.477880350604024,0.004695705214297043,0.0007644499133471556
2017-05-15,2402.320068359375,0.8623423126006174,0.004639332120446404,0.0007644499133471556
2017-05-16,2400.669921875,-0.308881287986144,0.004699484905017351,0.0007644499133471556
2017-05-17,2357.030029296875,-4.142700289731954,0.004612913497949105,0.0007644499133471556
2017-05-18,2365.719970703125,0.3937732835757345,0.0074042319158710524,0.0007644499133471556
2017-05-19,2381.72998046875,0.834561246453283,0.0071657452586834265,0.0007644499133471556
2017-05-22,2394.02001953125,0.6149059647342898,0.007126965152395265,0.0007644499133471556
2017-05-23,2398.419921875,0.15352553601738209,0.006980827338794724,0.0007644499133471556
2017-05-24,2404.389892578125,0.25614941636611993,0.006721014303497149,0.0007644499133471556
2017-05-25,2415.070068359375,0.5649967191829836,0.006491475090217623,0.0007644499133471556
2017-05-26,2415.820068359375,-0.07141975604141343,0.006356058228223377,0.0007644499133471556
2017-05-30,2412.909912109375,-0.3213099900444326,0.006130530341146816,0.0007644499133471556
2017-05-31,2411.800048828125,-0.2058226201591475,0.0059494166984739,0.0007644499133471556
2017-06-01,2430.06005859375,1.176334464677279,0.005762090523599184,0.0007644499133471556
2017-06-02,2439.070068359375,0.49338165951381474,0.005951629226737895,0.0007644499133471556
2017-06-05,2436.10009765625,-0.3405699241929566,0.005822173107254084,0.0007644499133471556
2017-06-06,2429.330078125,-0.6262776521873707,0.005664194734015408,0.0007644499133471556
2017-06-07,2433.139892578125,0.14353182209990406,0.005591644216999868,0.0007644499133471556
2017-06-08,2433.7900390625,-0.09170527765702677,0.005422598245023525,0.0007644499133471556
2017-06-09,2431.77001953125,-0.3030610875740038,0.005262251885587274,0.0007644499133471556
2017-06-12,2429.389892578125,-0.3395846330244874,0.005134780032698158,0.0007644499133471556
2017-06-13,2440.35009765625,0.7441145462900081,0.0050219538759380435,0.0007644499133471556
2017-06-14,2437.919921875,-0.35061835554667237,0.005021918706792786,0.0007644499133471556
2017-06-15,2432.4599609375,-0.6112466807166136,0.0049187338026321845,0.0007644499133471556
2017-06-16,2433.14990234375,-0.09850006755292658,0.004881730289464898,0.0007644499133471556
2017-06-19,2453.4599609375,1.5851851639104528,0.004761672936003603,0.0007644499133471556
2017-06-20,2437.030029296875,-1.4405643347186146,0.005194915756220353,0.0007644499133471556
2017-06-21,2435.610107421875,-0.24284651486155098,0.0055478008707962705,0.0007644499133471556
2017-06-22,2434.5,-0.22631620758454718,0.005392171859054096,0.0007644499133471556
2017-06-23,2438.300048828125,0.15161393224827044,0.005245221400627672,0.0007644499133471556
2017-06-26,2439.070068359375,-0.08795540868760598,0.0051014256008797484,0.0007644499133471556
2017-06-27,2419.3798828125,-1.7867474895678073,0.004964348091047614,0.0007644499133471556
2017-06-28,2440.68994140625,1.4421807118519898,0.005550657880401249,0.0007644499133471556
2017-06-29,2419.699951171875,-1.58960382615191,0.005914471645584752,0.0007644499133471556
2017-06-30,2423.409912109375,0.1198366636913319,0.006405449500025597,0.0007644499133471556
2017-07-03,2429.010009765625,0.24981063447026203,0.006179553040541966,0.0007644499133471556
2017-07-05,2432.5400390625,0.11495291105519836,0.005983094439524791,0.0007644499133471556
2017-07-06,2409.75,-1.7592730908320091,0.005785024095036971,0.0007644499133471556
2017-07-07,2425.179931640625,0.876354212332189,0.006410949564922042,0.0007644499133471556
2017-07-10,2427.429931640625,0.025384758761597463,0.0064166924608252416,0.0007644499133471556
2017-07-11,2425.530029296875,-0.25016153143387043,0.006185751144709433,0.0007644499133471556
2017-07-12,2443.25,1.0877707047408707,0.005988946940822598,0.0007644499133471556
2017-07-13,2447.830078125,0.18102031421555528,0.006122956779348388,0.0007644499133471556
2017-07-14,2459.27001953125,0.6583297702711747,0.005921297247512248,0.0007644499133471556
2017-07-17,2459.139892578125,-0.13977865669866002,0.005847560488552437,0.0007644499133471556
2017-07-18,2460.610107421875,-0.029462065637149815,0.005660540482466376,0.0007644499133471556
2017-07-19,2473.830078125,0.8380943120387945,0.00548125459953444,0.0007644499133471556
2017-07-20,2473.449951171875,-0.16697135285213657,0.00549867379206811,0.0007644499133471556
2017-07-21,2472.5400390625,-0.21213336702890737,0.005338100546915505,0.0007644499133471556
2017-07-24,2469.909912109375,-0.3521349988712035,0.0051933233408157815,0.0007644499133471556
2017-07-25,2477.1298828125,0.42421671696521507,0.005078672104115922,0.0007644499133471556
2017-07-26,2477.830078125,-0.09664514084282963,0.004985516116234457,0.0007644499133471556
2017-07-27,2475.419921875,-0.3577169624714128,0.0048575039291846025,0.0007644499133471556
2017-07-28,2472.10009765625,-0.441884693189733,0.004767002849222334,0.0007644499133471556
2017-07-31,2470.300048828125,-0.3177437982626939,0.004698315926445678,0.0007644499133471556
2017-08-01,2476.35009765625,0.36454364192262145,0.004613085151402159,0.0007644499133471556
2017-08-02,2477.570068359375,-0.059878516932676804,0.00454123648896375,0.0007644499133471556
2017-08-03,2472.159912109375,-0.6635615265486171,0.004446447888019097,0.0007644499133471556
2017-08-04,2476.830078125,0.25222693776918625,0.004451830221322183,0.0007644499133471556
2017-08-07,2480.909912109375,0.20136371726747826,0.004377127830643517,0.0007644499133471556
2017-08-08,2474.919921875,-0.7393555743951306,0.004303480292734026,0.0007644499133471556
2017-08-09,2474.02001953125,-0.2599976819766992,0.004338979861215199,0.0007644499133471556
2017-08-10,2438.2099609375,-3.5901972014535546,0.004274046090804184,0.0007644499133471556
2017-08-11,2441.320068359375,0.0808204932375849,0.0063140819140988244,0.0007644499133471556
2017-08-14,2465.840087890625,1.515024189009058,0.006091784804266955,0.0007644499133471556
2017-08-15,2464.610107421875,-0.19346968140644488,0.006530130359684149,0.0007644499133471556
2017-08-16,2468.110107421875,0.10385505826537654,0.006303454265197437,0.0007644499133471556
2017-08-17,2430.010009765625,-2.6831041239873556,0.006083175175580883,0.0007644499133471556
2017-08-18,2425.550048828125,-0.3368284393692096,0.007723527085691089,0.0007644499133471556
2017-08-21,2428.3701171875,0.053345085873701195,0.0074519666565016985,0.0007644499133471556
2017-08-22,2452.510009765625,1.2755866487816274,0.007155331514323845,0.0007644499133471556
2017-08-23,2444.0400390625,-0.5688084635279935,0.007426085082818533,0.0007644499133471556
2017-08-24,2438.969970703125,-0.3920248851943828,0.0072471589630767295,0.0007644499133471556
2017-08-25,2443.050048828125,0.12926350610656606,0.007016843213602055,0.0007644499133471556
2017-08-28,2444.239990234375,-0.04109591942084778,0.006752408608001802,0.0007644499133471556
2017-08-29,2446.300048828125,0.012002948976402722,0.006499806740494686,0.0007644499133471556
2017-08-30,2457.590087890625,0.6131169342340145,0.006263212872290697,0.0007644499133471556
2017-08-31,2471.64990234375,0.8024536698815073,0.0061563973806685645,0.0007644499133471556
2017-09-01,2476.550048828125,0.19827873246331348,0.006133426988762174,0.0007644499133471556
2017-09-05,2457.85009765625,-1.4063474686382498,0.00593303479514305,0.0007644499133471556
2017-09-06,2465.5400390625,0.3756152583334949,0.006281407710285721,0.0007644499133471556
2017-09-07,2465.10009765625,-0.15451127493111078,0.006102479955726595,0.0007644499133471556
2017-09-08,2461.429931640625,-0.3821341079423118,0.005899525873113618,0.0007644499133471556
2017-09-11,2488.110107421875,1.743447522922075,0.005745240480202034,0.0007644499133471556
2017-09-12,2496.47998046875,0.4081862208634098,0.006354581681001749,0.0007644499133471556
2017-09-13,2498.3701171875,-0.0012324747239971109,0.006179165476049147,0.0007644499133471556
2017-09-14,2495.6201171875,-0.31284419783841416,0.005963907200666103,0.0007644499133471556
2017-09-15,2500.22998046875,0.1866503118579518,0.005791726903916977,0.0007644499133471556
2017-09-18,2503.8701171875,0.12300567438767716,0.005612846880593509,0.0007644499133471556
2017-09-19,2506.64990234375,0.0634333293080284,0.005440825937234056,0.0007644499133471556
2017-09-20,2508.239990234375,-0.024687929061203682,0.0052780130206419775,0.0007644499133471556
2017-09-21,2500.60009765625,-0.744231636900703,0.00512611352582287,0.0007644499133471556
2017-09-22,2502.219970703125,-0.022820015403433123,0.005121202423139169,0.0007644499133471556
2017-09-25,2496.659912109375,-0.6000912259845815,0.0049808637150075726,0.0007644499133471556
2017-09-26,2496.840087890625,-0.14022122685414198,0.004937096921655031,0.0007644499133471556
2017-09-27,2507.0400390625,0.687897916740358,0.004815209361785288,0.0007644499133471556
2017-09-28,2510.06005859375,0.09141792735313178,0.004806942448972706,0.0007644499133471556
2017-09-29,2519.360107421875,0.6252387718910065,0.0046923084220744735,0.0007644499133471556
2017-10-02,2529.1201171875,0.6639057806281345,0.00467245354217315,0.0007644499133471556
2017-10-03,2534.580078125,0.2984184524394518,0.004664796228028858,0.0007644499133471556
2017-10-04,2537.739990234375,0.10514410819052228,0.004579369743609515,0.0007644499133471556
2017-10-05,2552.070068359375,1.0854933107100622,0.004483172830205885,0.0007644499133471556
2017-10-06,2549.330078125,-0.3962820365827655,0.004639779018100577,0.0007644499133471556
2017-10-09,2544.72998046875,-0.5623087646954855,0.004571356419729215,0.0007644499133471556
2017-10-10,2550.639892578125,0.3423793883466135,0.004542533137410729,0.0007644499133471556
2017-10-11,2555.239990234375,0.23196069716935835,0.004472451708312299,0.0007644499133471556
2017-10-12,2550.929931640625,-0.5581730635812925,0.004394026143007065,0.0007644499133471556
2017-10-13,2553.169921875,0.02588592488811244,0.00437581782334409,0.0007644499133471556
2017-10-16,2557.639892578125,0.22934265184410396,0.004293892178538157,0.0007644499133471556
2017-10-17,2559.360107421875,-0.021774990082939327,0.004229485642122995,0.0007644499133471556
2017-10-18,2561.260009765625,-0.005382600060213967,0.00415977441517711,0.0007644499133471556
2017-10-19,2562.10009765625,-0.10657076809065859,0.004095924296663971,0.0007644499133471556
2017-10-20,2575.2099609375,1.0741453105472165,0.0040398130765683625,0.0007644499133471556
2017-10-23,2564.97998046875,-1.1288142185015182,0.004203388962129705,0.0007644499133471556
2017-10-24,2569.1298828125,0.19432532504360553,0.004385177078796434,0.0007644499133471556
2017-10-25,2557.14990234375,-1.2617248377407435,0.004310294477792164,0.0007644499133471556
2017-10-26,2560.39990234375,0.11110542268588258,0.004551437049881259,0.0007644499133471556
2017-10-27,2581.070068359375,1.6322494183110896,0.004457750135949618,0.0007644499133471556
2017-10-30,2572.830078125,-0.8073226544652049,0.004907613168259774,0.0007644499133471556
2017-10-31,2575.260009765625,0.03638027897548045,0.004935724199728698,0.0007644499133471556
2017-11-01,2579.360107421875,0.17182330098607917,0.004809558364983729,0.0007644499133471556
2017-11-02,2579.85009765625,-0.12224381988240991,0.004699641619781447,0.0007644499133471556
2017-11-03,2587.840087890625,0.5066201374412782,0.0045948418567097644,0.0007644499133471556
2017-11-06,2591.1298828125,0.11117077314425133,0.004551501776215178,0.0007644499133471556
2017-11-07,2590.639892578125,-0.2139099922018829,0.004457812880144078,0.0007644499133471556
2017-11-08,2594.3798828125,0.15487377621502563,0.004378817610617961,0.0007644499133471556
2017-11-09,2584.6201171875,-1.0539061026667305,0.004301551382277998,0.0007644499133471556
2017-11-10,2582.300048828125,-0.3736555628365263,0.004449276431964176,0.0007644499133471556
2017-11-13,2584.840087890625,0.049806943289494664,0.004390974099227751,0.0007644499133471556
2017-11-14,2578.8701171875,-0.7141603358327894,0.00430817887700424,0.0007644499133471556
2017-11-15,2564.6201171875,-1.4542008252755683,0.004336023296009268,0.0007644499133471556
2017-11-16,2585.639892578125,1.5817347888500777,0.004677271386945814,0.0007644499133471556
2017-11-17,2578.85009765625,-0.6648431901835825,0.005104762961183983,0.0007644499133471556
2017-11-20,2582.139892578125,0.10059893238931777,0.005073811056638555,0.0007644499133471556
2017-11-21,2599.030029296875,1.1652056039796193,0.004939376318435737,0.0007644499133471556
2017-11-22,2597.080078125,-0.29548412920879247,0.005127153937957151,0.0007644499133471556
2017-11-24,2602.419921875,0.2574990962347452,0.005007918022784926,0.0007644499133471556
2017-11-27,2601.419921875,-0.23482753319746846,0.004892022176907124,0.0007644499133471556
2017-11-28,2627.0400390625,1.8895911791667972,0.0047819244623224805,0.0007644499133471556
2017-11-29,2626.070068359375,-0.20877510983277414,0.005430454794376811,0.0007644499133471556
2017-11-30,2647.580078125,1.4005263075557288,0.0052788274733424345,0.0007644499133471556
2017-12-01,2642.219970703125,-0.4977477047987595,0.005607324397971677,0.0007644499133471556
2017-12-04,2639.43994140625,-0.3304634517705,0.0054988243114266954,0.0007644499133471556
2017-12-05,2629.570068359375,-0.84158480564574,0.0053599356939926434,0.0007644499133471556
2017-12-06,2629.27001953125,-0.16320024276882675,0.005383338094184021,0.0007644499133471556
2017-12-07,2636.97998046875,0.4136476497285903,0.005230579934835505,0.0007644499133471556
2017-12-08,2651.5,0.9222402086131636,0.005125293907190329,0.0007644499133471556
2017-12-11,2659.989990234375,0.4685116093555864,0.005191743725826361,0.0007644499133471556
2017-12-12,2664.110107421875,0.15355086564471115,0.005101070615614203,0.0007644499133471556
2017-12-13,2662.85009765625,-0.24910117127526898,0.0049679368312958334,0.0007644499133471556
2017-12-14,2652.010009765625,-0.9978785332492448,0.004853915063528102,0.0007644499133471556
2017-12-15,2675.81005859375,1.6464576564074653,0.004962085398917619,0.0007644499133471556
2017-12-18,2690.159912109375,0.8416589491127746,0.005446420632825963,0.0007644499133471556
2017-12-19,2681.469970703125,-0.7316991630927311,0.0054666564596831824,0.0007644499133471556
2017-12-20,2679.25,-0.29269267510514807,0.005441495884198534,0.0007644499133471556
2017-12-21,2684.570068359375,0.23003588726742744,0.005300203867294076,0.0007644499133471556
2017-12-22,2683.340087890625,-0.23695521513288542,0.00516013775335227,0.0007644499133471556
2017-12-26,2680.5,-0.3624511781427745,0.005030817178603438,0.0007644499133471556
2017-12-27,2682.6201171875,0.005311030479242318,0.004929061694791924,0.0007644499133471556
2017-12-28,2687.5400390625,0.22232938876265068,0.004803094613426978,0.0007644499133471556
2017-12-29,2673.610107421875,-1.2687783678185496,0.004698284867785482,0.0007644499133471556
2018-01-02,2695.81005859375,1.5185256667851734,0.004942049034270722,0.0007644499133471556
2018-01-03,2713.06005859375,1.0515821321174597,0.005338606618661915,0.0007644499133471556
2018-01-04,2723.989990234375,0.5961786792951668,0.005461605815607755,0.0007644499133471556
2018-01-05,2743.14990234375,1.1585973121542774,0.0053898761111631655,0.0007644499133471556
2018-01-08,2747.7099609375,0.1609404025453655,0.0055704710549429395,0.0007644499133471556
2018-01-09,2751.2900390625,0.09948177528668008,0.005404342678867055,0.0007644499133471556
2018-01-10,2748.22998046875,-0.3578734429997065,0.005245697219475944,0.0007644499133471556
2018-01-11,2767.56005859375,1.2176114788958574,0.005128545487430448,0.0007644499133471556
2018-01-12,2786.239990234375,1.1157794261640175,0.0053437770458320015,0.0007644499133471556
2018-01-16,2776.419921875,-0.7808145209515088,0.005500875124242943,0.0007644499133471556
2018-01-17,2802.56005859375,1.5666733873313314,0.005493523004061058,0.0007644499133471556
2018-01-18,2798.030029296875,-0.40062341975872207,0.005946101234559484,0.0007644499133471556
2018-01-19,2810.300048828125,0.6233595928404911,0.005793121843505591,0.0007644499133471556
2018-01-22,2832.969970703125,1.2725063216004584,0.005713067468083427,0.0007644499133471556
2018-01-23,2839.1298828125,0.2360141426709456,0.005963858940595767,0.0007644499133471556
2018-01-24,2837.5400390625,-0.22918841753359834,0.005779447647632642,0.0007644499133471556
2018-01-25,2839.25,-0.028897540893314155,0.0056063772039422685,0.0007644499133471556
2018-01-26,2872.8701171875,2.0267681762036776,0.005430906367078687,0.0007644499133471556
2018-01-29,2853.530029296875,-1.201194449551874,0.00625975769453093,0.0007644499133471556
2018-01-30,2822.429931640625,-1.813087523718127,0.0064658173228413765,0.0007644499133471556
2018-01-31,2823.81005859375,-0.03828961556766072,0.007197357575068597,0.0007644499133471556
2018-02-01,2821.97998046875,-0.20426625354298097,0.006916209803951859,0.0007644499133471556
2018-02-02,2762.1298828125,-3.3301952466172615,0.006666615254044755,0.0007644499133471556
2018-02-05,2648.93994140625,-4.549028679255225,0.009366173276952008,0.0007644499133471556
2018-02-06,2695.139892578125,1.0420801694407427,0.01585878315337204,0.0007644499133471556
2018-02-07,2681.659912109375,-0.3630498914171345,0.015916787950393137,0.0007644499133471556
2018-02-08,2581.0,-2.559938503672391,0.0152439217204504,0.0007644499133471556
2018-02-09,2619.550048828125,0.7472534330415449,0.018817170540045457,0.0007644499133471556
2018-02-12,2656.0,0.7094684253585716,0.01839999540253169,0.0007644499133471556
2018-02-13,2662.93994140625,0.10282050498541599,0.017944592542043114,0.0007644499133471556
2018-02-14,2698.6298828125,0.735195030108394,0.01706892645030488,0.0007644499133471556
2018-02-15,2731.199951171875,0.6733186630479581,0.016682163260678933,0.0007644499133471556
2018-02-16,2732.219970703125,-0.024086173081553922,0.01623546680086518,0.0007644499133471556
2018-02-20,2716.260009765625,-0.4288870705158383,0.015442216554159142,0.0007644499133471556
2018-02-21,2701.330078125,-0.42316359257446645,0.014831413918373946,0.0007644499133471556
2018-02-22,2703.9599609375,0.01464619508612559,0.01424448950760862,0.0007644499133471556
2018-02-23,2747.300048828125,1.116411286976836,0.013558469453281277,0.0007644499133471556
2018-02-26,2779.60009765625,0.7961071044491611,0.013721757595466656,0.0007644499133471556
2018-02-27,2744.280029296875,-1.0047811560239528,0.013488271822736706,0.0007644499133471556
2018-02-28,2713.830078125,-0.8830371557822463,0.013501420544916707,0.0007644499133471556
2018-03-01,2677.669921875,-1.0606713973915283,0.01336739710629709,0.0007644499133471556
2018-03-02,2691.25,0.31919173422500646,0.013453780632126915,0.0007644499133471556
2018-03-05,2720.93994140625,0.7925730879358209,0.012878519158104375,0.0007644499133471556
2018-03-06,2728.1201171875,0.14776472786876238,0.01266156711168127,0.0007644499133471556
2018-03-07,2726.800048828125,-0.1033837773018864,0.012075799237031271,0.0007644499133471556
2018-03-08,2738.969970703125,0.3203332987984935,0.01151518842834337,0.0007644499133471556
2018-03-09,2786.570068359375,1.4917000964812048,0.01103780637052998,0.0007644499133471556
2018-03-12,2783.02001953125,-0.17457787488439014,0.011681017727452647,0.0007644499133471556
2018-03-13,2765.31005859375,-0.6408995891619443,0.011153635372132513,0.0007644499133471556
2018-03-14,2749.47998046875,-0.5988849512024642,0.010862553359329048,0.0007644499133471556
2018-03-15,2747.330078125,-0.14654215413546037,0.010554548768363153,0.0007644499133471556
2018-03-16,2752.010009765625,0.09297127348172263,0.010084276559564393,0.0007644499133471556
2018-03-19,2712.919921875,-1.5643020420646585,0.009634002928762816,0.0007644499133471556
2018-03-20,2716.93994140625,0.06951138842602543,0.010304192803370898,0.0007644499133471556
2018-03-21,2711.929931640625,-0.26527273658782935,0.009839465874067943,0.0007644499133471556
2018-03-22,2643.68994140625,-2.782673881827391,0.009433134460213335,0.0007644499133471556
2018-03-23,2588.260009765625,-1.8149212650554267,0.01209653423969736,0.0007644499133471556
2018-03-26,2658.550048828125,1.9489091838372237,0.013356492446423998,0.0007644499133471556
2018-03-27,2612.6201171875,-1.2108407089933673,0.015024053472560204,0.0007644499133471556
2018-03-28,2605.0,-0.2401007629482751,0.015349259067551451,0.0007644499133471556
2018-03-29,2640.8701171875,0.8814959329480344,0.014647064266441072,0.0007644499133471556
2018-04-02,2581.8798828125,-1.6115397229116888,0.01449243349375563,0.0007644499133471556
2018-04-03,2614.449951171875,0.7571330417592085,0.015547480763806914,0.0007644499133471556
2018-04-04,2644.68994140625,0.7050648155846405,0.015226475915122242,0.0007644499133471556
2018-04-05,2662.840087890625,0.40887460646485624,0.014857786206946078,0.0007644499133471556
2018-04-06,2604.469970703125,-1.6077792466510088,0.014260985777849827,0.0007644499133471556
2018-04-09,2613.159912109375,0.16782666132300678,0.015292832700198843,0.0007644499133471556
2018-04-10,2656.8701171875,1.0859875106981047,0.014571207244174182,0.0007644499133471556
2018-04-11,2642.18994140625,-0.4290738691321344,0.014694755703863771,0.0007644499133471556
2018-04-12,2663.989990234375,0.5278814228652646,0.01411765684774256,0.0007644499133471556
2018-04-13,2656.300048828125,-0.2681368257778136,0.013632031816035005,0.0007644499133471556
2018-04-16,2677.840087890625,0.5612547825802893,0.01302774981194913,0.0007644499133471556
2018-04-17,2706.389892578125,0.7803937293250186,0.012609816469221229,0.0007644499133471556
2018-04-18,2708.639892578125,0.005373878156195097,0.012387793744331068,0.0007644499133471556
2018-04-19,2693.1298828125,-0.5512800012636924,0.011803496760745422,0.0007644499133471556
2018-04-20,2670.139892578125,-0.8170921374162661,0.011427875357149382,0.0007644499133471556
2018-04-23,2670.2900390625,-0.06285042816566604,0.01126833695222943,0.0007644499133471556
2018-04-24,2634.56005859375,-1.3243794376414908,0.010748685395760293,0.0007644499133471556
2018-04-25,2639.39990234375,0.0960496301488517,0.011149697482612141,0.0007644499133471556
2018-04-26,2666.93994140625,0.9037637721304598,0.010639610228414595,0.0007644499133471556
2018-04-27,2669.909912109375,0.032962413781286205,0.010574327484916933,0.0007644499133471556
2018-04-30,2648.050048828125,-0.8903466765378918,0.010092296292056737,0.0007644499133471556
2018-05-01,2654.800048828125,0.1776937995083065,0.010024841961899553,0.0007644499133471556
2018-05-02,2635.669921875,-0.8338871907736058,0.00958930800619586,0.0007644499133471556
2018-05-03,2629.72998046875,-0.31840334136450366,0.009486921479737908,0.0007644499133471556
2018-05-04,2663.419921875,1.3128172068314572,0.009114262101931718,0.0007644499133471556
2018-05-07,2672.6298828125,0.28410860003854244,0.00945951879414495,0.0007644499133471556
2018-05-08,2671.919921875,-0.11346616201696304,0.009078711280698598,0.0007644499133471556
2018-05-09,2697.7900390625,1.0210446180195558,0.008688354911197153,0.0007644499133471556
2018-05-10,2723.070068359375,0.9785118262094759,0.008750596018517796,0.0007644499133471556
2018-05-11,2727.719970703125,0.10728619763635862,0.008777357930103098,0.0007644499133471556
2018-05-14,2730.1298828125,0.014118162790047259,0.008404039430898657,0.0007644499133471556
2018-05-15,2711.449951171875,-0.9480589760940324,0.008048133238265106,0.0007644499133471556
2018-05-16,2722.4599609375,0.40782559230169896,0.008062000022144158,0.0007644499133471556
2018-05-17,2720.1298828125,-0.2079818675907526,0.007792451912905679,0.0007644499133471556
2018-05-18,2712.969970703125,-0.4539402359871342,0.007490226462308663,0.0007644499133471556
2018-05-21,2733.010009765625,0.9077180343898328,0.007265642396341142,0.0007644499133471556
2018-05-22,2724.43994140625,-0.5373199610149982,0.0072678083629082605,0.0007644499133471556
2018-05-23,2733.2900390625,0.3498993522963018,0.00708402366933388,0.0007644499133471556
2018-05-24,2727.760009765625,-0.4071385532709859,0.006851998781881292,0.0007644499133471556
2018-05-25,2721.330078125,-0.46999286851984234,0.006647873141932936,0.0007644499133471556
2018-05-29,2689.860107421875,-1.9150101631732588,0.006473084406298194,0.0007644499133471556
2018-05-30,2724.010009765625,1.6215292328451727,0.0073087954250333565,0.0007644499133471556
2018-05-31,2705.27001953125,-0.9696066275588555,0.007908138144730167,0.0007644499133471556
2018-06-01,2734.6201171875,1.2628034288374255,0.007939754966553489,0.0007644499133471556
2018-06-04,2746.8701171875,0.4512111887939325,0.008211553873273297,0.0007644499133471556
2018-06-05,2748.800048828125,-0.007812660878664413,0.007949102711098128,0.0007644499133471556
2018-06-06,2772.35009765625,1.0191226509404645,0.007620722311291772,0.0007644499133471556
2018-06-07,2770.3701171875,-0.19226478311346915,0.007691962674510621,0.0007644499133471556
2018-06-08,2779.030029296875,0.31874338611027664,0.0073933424098998534,0.0007644499133471556
2018-06-11,2782.0,0.042556125739031184,0.007136154626844538,0.0007644499133471556
2018-06-12,2786.85009765625,0.1425013790928845,0.006859002850208192,0.0007644499133471556
2018-06-13,2775.6298828125,-0.7264407025367102,0.0066057758575499325,0.0007644499133471556
2018-06-14,2782.489990234375,0.26092727011743955,0.006530749386177853,0.0007644499133471556
2018-06-15,2779.659912109375,-0.2822494463190479,0.0063138130192355695,0.0007644499133471556
2018-06-18,2773.75,-0.47314428426529104,0.006114078073934126,0.0007644499133471556
2018-06-19,2762.590087890625,-0.8033787540200851,0.0059697469477996016,0.0007644499133471556
2018-06-20,2767.320068359375,0.15892713469247194,0.0059539254426022896,0.0007644499133471556
2018-06-21,2749.760009765625,-1.2375915193634401,0.005761334531635171,0.0007644499133471556
2018-06-22,2754.8798828125,0.18294045030411893,0.005989672267479146,0.0007644499133471556
2018-06-25,2717.070068359375,-2.515781792663953,0.005797073865327038,0.0007644499133471556
2018-06-26,2723.06005859375,0.20029024142887356,0.007178086071957329,0.0007644499133471556
2018-06-27,2699.6298828125,-1.3608727260863784,0.006911767754754198,0.0007644499133471556
2018-06-28,2716.31005859375,0.7442537688938405,0.007249180764919582,0.0007644499133471556
2018-06-29,2718.3701171875,-0.0008847921996195286,0.007158772232484809,0.0007644499133471556
2018-07-02,2726.7099609375,0.3341513025704446,0.006879550979639464,0.0007644499133471556
2018-07-03,2713.219970703125,-0.8600205401764127,0.006655747074025319,0.0007644499133471556
2018-07-05,2736.610107421875,1.17659961634078,0.0066457669402519405,0.0007644499133471556
2018-07-06,2759.820068359375,1.1236889046965237,0.006835582032651147,0.0007644499133471556
2018-07-09,2784.169921875,1.1477312441894698,0.00698755994715294,0.0007644499133471556
2018-07-10,2793.840087890625,0.3776581050626692,0.007156736130490822,0.0007644499133471556
2018-07-11,2774.02001953125,-1.1380492661469612,0.0069275878644128675,0.0007644499133471556
2018-07-12,2798.2900390625,1.1208582448964395,0.007089693726220444,0.0007644499133471556
2018-07-13,2801.31005859375,0.043404829451198564,0.007238955370502338,0.0007644499133471556
2018-07-16,2798.429931640625,-0.2578044023549673,0.006955329380980776,0.0007644499133471556
2018-07-17,2809.550048828125,0.4769822976568391,0.006711725877087954,0.0007644499133471556
2018-07-18,2815.6201171875,0.21325119620789157,0.006535635851869284,0.0007644499133471556
2018-07-19,2804.489990234375,-0.7487154730303325,0.0063111781879860085,0.0007644499133471556
2018-07-20,2801.830078125,-0.2737951749400255,0.006257771653561207,0.0007644499133471556
2018-07-23,2806.97998046875,0.17687947057869413,0.006060129117174549,0.0007644499133471556
2018-07-24,2820.39990234375,0.683203014149375,0.00586219453041046,0.0007644499133471556
2018-07-25,2846.070068359375,1.430196083786346,0.005800592835537982,0.0007644499133471556
2018-07-26,2837.43994140625,-0.6168060223933501,0.006162962948163812,0.0007644499133471556
2018-07-27,2818.820068359375,-1.2121183069135821,0.006062349290725223,0.0007644499133471556
2018-07-30,2802.60009765625,-1.0414461815467306,0.006275157895560497,0.0007644499133471556
2018-07-31,2816.2900390625,0.6441780388589141,0.006377720223485831,0.0007644499133471556
2018-08-01,2813.360107421875,-0.2875956243509523,0.006277365954341617,0.0007644499133471556
2018-08-02,2827.219970703125,0.6824534238241504,0.006080854053903699,0.0007644499133471556
2018-08-03,2840.35009765625,0.6438580835190061,0.006009060460738352,0.0007644499133471556
2018-08-06,2850.39990234375,0.46703200031861,0.005925788244845012,0.0007644499133471556
2018-08-07,2858.449951171875,0.3550181054326666,0.005790554908835515,0.0007644499133471556
2018-08-08,2857.699951171875,-0.18215172709427468,0.005637411860008323,0.0007644499133471556
2018-08-09,2853.580078125,-0.40360502321088876,0.005468625174255657,0.0007644499133471556
2018-08-10,2833.280029296875,-1.4784640964921656,0.005345927706559975,0.0007644499133471556
2018-08-13,2821.929931640625,-0.8340932600924282,0.005728960786468774,0.0007644499133471556
2018-08-14,2839.9599609375,0.9771247874237261,0.005735685119448215,0.0007644499133471556
2018-08-15,2818.3701171875,-1.4445901179882916,0.005811792833262354,0.0007644499133471556
2018-08-16,2840.68994140625,1.1517511232785005,0.006185159706215789,0.0007644499133471556
2018-08-17,2850.1298828125,0.4015632322655985,0.006358043408285067,0.0007644499133471556
2018-08-20,2857.050048828125,0.268676043724668,0.006180770588102336,0.0007644499133471556
2018-08-21,2862.9599609375,0.217456313591425,0.0059871797685585445,0.0007644499133471556
2018-08-22,2861.820068359375,-0.200504378634072,0.005798780931924669,0.0007644499133471556
2018-08-23,2856.97998046875,-0.4371413416648283,0.005620936760463714,0.0007644499133471556
2018-08-24,2874.68994140625,0.9852559297441993,0.005496293756226499,0.0007644499133471556
2018-08-27,2896.739990234375,1.231914657649441,0.005582116789554548,0.0007644499133471556
2018-08-28,2897.52001953125,-0.08529032913664551,0.005806142862403742,0.0007644499133471556
2018-08-29,2914.0400390625,0.8758218705545054,0.005618485585943443,0.0007644499133471556
2018-08-30,2901.1298828125,-0.9214962335419034,0.0056480121875273626,0.0007644499133471556
2018-08-31,2901.52001953125,-0.11055589342651938,0.0056983072228614425,0.0007644499133471556
2018-09-04,2896.719970703125,-0.43846967414854937,0.005519519604009243,0.0007644499133471556
2018-09-05,2888.60009765625,-0.6612177809551717,0.005401416624722111,0.0007644499133471556
2018-09-06,2878.050048828125,-0.8261904539998255,0.005354020890159362,0.0007644499133471556
2018-09-07,2871.679931640625,-0.5548588825232921,0.005371181578293528,0.0007644499133471556
2018-09-10,2877.1298828125,0.21382240981156161,0.005292140811355865,0.0007644499133471556
2018-09-11,2887.889892578125,0.5763023172898328,0.00515079618337783,0.0007644499133471556
2018-09-12,2888.919921875,-0.08011848824662368,0.0050904800175231735,0.0007644499133471556
2018-09-13,2904.179931640625,0.9091644666179654,0.004953891635028821,0.0007644499133471556
2018-09-14,2904.97998046875,-0.09740243153529626,0.005020470278543263,0.0007644499133471556
2018-09-17,2888.800048828125,-1.2985509108835547,0.004889866736588631,0.0007644499133471556
2018-09-18,2904.31005859375,0.8911961633867382,0.00515060897124413,0.0007644499133471556
2018-09-19,2907.949951171875,0.09380447845710627,0.005202716627735372,0.0007644499133471556
2018-09-20,2930.75,1.3928384313029654,0.0050584217908109805,0.0007644499133471556
2018-09-21,2929.669921875,-0.2107012754084367,0.005377522505062329,0.0007644499133471556
2018-09-24,2919.3701171875,-0.8195954721330037,0.005229814430533383,0.0007644499133471556
2018-09-25,2915.56005859375,-0.39442466770218143,0.005249160552068714,0.0007644499133471556
2018-09-26,2905.969970703125,-0.7899115353910799,0.0051387394823870225,0.0007644499133471556
2018-09-27,2914.0,0.38736692346087737,0.005150223713836867,0.0007644499133471556
2018-09-28,2913.97998046875,-0.15288907471881388,0.005044965174286712,0.0007644499133471556
2018-10-01,2924.590087890625,0.5838258677724749,0.0049159220022259136,0.0007644499133471556
2018-10-02,2923.429931640625,-0.23837404674643944,0.004871414650527931,0.0007644499133471556
2018-10-03,2925.510009765625,-0.011165344447822098,0.004763236537602546,0.0007644499133471556
2018-10-04,2901.610107421875,-1.9284544298934834,0.004650089312637936,0.0007644499133471556
2018-10-05,2885.570068359375,-1.1866761688106535,0.005315489316930717,0.0007644499133471556
2018-10-08,2884.429931640625,-0.21036475794499243,0.005512542276687262,0.0007644499133471556
2018-10-09,2880.340087890625,-0.4076944067055924,0.005355383129104635,0.0007644499133471556
2018-10-10,2785.679931640625,-6.522080675583114,0.005240787511861506,0.0007644499133471556
2018-10-11,2728.3701171875,-1.8467465387560567,0.01167026954354323,0.0007644499133471556
2018-10-12,2767.1298828125,1.030489308023847,0.012947039228009518,0.0007644499133471556
2018-10-15,2750.7900390625,-0.5145694862248952,0.01299519770149108,0.0007644499133471556
2018-10-16,2809.919921875,1.6341669854798642,0.012546684827030334,0.0007644499133471556
2018-10-17,2809.2099609375,-0.07527874706603896,0.013511704374140801,0.0007644499133471556
2018-10-18,2768.780029296875,-1.1858397636446163,0.012869310809568943,0.0007644499133471556
2018-10-19,2767.780029296875,-0.0857703419246871,0.013124409013257425,0.0007644499133471556
2018-10-22,2755.8798828125,-0.4057219990380162,0.012504244339360213,0.0007644499133471556
2018-10-23,2740.68994140625,-0.5236390712228831,0.012015005067036677,0.0007644499133471556
2018-10-24,2656.10009765625,-2.765367042758238,0.011613367512493226,0.0007644499133471556
2018-10-25,2705.570068359375,1.1927737190652785,0.014830363699855216,0.0007644499133471556
2018-10-26,2658.68994140625,-1.2063777137735054,0.015122616834726708,0.0007644499133471556
2018-10-29,2641.25,-0.47569635384053915,0.015441905638409635,0.0007644499133471556
2018-10-30,2682.6298828125,0.9944603613693792,0.014863209870101765,0.0007644499133471556
2018-10-31,2711.739990234375,0.6751075603507205,0.014854564561555402,0.0007644499133471556
2018-11-01,2740.3701171875,0.6731144814007972,0.014467151167089,0.0007644499133471556
2018-11-02,2723.06005859375,-0.5039810626054754,0.014090154365156801,0.0007644499133471556
2018-11-05,2738.31005859375,0.35472562639452304,0.013588653948801332,0.0007644499133471556
2018-11-06,2755.449951171875,0.420444762719866,0.013022728112110147,0.0007644499133471556
2018-11-07,2813.889892578125,1.6156239881298426,0.01251691531940886,0.0007644499133471556
2018-11-08,2806.830078125,-0.24366600377636477,0.01344676258098681,0.0007644499133471556
2018-11-09,2781.010009765625,-0.7790655542107707,0.012843637835915054,0.0007644499133471556
2018-11-12,2726.219970703125,-1.6380121836783863,0.012614436635272078,0.0007644499133471556
2018-11-13,2722.179931640625,-0.1653627614707195,0.013591141775405127,0.0007644499133471556
2018-11-14,2701.580078125,-0.6451600755646796,0.012959014434487458,0.0007644499133471556
2018-11-15,2730.199951171875,0.7752146397457463,0.012607582891494811,0.0007644499133471556
2018-11-16,2736.27001953125,0.11763336129983544,0.012380736281305808,0.0007644499133471556
2018-11-19,2690.72998046875,-1.4864187392260202,0.011805294622567564,0.0007644499133471556
2018-11-20,2641.889892578125,-1.529285133457457,0.01247801672327182,0.0007644499133471556
2018-11-21,2649.929931640625,0.17156690275496736,0.013255583454042395,0.0007644499133471556
2018-11-23,2632.56005859375,-0.5806385166024991,0.012642753477941037,0.0007644499133471556
2018-11-26,2673.449951171875,1.1954404629642883,0.012253664139572353,0.0007644499133471556
2018-11-27,2682.169921875,0.19913168611972262,0.012514002667397073,0.0007644499133471556
2018-11-28,2743.7900390625,1.8372085467391706,0.011947256302897452,0.0007644499133471556
2018-11-29,2737.800048828125,-0.2229018015573266,0.013234278225346386,0.0007644499133471556
2018-11-30,2760.169921875,0.5835067686882923,0.012635839374828386,0.0007644499133471556
2018-12-03,2790.3701171875,0.8259852650927394,0.01224907066578156,0.0007644499133471556
2018-12-04,2700.06005859375,-2.786990140227111,0.012079224201761956,0.0007644499133471556
2018-12-06,2695.949951171875,-0.14783527168411179,0.015475588480535263,0.0007644499133471556
2018-12-07,2633.080078125,-1.6527528583221158,0.014739520943500655,0.0007644499133471556
2018-12-10,2637.719970703125,0.0626580659734423,0.015898245406926338,0.0007644499133471556
2018-12-11,2636.780029296875,-0.07410277171016726,0.015125744459826118,0.0007644499133471556
2018-12-12,2651.070068359375,0.32234293330375363,0.014395913846919288,0.0007644499133471556
2018-12-13,2650.5400390625,-0.0700084727647631,0.013775478705308932,0.0007644499133471556
2018-12-14,2599.949951171875,-1.5273161647673914,0.013118215235480322,0.0007644499133471556
2018-12-17,2545.93994140625,-1.5621279703691893,0.013927626388241337,0.0007644499133471556
2018-12-18,2546.159912109375,-0.045665482993196393,0.014848262081429715,0.0007644499133471556
2018-12-19,2506.9599609375,-1.1520820526157642,0.014130859041090833,0.0007644499133471556
2018-12-20,2467.419921875,-1.1610804234731666,0.014350650532552182,0.0007644499133471556
2018-12-21,2416.6201171875,-1.478603850824071,0.014586442744530605,0.0007644499133471556
2018-12-24,2351.10009765625,-1.8366309509842402,0.015381981217577763,0.0007644499133471556
2018-12-26,2467.699951171875,2.799906381999562,0.01701440021842321,0.0007644499133471556
2018-12-27,2488.830078125,0.35577581939647385,0.02181648845229746,0.0007644499133471556
2018-12-28,2485.739990234375,-0.09618825640796724,0.020863293488415962,0.0007644499133471556
2018-12-31,2506.85009765625,0.3878439078213478,0.019833174619318654,0.0007644499133471556
2019-01-02,2510.030029296875,0.02649282342390249,0.018995451757888897,0.0007644499133471556
2019-01-03,2447.889892578125,-1.4307678153188437,0.018055187889801313,0.0007644499133471556
2019-01-04,2531.93994140625,1.7448214193800382,0.018910215555883608,0.0007644499133471556
2019-01-07,2549.68994140625,0.3015007703845789,0.02063519132620041,0.0007644499133471556
2019-01-08,2574.409912109375,0.4509608260516599,0.01970046378736346,0.0007644499133471556
2019-01-09,2584.9599609375,0.1757508013780321,0.018920092502580418,0.0007644499133471556
2019-01-10,2596.639892578125,0.20784803149485775,0.018012157412266357,0.0007644499133471556
2019-01-11,2596.260009765625,-0.05306812023178208,0.01716206366179474,0.0007644499133471556
2019-01-14,2582.610107421875,-0.36981800821584854,0.016321121109585758,0.0007644499133471556
2019-01-15,2610.300048828125,0.6332795891532018,0.015633172355439384,0.0007644499133471556
2019-01-16,2616.10009765625,0.09585647940595929,0.015179679295114492,0.0007644499133471556
2019-01-17,2635.9599609375,0.47047799652224437,0.014449731641312089,0.0007644499133471556
2019-01-18,2670.7099609375,0.8865836047103572,0.013910095856710073,0.0007644499133471556
2019-01-22,2632.89990234375,-1.0907128210383132,0.013773494224646986,0.0007644499133471556
2019-01-23,2638.699951171875,0.10330098899402848,0.013901512658186928,0.0007644499133471556
2019-01-24,2642.330078125,0.04609265782687763,0.01324137566383735,0.0007644499133471556
2019-01-25,2664.760009765625,0.6096403781524804,0.012611398560034143,0.0007644499133471556
2019-01-28,2643.85009765625,-0.7057933809695879,0.012244696528867621,0.0007644499133471556
2019-01-29,2640.0,-0.18566360552630962,0.011966577090668196,0.0007644499133471556
2019-01-30,2681.050048828125,1.2834835085400478,0.011426060312137856,0.0007644499133471556
2019-01-31,2704.10009765625,0.6612469849708679,0.011790146607268195,0.0007644499133471556
2019-02-01,2706.530029296875,0.011639677835632219,0.01149144103030868,0.0007644499133471556
2019-02-04,2724.8701171875,0.5465780546660404,0.01095713805742121,0.0007644499133471556
2019-02-05,2737.699951171875,0.37055735616045765,0.01061352705220625,0.0007644499133471556
2019-02-06,2731.610107421875,-0.2932564170827173,0.010200512100003533,0.0007644499133471556
2019-02-07,2706.050048828125,-1.0391635839782307,0.00978252439972949,0.0007644499133471556
2019-02-08,2707.8798828125,-0.008979391133349252,0.009853379368435425,0.0007644499133471556
2019-02-11,2709.800048828125,-0.005907064593397695,0.00941213840642654,0.0007644499133471556
2019-02-12,2744.72998046875,1.3386783314423873,0.008996487585270038,0.0007644499133471556
2019-02-13,2753.030029296875,0.24073837652018643,0.009366938969012839,0.0007644499133471556
2019-02-14,2745.72998046875,-0.38077477101366103,0.008980671928296142,0.0007644499133471556
2019-02-15,2775.60009765625,1.1619097564358947,0.008654333691504012,0.0007644499133471556
2019-02-19,2779.760009765625,0.08293157188406862,0.0088406790874501,0.0007644499133471556
2019-02-20,2784.699951171875,0.1194905545665599,0.008461619841512912,0.0007644499133471556
2019-02-21,2774.8798828125,-0.5299769870045624,0.008108124210215097,0.0007644499133471556
2019-02-22,2792.669921875,0.7138585585932097,0.00788137749927758,0.0007644499133471556
2019-02-25,2796.110107421875,0.060195840410242375,0.007752272137480674,0.0007644499133471556
2019-02-26,2793.89990234375,-0.2091097505480909,0.007437336528359475,0.0007644499133471556
2019-02-27,2792.3798828125,-0.18286031174420928,0.007156541171579136,0.0007644499133471556
2019-02-28,2784.489990234375,-0.521679763653798,0.006889202462303394,0.0007644499133471556
2019-03-01,2803.68994140625,0.9090066142301141,0.006718550316092463,0.0007644499133471556
2019-03-04,2792.81005859375,-0.6908803463915005,0.006734244696498955,0.0007644499133471556
2019-03-05,2789.64990234375,-0.2857228843002067,0.006637982140279838,0.0007644499133471556
2019-03-06,2771.449951171875,-1.1388348073415009,0.006418774233408348,0.0007644499133471556
2019-03-07,2748.929931640625,-1.3556315300302177,0.006582438408967522,0.0007644499133471556
2019-03-08,2743.070068359375,-0.4195944083248094,0.0069076565066070504,0.0007644499133471556
2019-03-11,2783.300048828125,2.0577796044652206,0.0067038693649252,0.0007644499133471556
2019-03-12,2791.52001953125,0.28293105329443424,0.007721018209283218,0.0007644499133471556
2019-03-13,2810.919921875,0.8284414713540073,0.007436972986881514,0.0007644499133471556
2019-03-14,2808.47998046875,-0.22104786047325106,0.0073868584000202474,0.0007644499133471556
2019-03-15,2822.47998046875,0.5917712892361575,0.007110972721429639,0.0007644499133471556
2019-03-18,2832.93994140625,0.4218883804598663,0.006955979404699548,0.0007644499133471556
2019-03-19,2832.570068359375,-0.13259222834215256,0.006750169330922829,0.0007644499133471556
2019-03-20,2824.22998046875,-0.570992468803218,0.006502969578389476,0.0007644499133471556
2019-03-21,2854.8798828125,1.5747194076674713,0.006369112828931434,0.0007644499133471556
2019-03-22,2800.7099609375,-2.8994140681006297,0.006870794091397438,0.0007644499133471556
2019-03-25,2798.360107421875,-0.17803887262727544,0.009008272873165284,0.0007644499133471556
2019-03-26,2818.4599609375,0.7407093798646326,0.008630379482645638,0.0007644499133471556
2019-03-27,2805.3701171875,-0.6382692012234468,0.008491077400503807,0.0007644499133471556
2019-03-28,2815.43994140625,0.3396478335410626,0.00829860968794847,0.0007644499133471556
2019-03-29,2834.39990234375,0.7437789606959387,0.007995999408766264,0.0007644499133471556
2019-04-01,2867.18994140625,1.3627453694395428,0.007879495205412776,0.0007644499133471556
2019-04-02,2867.239990234375,-0.09060914162656508,0.008244139002747121,0.0007644499133471556
2019-04-03,2873.39990234375,0.17486399102344294,0.007901126462090218,0.0007644499133471556
2019-04-04,2879.389892578125,0.17370783124150416,0.007587541219225145,0.0007644499133471556
2019-04-05,2892.739990234375,0.5294726051264593,0.007292667594822477,0.0007644499133471556
2019-04-08,2895.77001953125,0.03975693850333645,0.007104718014260736,0.0007644499133471556
2019-04-09,2878.199951171875,-1.003066955452189,0.006829480636144053,0.0007644499133471556
2019-04-10,2888.2099609375,0.392368096860322,0.006900122264824614,0.0007644499133471556
2019-04-11,2888.320068359375,-0.10857999030751173,0.006689331717081701,0.0007644499133471556
2019-04-12,2907.409912109375,0.9036321329783074,0.0064441361298274704,0.0007644499133471556
2019-04-15,2905.580078125,-0.2156692906163159,0.006463679431228228,0.0007644499133471556
2019-04-16,2907.06005859375,-0.04087384795982582,0.006244129215777436,0.0007644499133471556
2019-04-17,2900.449951171875,-0.5047047734976549,0.006025008864117954,0.0007644499133471556
2019-04-18,2905.030029296875,0.13798758286798782,0.0058947109152617935,0.0007644499133471556
2019-04-22,2907.969970703125,0.04331021086734922,0.005704333888893729,0.0007644499133471556
2019-04-23,2933.679931640625,1.4555481174760108,0.005522250460250216,0.0007644499133471556
2019-04-24,2927.25,-0.5019108154503843,0.0058947096283002145,0.0007644499133471556
2019-04-25,2926.169921875,-0.19641545306011363,0.005770888369323487,0.0007644499133471556
2019-04-26,2939.8798828125,0.6988860338089834,0.005594474951299864,0.0007644499133471556
2019-04-29,2943.030029296875,0.05521362465785283,0.005551140552463959,0.0007644499133471556
2019-04-30,2945.830078125,0.03466696189049298,0.005380188377437231,0.0007644499133471556
2019-05-01,2923.72998046875,-1.5887548914778118,0.005221004075665084,0.0007644499133471556
2019-05-02,2917.52001953125,-0.5091739444213131,0.005677224048287229,0.0007644499133471556
2019-05-03,2945.639892578125,1.585485846376528,0.005567805973005123,0.0007644499133471556
2019-05-06,2932.469970703125,-0.8687170292181822,0.006038172300064647,0.0007644499133471556
2019-05-07,2884.050048828125,-2.8778547461253323,0.006051013528635642,0.0007644499133471556
2019-05-08,2879.419921875,-0.29926374534544437,0.007923329636973078,0.0007644499133471556
2019-05-09,2870.719970703125,-0.4966942996530278,0.007631351070312891,0.0007644499133471556
2019-05-10,2881.39990234375,0.39772520163161257,0.00741452677495378,0.0007644499133471556
2019-05-13,2811.8701171875,-3.5101436701036266,0.007176606264409961,0.0007644499133471556
2019-05-14,2834.409912109375,0.6964661511480678,0.010365956188923348,0.0007644499133471556
2019-05-15,2850.9599609375,0.498733784727983,0.010140769623486326,0.0007644499133471556
2019-05-16,2876.320068359375,0.8250900383694321,0.009806817228265916,0.0007644499133471556
2019-05-17,2859.530029296875,-0.6828921765203423,0.009692433615387585,0.0007644499133471556
2019-05-20,2840.22998046875,-0.7949195658284146,0.00948109495946077,0.0007644499133471556
2019-05-21,2864.360107421875,0.8228230259863333,0.009352556912974952,0.0007644499133471556
2019-05-22,2856.27001953125,-0.38851250240303503,0.009247687667768924,0.0007644499133471556
2019-05-23,2822.239990234375,-1.4309487876054938,0.008910271468180783,0.0007644499133471556
2019-05-24,2826.06005859375,0.0627003023203141,0.009381037043255127,0.0007644499133471556
2019-05-28,2802.389892578125,-1.023011855352553,0.008969006434872006,0.0007644499133471556
2019-05-29,2783.02001953125,-0.8526983885308498,0.009030578905919833,0.0007644499133471556
2019-05-30,2788.860107421875,0.14871708112562707,0.008955412193202202,0.0007644499133471556
2019-05-31,2752.06005859375,-1.6379566602962095,0.008576328973966702,0.0007644499133471556
2019-06-03,2744.449951171875,-0.38096338283562686,0.009275223622160276,0.0007644499133471556
2019-06-04,2803.27001953125,2.288115234424998,0.008933762102618729,0.0007644499133471556
2019-06-05,2826.14990234375,0.6943837249568848,0.01060548627622831,0.0007644499133471556
2019-06-06,2843.489990234375,0.516096791117169,0.010370904944150508,0.0007644499133471556
2019-06-07,2873.340087890625,0.9644255397262304,0.010035538188526505,0.0007644499133471556
2019-06-10,2886.72998046875,0.3871440225977767,0.010034431463906202,0.0007644499133471556
2019-06-11,2885.719970703125,-0.1154002287750598,0.009656751837733641,0.0007644499133471556
2019-06-12,2879.840087890625,-0.3036983083390809,0.009233201712318317,0.0007644499133471556
2019-06-13,2891.639892578125,0.3748122401305515,0.008869936020085824,0.0007644499133471556
2019-06-14,2886.97998046875,-0.27812725824283185,0.008547388395223518,0.0007644499133471556
2019-06-17,2889.669921875,0.020311484519998882,0.008215328566525553,0.0007644499133471556
2019-06-18,2917.75,1.1315158313319067,0.007870892684851116,0.0007644499133471556
2019-06-19,2926.4599609375,0.27606929869326163,0.008027936790389587,0.0007644499133471556
2019-06-20,2954.179931640625,1.1214753639191717,0.007724784423485889,0.0007644499133471556
2019-06-21,2950.4599609375,-0.2571197154063346,0.007873632676809026,0.0007644499133471556
2019-06-24,2945.35009765625,-0.32972908205039847,0.007575426342139853,0.0007644499133471556
2019-06-25,2917.3798828125,-1.4097948320072107,0.00731044356224594,0.0007644499133471556
2019-06-26,2913.780029296875,-0.25954438780826494,0.007702519052841155,0.0007644499133471556
2019-06-27,2924.919921875,0.41153573403788535,0.007414753147445469,0.0007644499133471556
2019-06-28,2941.760009765625,0.6930217574017177,0.007180859582115244,0.0007644499133471556
2019-07-01,2964.330078125,0.9732558371873636,0.007067585350924088,0.0007644499133471556
2019-07-02,2973.010009765625,0.30348978753209266,0.007115222496286449,0.0007644499133471556
2019-07-03,2995.820068359375,1.0011319203088567,0.006870868471774319,0.0007644499133471556
2019-07-05,2990.409912109375,-0.37062210080206,0.006939640437874084,0.0007644499133471556
2019-07-08,2975.949951171875,-0.8349377052106401,0.0067210079128660685,0.0007644499133471556
2019-07-09,2979.6298828125,0.07039550810649788,0.00669564234686201,0.0007644499133471556
2019-07-10,2993.070068359375,0.5794377151231181,0.006447797451261205,0.0007644499133471556
2019-07-11,2999.909912109375,0.24022806469524272,0.006319701520000874,0.0007644499133471556
2019-07-12,3013.77001953125,0.6290185794433474,0.006112831185562286,0.0007644499133471556
2019-07-15,3014.300048828125,-0.0977878341218792,0.006019114650084363,0.0007644499133471556
2019-07-16,3004.0400390625,-0.7174924137651184,0.005817531151937606,0.0007644499133471556
2019-07-17,2984.419921875,-1.2678472923871935,0.00577129077245821,0.0007644499133471556
2019-07-18,2995.110107421875,0.4670065640215198,0.006019503818670927,0.0007644499133471556
2019-07-19,2976.610107421875,-1.1839595361255149,0.00587886592895685,0.0007644499133471556
2019-07-22,2985.030029296875,0.33924629154823294,0.00607302666007257,0.0007644499133471556
2019-07-23,3005.469970703125,1.0272388588323564,0.005899012847719963,0.0007644499133471556
2019-07-24,3019.56005859375,0.6522286090678493,0.005999035990955018,0.0007644499133471556
2019-07-25,3003.669921875,-1.0205075360410205,0.005919355010724661,0.0007644499133471556
2019-07-26,3025.860107421875,1.096561434425038,0.0060152451566878465,0.0007644499133471556
2019-07-29,3020.969970703125,-0.3870248089159754,0.006154313076404634,0.0007644499133471556
2019-07-30,3013.179931640625,-0.5590781389766869,0.0059856307233130245,0.0007644499133471556
2019-07-31,2980.3798828125,-1.9934065500374534,0.005874194034963468,0.0007644499133471556
2019-08-01,2953.56005859375,-1.4582330834022699,0.006723189587277137,0.0007644499133471556
2019-08-02,2932.050048828125,-1.1310307362243586,0.00713847837580842,0.0007644499133471556
2019-08-05,2844.739990234375,-4.2486433839985,0.007295183257737235,0.0007644499133471556
2019-08-06,2881.77001953125,1.0292599903053206,0.011822643561817418,0.0007644499133471556
2019-08-07,2883.97998046875,0.00017959301994356934,0.01187362689480439,0.0007644499133471556
2019-08-08,2938.090087890625,1.5748539107841775,0.011317883158217959,0.0007644499133471556
2019-08-09,2918.64990234375,-0.6116763136562298,0.012102876769501452,0.0007644499133471556
2019-08-12,2882.699951171875,-1.1192360303802853,0.011756464831454452,0.0007644499133471556
2019-08-13,2926.320068359375,1.1963948968334337,0.011914039746977611,0.0007644499133471556
2019-08-14,2840.60009765625,-2.5055051003069466,0.012171119653337344,0.0007644499133471556
2019-08-15,2847.60009765625,0.1138030019265332,0.014909859635587351,0.0007644499133471556
2019-08-16,2888.679931640625,0.9550225853224652,0.014197159802581795,0.0007644499133471556
2019-08-19,2923.64990234375,0.7968836965756246,0.014140991589455792,0.0007644499133471556
2019-08-20,2900.510009765625,-0.62673288601544,0.013898529054127261,0.0007644499133471556
2019-08-21,2924.429931640625,0.5517789339846219,0.013499119276295846,0.0007644499133471556
2019-08-22,2922.949951171875,-0.0973253098975674,0.01305572901810462,0.0007644499133471556
2019-08-23,2847.110107421875,-2.1745858198929433,0.012440682169773766,0.0007644499133471556
2019-08-26,2878.3798828125,0.7017124243696402,0.014476960168656594,0.0007644499133471556
2019-08-27,2869.159912109375,-0.28121430797417934,0.014127203350791696,0.0007644499133471556
2019-08-28,2887.93994140625,0.42655958254115683,0.013502689549025964,0.0007644499133471556
2019-08-29,2924.580078125,0.9125333647940349,0.012978191247199268,0.0007644499133471556
2019-08-30,2926.4599609375,-0.009457757061695405,0.012885629507651385,0.0007644499133471556
2019-09-03,2906.27001953125,-0.6263270107692557,0.012273874691418505,0.0007644499133471556
2019-09-04,2937.780029296875,0.8397017482175639,0.011931945344096521,0.0007644499133471556
2019-09-05,2976.0,1.0321944815605775,0.01178214302214216,0.0007644499133471556
2019-09-06,2978.7099609375,0.012312682981374907,0.011836647727395337,0.0007644499133471556
2019-09-09,2978.429931640625,-0.0760844110764313,0.011283054966209882,0.0007644499133471556
2019-09-10,2979.389892578125,-0.0410826565295744,0.010763605004408929,0.0007644499133471556
2019-09-11,3000.929931640625,0.6269231071965162,0.010271151819295754,0.0007644499133471556
2019-09-12,3009.570068359375,0.21098459465886002,0.010003414554028107,0.0007644499133471556
2019-09-13,3007.389892578125,-0.15551485368626708,0.009575463404398297,0.0007644499133471556
2019-09-16,2997.9599609375,-0.426226254532904,0.00916171349881425,0.0007644499133471556
2019-09-17,3005.699951171875,0.2051435261573514,0.008842469918955449,0.0007644499133471556
2019-09-18,3006.72998046875,-0.04975050107251631,0.00847864081740855,0.0007644499133471556
2019-09-19,3006.7900390625,-0.09169312847133336,0.008119205919017476,0.0007644499133471556
2019-09-20,2992.070068359375,-0.7286998073862335,0.007783793766287056,0.0007644499133471556
2019-09-23,2991.780029296875,-0.11236200686383081,0.00766620813580315,0.0007644499133471556
2019-09-24,2966.60009765625,-1.252239269354821,0.007359966343849872,0.0007644499133471556
2019-09-25,2984.8701171875,0.7059574197903243,0.007614106995593645,0.0007644499133471556
2019-09-26,2977.6201171875,-0.4267090452070233,0.007490633158267387,0.0007644499133471556
2019-09-27,2961.7900390625,-0.8398438171260101,0.007257283280757,0.0007644499133471556
2019-09-30,2976.739990234375,0.5915656251030891,0.007218912189424539,0.0007644499133471556
2019-10-01,2940.25,-1.8556176847123,0.007058876926359345,0.0007644499133471556
2019-10-02,2887.610107421875,-2.3867079320398057,0.007889467265019733,0.0007644499133471556
2019-10-03,2910.6298828125,0.7535177650095266,0.009523139591047211,0.0007644499133471556
2019-10-04,2952.010009765625,1.4258905009812681,0.009364208062767315,0.0007644499133471556
2019-10-07,2938.7900390625,-0.5334682848115484,0.009846512597996836,0.0007644499133471556
2019-10-08,2893.06005859375,-1.723514194636956,0.00954306585732625,0.0007644499133471556
2019-10-09,2919.39990234375,0.7959688117387492,0.010426095192562134,0.0007644499133471556
2019-10-10,2938.1298828125,0.5480936836359155,0.010273339515760253,0.0007644499133471556
2019-10-11,2970.27001953125,1.0156462708969278,0.009959303795315592,0.0007644499133471556
2019-10-14,2966.14990234375,-0.21510958678752987,0.010006674359391779,0.0007644499133471556
2019-10-15,2995.679931640625,0.9543380577768148,0.00957940992570161,0.0007644499133471556
2019-10-16,2989.68994140625,-0.2888713572018429,0.009575177315375738,0.0007644499133471556
2019-10-17,2997.949951171875,0.2170516447244507,0.009189389276272296,0.0007644499133471556
2019-10-18,2986.199951171875,-0.53263418138381,0.008808100920144224,0.0007644499133471556
2019-10-21,3006.719970703125,0.7115119789618558,0.008550332772841111,0.0007644499133471556
2019-10-22,2995.989990234375,-0.5168385856782481,0.008396236836747128,0.0007644499133471556
2019-10-23,3004.52001953125,0.25503411690482597,0.008150491619359651,0.0007644499133471556
2019-10-24,3010.2900390625,0.1472909351320973,0.00783588443368289,0.0007644499133471556
2019-10-25,3022.550048828125,0.4386648167406426,0.007522781566637432,0.0007644499133471556
2019-10-28,3039.419921875,0.6584876362580959,0.007291511242420101,0.0007644499133471556
2019-10-29,3036.889892578125,-0.22314932618164954,0.007157547357000562,0.0007644499133471556
2019-10-30,3046.77001953125,0.3601626021267165,0.006895883894786867,0.0007644499133471556
2019-10-31,3037.56005859375,-0.5678866303444793,0.00667719285024564,0.0007644499133471556
2019-11-01,3066.909912109375,1.3547595102114585,0.006533617649171379,0.0007644499133471556
2019-11-04,3078.27001953125,0.427706757613417,0.006857024911951663,0.0007644499133471556
2019-11-05,3074.6201171875,-0.29299376430639595,0.006658341790263257,0.0007644499133471556
2019-11-06,3076.780029296875,-0.009659396790407478,0.006439255204766034,0.0007644499133471556
2019-11-07,3085.179931640625,0.3161007384649646,0.0062066458321512665,0.0007644499133471556
2019-11-08,3093.080078125,0.29784331705855344,0.0060197866766847526,0.0007644499133471556
2019-11-11,3087.010009765625,-0.46715800707590677,0.005841375477571442,0.0007644499133471556
2019-11-12,3091.840087890625,0.13989882676359305,0.005711079974001614,0.0007644499133471556
2019-11-13,3094.0400390625,-0.00960853665434887,0.005533448551377055,0.0007644499133471556
2019-11-14,3096.6298828125,0.013470681742315341,0.005362958051534139,0.0007644499133471556
2019-11-15,3120.4599609375,1.326013893519222,0.005204756072584831,0.0007644499133471556
2019-11-18,3122.030029296875,-0.04766572225664793,0.005484519653975414,0.0007644499133471556
2019-11-19,3120.179931640625,-0.255207242135108,0.005318109320428934,0.0007644499133471556
2019-11-20,3108.4599609375,-0.8740859963251135,0.005179932355996877,0.0007644499133471556
2019-11-21,3103.5400390625,-0.4495764227267724,0.005223708096818779,0.0007644499133471556
2019-11-22,3110.2900390625,0.2746666701361558,0.005126665089472837,0.0007644499133471556
2019-11-25,3133.639892578125,1.3417467529019915,0.005004522619187987,0.0007644499133471556
2019-11-26,3140.52001953125,0.27000155921693864,0.005291501781458754,0.0007644499133471556
2019-11-27,3153.6298828125,0.6595254291022585,0.005157171447630754,0.0007644499133471556
2019-11-29,3140.97998046875,-0.9340032742478693,0.005121755217815953,0.0007644499133471556
2019-12-02,3113.8701171875,-1.8162868047046181,0.005193526475486801,0.0007644499133471556
2019-12-03,3093.199951171875,-1.2756211831019582,0.005820438912230624,0.0007644499133471556
2019-12-04,3112.760009765625,0.9119120863522301,0.006074278187912177,0.0007644499133471556
2019-12-05,3117.429931640625,0.12028155082849147,0.006107977559506905,0.0007644499133471556
2019-12-06,3145.909912109375,1.4113868650928287,0.005901851804842322,0.0007644499133471556
2019-12-09,3135.9599609375,-0.6288498294453807,0.006253136144267757,0.0007644499133471556
2019-12-10,3132.52001953125,-0.3026305756889866,0.0061526700601622205,0.0007644499133471556
2019-12-11,3141.6298828125,0.358572225550607,0.005966685268827824,0.0007644499133471556
2019-12-12,3168.570068359375,1.3396377395594474,0.005803223686998043,0.0007644499133471556
2019-12-13,3168.800048828125,-0.11340896637901392,0.006100670742560425,0.0007644499133471556
2019-12-16,3191.449951171875,1.078607123843086,0.005894556867511074,0.0007644499133471556
2019-12-17,3192.52001953125,-0.07124860797563085,0.006024172220080893,0.0007644499133471556
2019-12-18,3191.139892578125,-0.20561050805077,0.005820926008190056,0.0007644499133471556
2019-12-19,3205.3701171875,0.6531043227279947,0.005642175040467157,0.0007644499133471556
2019-12-20,3221.219970703125,0.7469805943181788,0.005579992201526333,0.0007644499133471556
2019-12-23,3224.010009765625,0.018236734452300674,0.00555575348296928,0.0007644499133471556
2019-12-24,3223.3798828125,-0.1782993652029167,0.005383738830044882,0.0007644499133471556
2019-12-26,3239.909912109375,0.8314913518323982,0.005232300356605246,0.0007644499133471556
2019-12-27,3240.02001953125,-0.13896754662883584,0.005256376696641294,0.0007644499133471556
2019-12-30,3221.2900390625,-1.2839474431659625,0.005110836917527046,0.0007644499133471556
2019-12-31,3230.780029296875,0.40587053632042674,0.005364372468576223,0.0007644499133471556
2020-01-02,3257.85009765625,1.444029605070518,0.00524881582922908,0.0007644499133471556
2020-01-03,3234.85009765625,-1.4003100298991114,0.005605443873645063,0.0007644499133471556
2020-01-06,3246.280029296875,0.46500463889939064,0.005941220903654578,0.0007644499133471556
2020-01-07,3237.179931640625,-0.6153143833882727,0.005804553077850362,0.0007644499133471556
2020-01-08,3253.050048828125,0.7211869243392011,0.005721156933168898,0.0007644499133471556
2020-01-09,3274.699951171875,1.0331226992528435,0.00568060716099224,0.0007644499133471556
2020-01-10,3265.35009765625,-0.6261084302017257,0.005787675466507509,0.0007644499133471556
2020-01-13,3288.1298828125,1.0838521055506474,0.005708845423557617,0.0007644499133471556
2020-01-14,3283.14990234375,-0.39018282768663537,0.005843749617997285,0.0007644499133471556
2020-01-15,3289.2900390625,0.19386555319231452,0.005694669899637299,0.0007644499133471556
2020-01-16,3316.81005859375,1.3701010876313375,0.0055231672883111,0.0007644499133471556
2020-01-17,3329.6201171875,0.5294827518961931,0.005836400379561083,0.0007644499133471556
2020-01-21,3320.7900390625,-0.5974894886785083,0.005723866859141878,0.0007644499133471556
2020-01-22,3321.75,-0.08431378657650258,0.005638646251935438,0.0007644499133471556
2020-01-23,3325.5400390625,0.06880881331299132,0.005462618259398449,0.0007644499133471556
2020-01-24,3295.469970703125,-1.8586140611881985,0.00529843152765419,0.0007644499133471556
2020-01-27,3243.6298828125,-2.784651942913677,0.005968502567254743,0.0007644499133471556
2020-01-28,3276.239990234375,1.1993880388057985,0.00770303962361034,0.0007644499133471556
2020-01-29,3273.39990234375,-0.2061235978201197,0.007916124471860526,0.0007644499133471556
2020-01-30,3283.659912109375,0.31092840174487835,0.007606275282643461,0.0007644499133471556
2020-01-31,3225.52001953125,-2.539704641302551,0.007335062976124584,0.0007644499133471556
2020-02-03,3248.919921875,0.7121665770553921,0.0090764942587058,0.0007644499133471556
2020-02-04,3297.590087890625,1.583968843264015,0.008904762277453404,0.0007644499133471556
2020-02-05,3334.68994140625,1.0905705053172492,0.009557684436545083,0.0007644499133471556
2020-02-06,3345.780029296875,0.2640563234418115,0.009678636399775344,0.0007644499133471556
2020-02-07,3327.7099609375,-0.6658887935178043,0.009280740242162178,0.0007644499133471556
2020-02-10,3352.090087890625,0.7202466314004707,0.00907361440138737,0.0007644499133471556
2020-02-11,3357.75,0.10358096727301305,0.008907029900804333,0.0007644499133471556
2020-02-12,3379.449951171875,0.665912094310847,0.008525754736038338,0.0007644499133471556
2020-02-13,3373.93994140625,-0.28708528973584413,0.008346740007266325,0.0007644499133471556
2020-02-14,3380.159912109375,0.1342031419672528,0.008028025047291025,0.0007644499133471556
2020-02-18,3370.2900390625,-0.47892802189834327,0.00770191705399485,0.0007644499133471556
2020-02-19,3386.14990234375,0.52578491914674,0.007475106698221735,0.0007644499133471556
2020-02-20,3373.22998046875,-0.6303908459546573,0.007276862236788629,0.0007644499133471556
2020-02-21,3337.75,-1.5900345153468183,0.007130825800780703,0.0007644499133471556
2020-02-24,3225.889892578125,-4.533476985553058,0.007687814329895861,0.0007644499133471556
2020-02-25,3128.2099609375,-2.423694834456989,0.01300178299705808,0.0007644499133471556
2020-02-26,3116.389892578125,-0.28947238534870257,0.015718760984388937,0.0007644499133471556
2020-02-27,2978.760009765625,-3.0584974872822603,0.015018023214537077,0.0007644499133471556
2020-02-28,2954.219970703125,-0.44997440596227223,0.02008317118320264,0.0007644499133471556
2020-03-02,3090.22998046875,2.294279448834751,0.019285540337528852,0.0007644499133471556
2020-03-03,3003.3701171875,-1.2828762707129306,0.022819764855415734,0.0007644499133471556
2020-03-04,3130.1201171875,1.728755232638817,0.0234688512759299,0.0007644499133471556
2020-03-05,3023.93994140625,-1.3811626565266817,0.02554024479784132,0.0007644499133471556
2020-03-06,2972.3701171875,-0.6762528147429578,0.02656609063070877,0.0007644499133471556
2020-03-09,2746.56005859375,-3.089162962196126,0.02582410310817842,0.0007644499133471556
2020-03-10,2882.22998046875,1.36858446208504,0.03467130003815833,0.0007644499133471556
2020-03-11,2741.3798828125,-1.4131630237226465,0.03599538189723821,0.0007644499133471556
2020-03-12,2480.639892578125,-2.6804964760460854,0.03757113774101048,0.0007644499133471556
2020-03-13,2711.02001953125,1.864856734937165,0.047212182784033205,0.0007644499133471556
2020-03-16,2386.1298828125,-2.4536968656395346,0.05233598705058211,0.0007644499133471556
2020-03-17,2529.18994140625,0.9059535977521445,0.06342693805170502,0.0007644499133471556
2020-03-18,2398.10009765625,-0.8607641268337511,0.06271953089403602,0.0007644499133471556
2020-03-19,2409.389892578125,0.06364940926521997,0.0617807942359433,0.0007644499133471556
2020-03-20,2304.919921875,-0.7690321151493084,0.058634838621738565,0.0007644499133471556
2020-03-23,2237.39990234375,-0.5318717322549011,0.05733704025524085,0.0007644499133471556
2020-03-24,2447.330078125,1.6106103938973022,0.055208126646602185,0.0007644499133471556
2020-03-25,2475.56005859375,0.18117899129150836,0.059082680785279215,0.0007644499133471556
2020-03-26,2630.070068359375,1.0644570980962496,0.05615950259321216,0.0007644499133471556
2020-03-27,2541.469970703125,-0.6215112903487542,0.05636630580808189,0.0007644499133471556
2020-03-30,2626.64990234375,0.5902294429569647,0.05455868229022859,0.0007644499133471556
2020-03-31,2584.590087890625,-0.3207577120441256,0.05270882060487197,0.0007644499133471556
2020-04-01,2470.5,-0.9129858920899024,0.050286442587891805,0.0007644499133471556
2020-04-02,2526.89990234375,0.43826106101232987,0.04976076837225488,0.0007644499133471556
2020-04-03,2488.64990234375,-0.3358330141271009,0.04769427085935473,0.0007644499133471556
2020-04-06,2663.679931640625,1.4760952004250762,0.04552808938890276,0.0007644499133471556
2020-04-07,2659.409912109375,-0.049466792300435256,0.04788644768641632,0.0007644499133471556
2020-04-08,2749.97998046875,0.7200286657034611,0.045449470051259135,0.0007644499133471556
2020-04-09,2789.820068359375,0.30750630566143977,0.04428858901302186,0.0007644499133471556
2020-04-13,2761.6298828125,-0.25854012938935494,0.042239126992847806,0.0007644499133471556
2020-04-14,2846.06005859375,0.729596185491812,0.0402278825500929,0.0007644499133471556
2020-04-15,2783.360107421875,-0.5873252644453755,0.03923070227104008,0.0007644499133471556
2020-04-16,2799.550048828125,0.1328540339871449,0.037901656239368406,0.0007644499133471556
2020-04-17,2874.56005859375,0.7130833087768472,0.036007689132446986,0.0007644499133471556
2020-04-20,2823.159912109375,-0.5361718407130662,0.035076992300980804,0.0007644499133471556
2020-04-21,2736.56005859375,-0.9445441845779723,0.03379361777971209,0.0007644499133471556
2020-04-22,2799.31005859375,0.6530678643405182,0.03354452403030364,0.0007644499133471556
2020-04-23,2797.800048828125,-0.04006638643686375,0.03254642331166078,0.0007644499133471556
2020-04-24,2836.739990234375,0.42258805084566264,0.030899218819277416,0.0007644499133471556
2020-04-27,2878.47998046875,0.46752354814263647,0.02960795947793771,0.0007644499133471556
2020-04-28,2863.389892578125,-0.21176507714083967,0.02843065620223411,0.0007644499133471556
2020-04-29,2939.510009765625,0.9413925973878768,0.027058056545595205,0.0007644499133471556
2020-04-30,2912.429931640625,-0.3730441984755185,0.02685899760228959,0.0007644499133471556
2020-05-01,2830.7099609375,-1.1375845602459769,0.02569009983908708,0.0007644499133471556
2020-05-04,2842.739990234375,0.1337232195420264,0.025996776606247468,0.0007644499133471556
2020-05-05,2868.43994140625,0.3332735508629482,0.02471088768703196,0.0007644499133471556
2020-05-06,2848.419921875,-0.32909524715027827,0.023605112439811105,0.0007644499133471556
2020-05-07,2881.18994140625,0.4734141291776963,0.0225479240767167,0.0007644499133471556
2020-05-08,2929.800048828125,0.7368239041177949,0.02166914653915269,0.0007644499133471556
2020-05-11,2930.18994140625,-0.02983376246099615,0.021163289323022562,0.0007644499133471556
2020-05-12,2870.1201171875,-1.0680854693336452,0.020108705063457414,0.0007644499133471556
2020-05-13,2820.0,-0.9092520193056904,0.02021600848537391,0.0007644499133471556
2020-05-14,2852.5,0.5341010789885506,0.020023303287416857,0.0007644499133471556
2020-05-15,2863.699951171875,0.16335071725887784,0.01930952825494524,0.0007644499133471556
2020-05-18,2953.909912109375,1.6460741212821626,0.018377519253606457,0.0007644499133471556
2020-05-19,2922.93994140625,-0.5712746428141623,0.019787676150407635,0.0007644499133471556
2020-05-20,2971.610107421875,0.8236007983600379,0.0191227846444894,0.0007644499133471556
2020-05-21,2948.510009765625,-0.4555695132591914,0.01880814666899348,0.0007644499133471556
2020-05-22,2955.449951171875,0.0877975694355171,0.018069928173016364,0.0007644499133471556
2020-05-26,2991.77001953125,0.6662657208951663,0.017185088094776736,0.0007644499133471556
2020-05-27,3036.1298828125,0.8348264303505674,0.016714848823254806,0.0007644499133471556
2020-05-28,3029.72998046875,-0.1746051213806536,0.016463372984345987,0.0007644499133471556
2020-05-29,3044.31005859375,0.257381887828424,0.015682314218052145,0.0007644499133471556
2020-06-01,3055.72998046875,0.19905202862576438,0.014969787475110154,0.0007644499133471556
2020-06-02,3080.820068359375,0.5193383204036318,0.014273657609725775,0.0007644499133471556
2020-06-03,3122.8701171875,0.9286242570785642,0.013775454175040471,0.0007644499133471556
2020-06-04,3112.35009765625,-0.30230293723653656,0.013691031370024798,0.0007644499133471556
2020-06-05,3193.929931640625,1.917213364810783,0.013096905836960309,0.0007644499133471556
2020-06-08,3232.389892578125,0.7640183401699482,0.01466614857696526,0.0007644499133471556
2020-06-09,3207.179931640625,-0.597842468052433,0.014375347674891825,0.0007644499133471556
2020-06-10,3190.139892578125,-0.4371674065161445,0.013934491816475957,0.0007644499133471556
2020-06-11,3002.10009765625,-4.592006225447194,0.013396572192940617,0.0007644499133471556
2020-06-12,3041.31005859375,0.5355667711899921,0.022801707179724247,0.0007644499133471556
2020-06-15,3066.590087890625,0.3417901667444689,0.021982525057385058,0.0007644499133471556
2020-06-16,3124.739990234375,0.857663023094517,0.02101105267234713,0.0007644499133471556
2020-06-17,3113.489990234375,-0.21099815944189745,0.020716987093815288,0.0007644499133471556
2020-06-18,3115.340087890625,-0.00863659287276274,0.01973075633596322,0.0007644499133471556
2020-06-19,3097.739990234375,-0.3429139938500372,0.018750950950788055,0.0007644499133471556
2020-06-22,3117.860107421875,0.3184028281256625,0.017932137779435274,0.0007644499133471556
2020-06-23,3131.2900390625,0.20619532625212522,0.01713772733052048,0.0007644499133471556
2020-06-24,3050.330078125,-1.6507488493384583,0.016331809360226802,0.0007644499133471556
2020-06-25,3083.760009765625,0.5757689607945526,0.017603202855680747,0.0007644499133471556
2020-06-26,3009.050048828125,-1.4855721466684715,0.01702351127469146,0.0007644499133471556
2020-06-29,3053.239990234375,0.7693675218483712,0.017955577546343325,0.0007644499133471556
2020-06-30,3100.2900390625,0.8259367994437927,0.01758960193103379,0.0007644499133471556
2020-07-01,3115.860107421875,0.2452577202809472,0.017308788720944455,0.0007644499133471556
2020-07-02,3130.010009765625,0.2281466999581628,0.016509204665947207,0.0007644499133471556
2020-07-06,3179.719970703125,0.952303448119272,0.015743386153253106,0.0007644499133471556
2020-07-07,3145.320068359375,-0.7430185254064021,0.01566842196380372,0.0007644499133471556
2020-07-08,3169.93994140625,0.4587939024385949,0.01532831258807837,0.0007644499133471556
2020-07-09,3152.050048828125,-0.4357469602976624,0.014742595990006362,0.0007644499133471556
2020-07-10,3185.0400390625,0.6809490795427641,0.014167520231577002,0.0007644499133471556
2020-07-13,3155.219970703125,-0.7366410280004282,0.013807397012646596,0.0007644499133471556
2020-07-14,3197.52001953125,0.9290602052397257,0.013511342535996125,0.0007644499133471556
2020-07-15,3226.56005859375,0.6162427414310537,0.013430757827325895,0.0007644499133471556
2020-07-16,3215.570068359375,-0.3202898499531636,0.013039330244380545,0.0007644499133471556
2020-07-17,3224.72998046875,0.16660677602319424,0.012485162511918611,0.0007644499133471556
2020-07-20,3251.840087890625,0.6385961379583491,0.011912610943928616,0.0007644499133471556
2020-07-21,3257.300048828125,0.07877176499127213,0.011592725151126073,0.0007644499133471556
2020-07-22,3276.02001953125,0.4491747815482608,0.01105623219542463,0.0007644499133471556
2020-07-23,3235.659912109375,-1.2350492510468571,0.010656116194911717,0.0007644499133471556
2020-07-24,3215.6298828125,-0.6372981522707042,0.010943213804676017,0.0007644499133471556
2020-07-27,3239.409912109375,0.6196208106878519,0.010657290385073702,0.0007644499133471556
2020-07-28,3218.43994140625,-0.6999655522231418,0.010370346524823557,0.0007644499133471556
2020-07-29,3258.43994140625,1.1418951020910448,0.010147458743956984,0.0007644499133471556
2020-07-30,3246.219970703125,-0.43804766268811945,0.010322510680810087,0.0007644499133471556
2020-07-31,3271.1201171875,0.6910154906357592,0.009951710811145814,0.0007644499133471556
2020-08-03,3294.610107421875,0.6563716414172249,0.00973672893181732,0.0007644499133471556
2020-08-04,3306.510009765625,0.2988250118924881,0.009507146322171095,0.0007644499133471556
2020-08-05,3327.77001953125,0.6184109467396136,0.009127766175438534,0.0007644499133471556
2020-08-06,3349.159912109375,0.6340543560697526,0.008899357055591134,0.0007644499133471556
2020-08-07,3351.280029296875,-0.015148800359893534,0.008688519240041714,0.0007644499133471556
2020-08-10,3360.469970703125,0.2373869188317069,0.008315602939537812,0.0007644499133471556
2020-08-11,3333.68994140625,-1.097334810830674,0.007987995302991468,0.0007644499133471556
2020-08-12,3380.35009765625,1.618225168293624,0.0081169497531156,0.0007644499133471556
2020-08-13,3373.429931640625,-0.3210993807558594,0.00876277800000862,0.0007644499133471556
2020-08-14,3372.85009765625,-0.11107607901099605,0.008429783603844087,0.0007644499133471556
2020-08-17,3381.989990234375,0.24039102368036736,0.0080773714606669,0.0007644499133471556
2020-08-18,3389.780029296875,0.19787121694906468,0.00776409287898178,0.0007644499133471556
2020-08-19,3374.85009765625,-0.6939937533286682,0.007461988286912801,0.0007644499133471556
2020-08-20,3385.510009765625,0.3255834876134981,0.007338224897434651,0.0007644499133471556
2020-08-21,3397.159912109375,0.376916032689824,0.007085795874921444,0.0007644499133471556
2020-08-24,3431.280029296875,1.3452703050803847,0.0068604543017879785,0.0007644499133471556
2020-08-25,3443.6201171875,0.3933219528660223,0.007183554875604408,0.0007644499133471556
2020-08-26,3478.72998046875,1.3481931565750802,0.006957127312025485,0.0007644499133471556
2020-08-27,3484.550048828125,0.12453090802916925,0.007284907279801474,0.0007644499133471556
2020-08-28,3508.010009765625,0.8489692271684774,0.007003260832024487,0.0007644499133471556
2020-08-31,3500.31005859375,-0.4244956780704332,0.006977279727131319,0.0007644499133471556
2020-09-01,3526.64990234375,0.9942900774122643,0.006771043642395043,0.0007644499133471556
2020-09-02,3580.840087890625,2.1185507109941106,0.006837032578618714,0.0007644499133471556
2020-09-03,3455.06005859375,-4.598518194187206,0.0079421332075403,0.0007644499133471556
2020-09-04,3426.9599609375,-0.658613108442329,0.01355990421864534,0.0007644499133471556
2020-09-08,3331.840087890625,-2.190501405515801,0.013199388471976664,0.0007644499133471556
2020-09-09,3398.9599609375,1.246115092589012,0.015392086062438208,0.0007644499133471556
2020-09-10,3339.18994140625,-1.1723692585435077,0.01578486957405663,0.0007644499133471556
2020-09-11,3340.969970703125,-0.01441981708369573,0.01605566519436518,0.0007644499133471556
2020-09-14,3383.5400390625,0.7790115211648337,0.015271770427588491,0.0007644499133471556
2020-09-15,3401.199951171875,0.2964333107642857,0.014982580755521467,0.0007644499133471556
2020-09-16,3385.489990234375,-0.37664276445740835,0.014321519791491885,0.0007644499133471556
2020-09-17,3357.010009765625,-0.6708941887300331,0.013731523683843784,0.0007644499133471556
2020-09-18,3319.469970703125,-0.8978676794760675,0.013376165704264874,0.0007644499133471556
2020-09-21,3281.06005859375,-0.9352963981301199,0.01326105175369161,0.0007644499133471556
2020-09-22,3315.570068359375,0.7352439505155847,0.013190950402554072,0.0007644499133471556
2020-09-23,3236.919921875,-1.9186768515172714,0.01291087074310194,0.0007644499133471556
2020-09-24,3246.590087890625,0.15340533798647552,0.01446204982435153,0.0007644499133471556
2020-09-25,3298.4599609375,1.0947012203914763,0.01378091942333492,0.0007644499133471556
2020-09-28,3351.60009765625,1.0936547664463783,0.013914575611419297,0.0007644499133471556
2020-09-29,3335.469970703125,-0.3978537209887649,0.01404720459545224,0.0007644499133471556
2020-09-30,3363.0,0.5530068935821689,0.013481554645258126,0.0007644499133471556
2020-10-01,3380.800048828125,0.3462105026018777,0.013039753609495029,0.0007644499133471556
2020-10-02,3348.419921875,-0.831282941224434,0.012496663006721486,0.0007644499133471556
2020-10-05,3408.60009765625,1.383074127069502,0.01232664161369064,0.0007644499133471556
2020-10-06,3360.969970703125,-1.153639918238144,0.012860611067904884,0.0007644499133471556
2020-10-07,3419.43994140625,1.2610438142574323,0.01307069085985746,0.0007644499133471556
2020-10-08,3446.830078125,0.5367698566314003,0.013439210291713195,0.0007644499133471556
2020-10-09,3477.139892578125,0.6152575924782345,0.012987479334013096,0.0007644499133471556
2020-10-12,3534.219970703125,1.2304901656646543,0.012611299690148204,0.0007644499133471556
2020-10-13,3511.929931640625,-0.5486132312969805,0.012925939692970458,0.0007644499133471556
2020-10-14,3488.669921875,-0.5926192075840764,0.012503175568023314,0.0007644499133471556
2020-10-15,3483.340087890625,-0.18909702874288736,0.01212802465912091,0.0007644499133471556
2020-10-16,3483.81005859375,-0.054366362397200024,0.011579576579306368,0.0007644499133471556
2020-10-19,3426.919921875,-1.5603319893220993,0.011041953601025114,0.0007644499133471556
2020-10-20,3443.1201171875,0.33523292770649527,0.011788058630427327,0.0007644499133471556
2020-10-21,3435.56005859375,-0.262116239320657,0.011302481420440394,0.0007644499133471556
2020-10-22,3453.489990234375,0.41054605829987556,0.010817066685610246,0.0007644499133471556
2020-10-23,3465.389892578125,0.25699009407002726,0.010410472888940639,0.0007644499133471556
2020-10-26,3400.969970703125,-1.9585433913392793,0.0099711464065726,0.0007644499133471556
2020-10-27,3390.679931640625,-0.33713932891271337,0.01125545119885766,0.0007644499133471556
2020-10-28,3271.030029296875,-3.3980263728929514,0.01079744180757738,0.0007644499133471556
2020-10-29,3310.110107421875,0.7276781710178871,0.015270590034474372,0.0007644499133471556
2020-10-30,3269.9599609375,-0.8689173591557283,0.014924507172013985,0.0007644499133471556
2020-11-02,3310.239990234375,0.778218885654879,0.014749707555073321,0.0007644499133471556
2020-11-03,3369.159912109375,1.1662462012225223,0.01447231961230651,0.0007644499133471556
2020-11-04,3443.43994140625,1.4298004265648177,0.014717491581885884,0.0007644499133471556
2020-11-05,3510.449951171875,1.1998684095001093,0.015425704782964735,0.0007644499133471556
2020-11-06,3509.43994140625,-0.06685482911197985,0.015738676064201148,0.0007644499133471556
2020-11-09,3550.5,0.7257036746681679,0.014975154753028136,0.0007644499133471556
2020-11-10,3545.530029296875,-0.1479457289395832,0.01463526625428327,0.0007644499133471556
2020-11-11,3572.659912109375,0.4918533577442107,0.013943746325324403,0.0007644499133471556
2020-11-12,3537.010009765625,-0.8030498658066609,0.013440138551763372,0.0007644499133471556
2020-11-13,3585.14990234375,0.964724560562655,0.01322045412164929,0.0007644499133471556
2020-11-16,3626.909912109375,0.8202936289801895,0.013185869824360985,0.0007644499133471556
2020-11-17,3609.530029296875,-0.4286367395920884,0.012989772419632915,0.0007644499133471556
2020-11-18,3567.7900390625,-0.9924532867050452,0.012489918394025563,0.0007644499133471556
2020-11-19,3581.8701171875,0.25405091200126617,0.012494447480549897,0.0007644499133471556
2020-11-20,3557.5400390625,-0.6346383436914944,0.011944105428887472,0.0007644499133471556
2020-11-23,3577.590087890625,0.4178642600461412,0.011620180840463283,0.0007644499133471556
2020-11-24,3635.409912109375,1.3658278685325091,0.011178574732912044,0.0007644499133471556
2020-11-25,3629.64990234375,-0.20176233575065988,0.011647985041969735,0.0007644499133471556
2020-11-27,3638.35009765625,0.1464431210903172,0.0111282872177308,0.0007644499133471556
2020-11-30,3621.6298828125,-0.505414085629159,0.010626119657179009,0.0007644499133471556
2020-12-01,3662.449951171875,1.016523602270797,0.01027392844092922,0.0007644499133471556
2020-12-02,3669.010009765625,0.09933360125327137,0.010319917956496807,0.0007644499133471556
2020-12-03,3666.719970703125,-0.14089695148778053,0.00985686332441217,0.0007644499133471556
2020-12-04,3699.1201171875,0.852305137244026,0.009425044448065752,0.0007644499133471556
2020-12-07,3691.9599609375,-0.2892723994280858,0.009340550144612485,0.0007644499133471556
2020-12-08,3702.25,0.22512473825434087,0.008967567369439865,0.0007644499133471556
2020-12-09,3672.820068359375,-1.0168622078558625,0.00860039324330805,0.0007644499133471556
2020-12-10,3668.10009765625,-0.2367658412543455,0.008659967291972048,0.0007644499133471556
2020-12-11,3663.4599609375,-0.24423870934009098,0.00831255619989772,0.0007644499133471556
2020-12-14,3647.489990234375,-0.6427417046927966,0.007986471269897733,0.0007644499133471556
2020-12-15,3694.6201171875,1.5446803284526092,0.007816524808706996,0.0007644499133471556
2020-12-16,3701.169921875,0.1203728227596386,0.008363812394648635,0.0007644499133471556
2020-12-17,3722.47998046875,0.6208283666713471,0.008016213760204484,0.0007644499133471556
2020-12-18,3709.409912109375,-0.5465349138937186,0.007834351944674675,0.0007644499133471556
2020-12-21,3694.919921875,-0.6133750196314877,0.0076272724687539185,0.0007644499133471556
2020-12-22,3687.260009765625,-0.38073363841279806,0.007458480992001736,0.0007644499133471556
2020-12-23,3690.010009765625,-0.0026224498007995445,0.0072133474290716326,0.0007644499133471556
2020-12-24,3703.06005859375,0.39908106296289825,0.006930672294006937,0.0007644499133471556
2020-12-28,3735.360107421875,1.1786190787581543,0.006719946900409487,0.0007644499133471556
2020-12-29,3727.0400390625,-0.43324319369992914,0.006911394764345129,0.0007644499133471556
2020-12-30,3732.0400390625,0.08585478458006793,0.006711311251322274,0.0007644499133471556
2020-12-31,3756.070068359375,0.8747548385870062,0.006463244956140126,0.0007644499133471556
2021-01-04,3700.64990234375,-2.416891577276671,0.006466658567689571,0.0007644499133471556
2021-01-05,3726.860107421875,0.7999065615769173,0.007867395733832508,0.0007644499133471556
2021-01-06,3748.139892578125,0.6329323288718051,0.007787804863614883,0.0007644499133471556
2021-01-07,3803.7900390625,1.8335297543867668,0.007621261755350911,0.0007644499133471556
2021-01-08,3824.679931640625,0.5557043777026959,0.008480025836127857,0.0007644499133471556
2021-01-11,3799.610107421875,-0.8900573128626116,0.008247533528328627,0.0007644499133471556
2021-01-12,3801.18994140625,-0.042444588416982405,0.008216545283734092,0.0007644499133471556
2021-01-13,3809.840087890625,0.19162752763797028,0.007872597908944828,0.0007644499133471556
2021-01-14,3795.5400390625,-0.5982951881274521,0.007563094392004912,0.0007644499133471556
2021-01-15,3768.25,-1.0798380790054993,0.007390414235970853,0.0007644499133471556
2021-01-19,3798.909912109375,0.9774688587975373,0.007508175484426994,0.0007644499133471556
2021-01-20,3851.85009765625,1.7314520071687098,0.007551446652306606,0.0007644499133471556
2021-01-21,3853.070068359375,-0.054038230643843214,0.008286295585524012,0.0007644499133471556
2021-01-22,3841.469970703125,-0.47610478513006677,0.007938593969922648,0.0007644499133471556
2021-01-25,3855.360107421875,0.36951601841909654,0.007698901963280321,0.0007644499133471556
2021-01-26,3849.6201171875,-0.303115286851116,0.007437411349061943,0.0007644499133471556
2021-01-27,3750.77001953125,-3.732532853163535,0.0071741538769717235,0.0007644499133471556
2021-01-28,3787.3798828125,0.8337420003710754,0.010733354996426178,0.0007644499133471556
2021-01-29,3714.239990234375,-1.9109999200046284,0.010604305817077206,0.0007644499133471556
2021-02-01,3773.860107421875,1.2758997365636824,0.011881694060193746,0.0007644499133471556
2021-02-02,3826.31005859375,1.0647019692929007,0.012245754471199514,0.0007644499133471556
2021-02-03,3830.169921875,0.019761528892776447,0.012337643677293935,0.0007644499133471556
2021-02-04,3871.739990234375,0.8531900543196046,0.011756346290948952,0.0007644499133471556
2021-02-05,3886.830078125,0.26890196565238683,0.011623082363246858,0.0007644499133471556
2021-02-08,3915.590087890625,0.5940613153088216,0.011122854480950177,0.0007644499133471556
2021-02-09,3911.22998046875,-0.17391726193588483,0.010801661170130893,0.0007644499133471556
2021-02-10,3909.8798828125,-0.10750457802963548,0.010322299348338605,0.0007644499133471556
2021-02-11,3916.3798828125,0.0909358498334604,0.009859971649054005,0.0007644499133471556
2021-02-12,3934.830078125,0.41767987264221257,0.009422338184312382,0.0007644499133471556
2021-02-16,3932.590087890625,-0.14679245812233177,0.009086873030295662,0.0007644499133471556
2021-02-17,3931.330078125,-0.12470256906590389,0.008699927117706344,0.0007644499133471556
2021-02-18,3913.969970703125,-0.6228399682023958,0.008332901556670675,0.0007644499133471556
2021-02-19,3906.7099609375,-0.32204166214447644,0.008138912808853286,0.0007644499133471556
2021-02-22,3876.5,-1.0876152807369026,0.007840403640964298,0.0007644499133471556
2021-02-23,3881.3701171875,0.061677905058689426,0.007962003536146248,0.0007644499133471556
2021-02-24,3925.429931640625,1.378412679381965,0.007634301334457439,0.0007644499133471556
2021-02-25,3829.340087890625,-3.190699045718155,0.008006974011479907,0.0007644499133471556
2021-02-26,3811.14990234375,-0.5033819328869091,0.010977712639494774,0.0007644499133471556
2021-03-01,3901.820068359375,2.144199443698452,0.010608958685815923,0.0007644499133471556
2021-03-02,3870.2900390625,-0.7216718576241262,0.01230216830414354,0.0007644499133471556
2021-03-03,3819.719970703125,-1.1562892078129476,0.012035730952182013,0.0007644499133471556
2021-03-04,3768.469970703125,-1.165876292646265,0.012241854532733,0.0007644499133471556
2021-03-05,3841.93994140625,1.4879787514081064,0.012462480669037466,0.0007644499133471556
2021-03-08,3821.35009765625,-0.46606588650785263,0.013170011612229778,0.0007644499133471556
2021-03-09,3875.43994140625,1.04789088484645,0.012683525568152039,0.0007644499133471556
2021-03-10,3898.81005859375,0.41145451859273824,0.01275415293916196,0.0007644499133471556
2021-03-11,3939.340087890625,0.7814381027221774,0.012256089834815069,0.0007644499133471556
2021-03-12,3943.340087890625,0.02079318041943635,0.012044016794544983,0.0007644499133471556
2021-03-15,3968.93994140625,0.49712245904824326,0.011479042079473032,0.0007644499133471556
2021-03-16,3962.7099609375,-0.2106805528776485,0.01108487166966624,0.0007644499133471556
2021-03-17,3974.1201171875,0.19917544615348057,0.010597665412962441,0.0007644499133471556
2021-03-18,3915.4599609375,-1.5427499553704656,0.01013450684271157,0.0007644499133471556
2021-03-19,3913.10009765625,-0.12656296836881245,0.010803599225941643,0.0007644499133471556
2021-03-22,3940.590087890625,0.6044768202794312,0.010316536177702952,0.0007644499133471556
2021-03-23,3910.52001953125,-0.8396642005390829,0.010033258566070133,0.0007644499133471556
2021-03-24,3889.139892578125,-0.6293977697730612,0.009925021685330023,0.0007644499133471556
2021-03-25,3909.52001953125,0.4613492361923094,0.009671921332762614,0.0007644499133471556
2021-03-26,3974.5400390625,1.6837421131023103,0.009342267217149309,0.0007644499133471556
2021-03-29,3971.090087890625,-0.16080199043023605,0.010154349056035478,0.0007644499133471556
2021-03-30,3958.550048828125,-0.4045107751010179,0.009708713746911762,0.0007644499133471556
2021-03-31,3972.889892578125,0.3048451241168991,0.009353942226673967,0.0007644499133471556
2021-04-01,4019.8701171875,1.2233733654508867,0.008984485705454267,0.0007644499133471556
2021-04-05,4077.909912109375,1.4697020047414995,0.009233530202119861,0.0007644499133471556
2021-04-06,4073.93994140625,-0.17806124587357697,0.009763240988319169,0.0007644499133471556
2021-04-07,4079.949951171875,0.07596463012016991,0.009342450343495083,0.0007644499133471556
2021-04-08,4097.169921875,0.38588405381794444,0.008933515114545302,0.0007644499133471556
2021-04-09,4128.7998046875,0.8042699621075317,0.008611335184260095,0.0007644499133471556
2021-04-12,4127.990234375,-0.11283152541471439,0.00851311709698311,0.0007644499133471556
2021-04-13,4141.58984375,0.30954465734390496,0.00815592162170821,0.0007644499133471556
2021-04-14,4124.66015625,-0.618917589368513,0.00785331410444575,0.0007644499133471556
2021-04-15,4170.419921875,1.3375167670430517,0.007677400194745968,0.0007644499133471556
2021-04-16,4185.47021484375,0.3541645907564556,0.008012866196220898,0.0007644499133471556
2021-04-19,4163.259765625,-0.787221789791234,0.007729892497918333,0.0007644499133471556
2021-04-20,4134.93994140625,-0.99254826802899,0.0076469942701096645,0.0007644499133471556
2021-04-21,4173.419921875,1.1038820204035809,0.007698803721251832,0.0007644499133471556
2021-04-22,4134.97998046875,-1.2788069095016397,0.007833698504026291,0.0007644499133471556
2021-04-23,4180.169921875,1.244704857873781,0.00811835827446292,0.0007644499133471556
2021-04-26,4187.6201171875,0.12132438042594718,0.00837617837130228,0.0007644499133471556
2021-04-27,4186.72021484375,-0.12199505816802361,0.008027939078011722,0.0007644499133471556
2021-04-28,4183.18017578125,-0.20911971596516782,0.007700601032814295,0.0007644499133471556
2021-04-29,4211.47021484375,0.8070739028909429,0.007404020377750604,0.0007644499133471556
2021-04-30,4181.169921875,-1.0875194272942452,0.007342547755982729,0.0007644499133471556
2021-05-03,4192.66015625,0.26517576159571576,0.007466262090663866,0.0007644499133471556
2021-05-04,4164.66015625,-1.0377751151200034,0.007193453855685436,0.0007644499133471556
2021-05-05,4167.58984375,-0.008408193947778394,0.007282594408971529,0.0007644499133471556
2021-05-06,4201.6201171875,1.0532163426943186,0.006995570887588587,0.0007644499133471556
2021-05-07,4232.60009765625,0.9273624537848068,0.007097377599208372,0.0007644499133471556
2021-05-10,4188.43017578125,-1.5817655271669184,0.007115422749567538,0.0007644499133471556
2021-05-11,4152.10009765625,-1.236557270769952,0.007663373366628032,0.0007644499133471556
2021-05-12,4063.0400390625,-2.8385685082656633,0.007907940994302302,0.0007644499133471556
2021-05-13,4112.5,1.1059602469769965,0.010249188156382864,0.0007644499133471556
2021-05-14,4173.85009765625,1.3520946514225105,0.010386350271781477,0.0007644499133471556
2021-05-17,4163.2900390625,-0.3049896447326352,0.010812524799653311,0.0007644499133471556
2021-05-18,4127.830078125,-0.8989192969616282,0.010366027661076695,0.0007644499133471556
2021-05-19,4115.68017578125,-0.36036989982418144,0.010301087095611172,0.0007644499133471556
2021-05-20,4159.1201171875,0.9833326158351862,0.009899986295982804,0.0007644499133471556
2021-05-21,4155.85986328125,-0.15614869386740776,0.009917713368226931,0.0007644499133471556
2021-05-24,4197.0498046875,0.9592380216886811,0.00948466111867871,0.0007644499133471556
2021-05-25,4188.1298828125,-0.30487255029390414,0.009485915709327733,0.0007644499133471556
2021-05-26,4195.990234375,0.12191913413432783,0.009109379304151354,0.0007644499133471556
2021-05-27,4200.8798828125,0.04590274646618599,0.008718131426202013,0.0007644499133471556
2021-05-28,4204.10986328125,0.0004957347758399258,0.008344259353548482,0.0007644499133471556
2021-06-01,4202.0400390625,-0.15727292598818288,0.007991869319394244,0.0007644499133471556
2021-06-02,4208.1201171875,0.0888380482561004,0.0076705773813118775,0.0007644499133471556
2021-06-03,4192.85009765625,-0.597607140326025,0.00736228313302312,0.0007644499133471556
2021-06-04,4229.89013671875,1.1156639997290931,0.007198272483130431,0.0007644499133471556
2021-06-07,4226.52001953125,-0.21263995508740463,0.0073434279184587566,0.0007644499133471556
2021-06-08,4227.259765625,-0.08338562600684228,0.00706884857898143,0.0007644499133471556
2021-06-09,4219.5498046875,-0.3810055259032295,0.006797755748615207,0.0007644499133471556
2021-06-10,4239.18017578125,0.5883278877404113,0.006589870961252837,0.0007644499133471556
2021-06-11,4247.43994140625,0.18303975776501316,0.006458099780588505,0.0007644499133471556
2021-06-14,4255.14990234375,0.16826626651940002,0.006234799722427189,0.0007644499133471556
2021-06-15,4246.58984375,-0.4611511502136,0.006024423589394103,0.0007644499133471556
2021-06-16,4223.7001953125,-1.0488330805136055,0.005881921322840676,0.0007644499133471556
2021-06-17,4221.85986328125,-0.20022831170446698,0.005994459259045064,0.0007644499133471556
2021-06-18,4166.4501953125,-2.408177928584039,0.00580347715787297,0.0007644499133471556
2021-06-21,4224.7900390625,1.8592729746194328,0.007067662348861076,0.0007644499133471556
2021-06-22,4246.43994140625,0.5500284606546239,0.007903148248855827,0.0007644499133471556
2021-06-23,4241.83984375,-0.2402181983339657,0.007694339749510132,0.0007644499133471556
2021-06-24,4266.490234375,0.6794141124379117,0.007403407642683315,0.0007644499133471556
2021-06-25,4280.7001953125,0.35198444858411554,0.007274790865450655,0.0007644499133471556
2021-06-28,4290.60986328125,0.2201019470305116,0.007032372807270192,0.0007644499133471556
2021-06-29,4291.7998046875,-0.07187365834633722,0.0067778958504088205,0.0007644499133471556
2021-06-30,4297.5,0.08625989987092003,0.006524799013240882,0.0007644499133471556
2021-07-01,4319.93994140625,0.7065780083833922,0.006288890209128158,0.0007644499133471556
2021-07-02,4352.33984375,1.0787514214573872,0.006217971858875999,0.0007644499133471556
2021-07-06,4343.5400390625,-0.4395180572514976,0.006344114052573282,0.0007644499133471556
2021-07-07,4358.1298828125,0.41908624517831383,0.006177479385452628,0.0007644499133471556
2021-07-08,4320.81982421875,-1.5564583617652186,0.006015150262218062,0.0007644499133471556
2021-07-09,4369.5498046875,1.611738960055952,0.006483913492234389,0.0007644499133471556
2021-07-12,4384.6298828125,0.38161123687176235,0.007024905252325554,0.0007644499133471556
2021-07-13,4369.2099609375,-0.6301168730084209,0.0068042315293712855,0.0007644499133471556
2021-07-14,4374.2998046875,0.059861254743163096,0.0066788886039485015,0.0007644499133471556
2021-07-15,4360.02978515625,-0.6269003257341795,0.006431681896752977,0.0007644499133471556
2021-07-16,4327.16015625,-1.317897882017417,0.006322086888406017,0.0007644499133471556
2021-07-19,4258.490234375,-2.5346836536534414,0.006612750782201887,0.0007644499133471556
2021-07-20,4323.06005859375,1.7441165072721236,0.008190024021843654,0.0007644499133471556
2021-07-21,4358.68994140625,0.8279188483847706,0.008990726281107107,0.0007644499133471556
2021-07-22,4367.47998046875,0.14049201080671622,0.008898650455048184,0.0007644499133471556
2021-07-23,4411.7900390625,1.0948229864230927,0.008521818219572656,0.0007644499133471556
2021-07-26,4422.2998046875,0.1867471055668464,0.008647614668407138,0.0007644499133471556
2021-07-27,4401.4599609375,-0.6618551699712549,0.008291894578331252,0.0007644499133471556
2021-07-28,4400.64013671875,-0.11709000833366713,0.008119643669258296,0.0007644499133471556
2021-07-29,4419.14990234375,0.44088607811430636,0.007786324182900281,0.0007644499133471556
2021-07-30,4395.259765625,-0.8200946024463818,0.0075420122302447545,0.0007644499133471556
2021-08-02,4387.16015625,-0.34860570206089875,0.0074839727749253845,0.0007644499133471556
2021-08-03,4423.14990234375,1.024435580936857,0.007228869792670114,0.0007644499133471556
2021-08-04,4402.66015625,-0.7399196640477806,0.0073083617551937576,0.0007644499133471556
2021-08-05,4429.10009765625,0.724053806634019,0.007213602123511793,0.0007644499133471556
2021-08-06,4436.52001953125,0.12783031474408085,0.007114232934514752,0.0007644499133471556
2021-08-09,4432.35009765625,-0.24911069348053946,0.006843544749054576,0.0007644499133471556
2021-08-10,4436.75,0.03447801012708903,0.006605283764255407,0.0007644499133471556
2021-08-11,4442.41015625,0.08023781308981232,0.006362097682011018,0.0007644499133471556
2021-08-12,4460.830078125,0.5497125077979015,0.0061365855320354105,0.0007644499133471556
2021-08-13,4468.0,0.13993059163719912,0.006014170294924751,0.0007644499133471556
2021-08-16,4479.7099609375,0.3186065871138664,0.005815863273363436,0.0007644499133471556
2021-08-17,4448.080078125,-1.3883825630993676,0.005654200527382525,0.0007644499133471556
2021-08-18,4400.27001953125,-1.9340733371663432,0.005982763184954808,0.0007644499133471556
2021-08-19,4405.7998046875,0.07241719600452855,0.006786417728449883,0.0007644499133471556
2021-08-20,4441.669921875,1.1241974482880404,0.006532797231107837,0.0007644499133471556
2021-08-23,4479.52978515625,1.1551015357398253,0.006686181112310979,0.0007644499133471556
2021-08-24,4486.22998046875,0.10642795894709445,0.006860686757864867,0.0007644499133471556
2021-08-25,4496.18994140625,0.22003848177568702,0.006604333379218468,0.0007644499133471556
2021-08-26,4470.0,-1.0360585237922082,0.006376473518859626,0.0007644499133471556
2021-08-27,4509.3701171875,1.2363581160286536,0.006474355223886885,0.0007644499133471556
2021-08-30,4528.7900390625,0.5267806816029493,0.006706537116693813,0.0007644499133471556
2021-08-31,4522.68017578125,-0.322971204619449,0.00654695155170819,0.0007644499133471556
2021-09-01,4524.08984375,-0.07141465794101216,0.006340573006284383,0.0007644499133471556
2021-09-02,4536.9501953125,0.33913197943721635,0.006116072699776432,0.0007644499133471556
2021-09-03,4535.43017578125,-0.18512713048012197,0.0059393627053845885,0.0007644499133471556
2021-09-07,4520.02978515625,-0.7244414929263225,0.0057503641168316875,0.0007644499133471556
2021-09-08,4514.06982421875,-0.3649656860901932,0.00570981548837672,0.0007644499133471556
2021-09-09,4493.27978515625,-0.9670933457328901,0.005563782531532193,0.0007644499133471556
2021-09-10,4458.580078125,-1.5104144740021934,0.005638851021505033,0.0007644499133471556
2021-09-13,4468.72998046875,0.2492746004872177,0.006055371987648177,0.0007644499133471556
2021-09-14,4443.0498046875,-1.112633217906266,0.005866860502232179,0.0007644499133471556
2021-09-15,4480.7001953125,1.275367151113423,0.006016968762315336,0.0007644499133471556
2021-09-16,4473.75,-0.36935008998424146,0.006272625048527357,0.0007644499133471556
2021-09-17,4432.990234375,-1.6276717991534169,0.006092800891619871,0.0007644499133471556
2021-09-20,4357.72998046875,-2.6998136562926036,0.006625467501446835,0.0007644499133471556
2021-09-21,4354.18994140625,-0.18728887746174697,0.008420887525561877,0.0007644499133471556
2021-09-22,4395.64013671875,1.0781965974730072,0.008078429602993611,0.0007644499133471556
2021-09-23,4448.97998046875,1.3791343637001892,0.00819153720909294,0.0007644499133471556
2021-09-24,4455.47998046875,0.08104511464427504,0.008581552399176441,0.0007644499133471556
2021-09-27,4443.10986328125,-0.43134869227888845,0.008217699269719839,0.0007644499133471556
2021-09-28,4352.6298828125,-2.6848266583076574,0.007947912610005074,0.0007644499133471556
2021-09-29,4359.4599609375,0.07993770033994581,0.010051632953157787,0.0007644499133471556
2021-09-30,4307.5400390625,-1.3273814615537727,0.009602102505968836,0.0007644499133471556
2021-10-01,4357.0400390625,1.0687159504247923,0.009975992400739674,0.0007644499133471556
2021-10-04,4300.4599609375,-1.3732491480208135,0.010074939410616816,0.0007644499133471556
2021-10-05,4345.72021484375,0.9227094123609507,0.01051801082252089,0.0007644499133471556
2021-10-06,4363.5498046875,0.317984580803362,0.010472046876816556,0.0007644499133471556
2021-10-07,4399.759765625,0.7464141220851451,0.010047491184609117,0.0007644499133471556
2021-10-08,4391.33984375,-0.27159167344097146,0.00986777864657581,0.0007644499133471556
2021-10-11,4361.18994140625,-0.8089460843061101,0.009461559560242225,0.0007644499133471556
2021-10-12,4350.64990234375,-0.3407799696732237,0.009343728749537098,0.0007644499133471556
2021-10-13,4363.7998046875,0.25079454794206246,0.008985466292534232,0.0007644499133471556
2021-10-14,4438.259765625,1.8735139375911125,0.008622680647433816,0.0007644499133471556
2021-10-15,4471.3701171875,0.6923639762298356,0.00963087473174573,0.0007644499133471556
2021-10-18,4486.4599609375,0.276273947031453,0.009427736188820366,0.0007644499133471556
2021-10-19,4519.6298828125,0.7297414997236921,0.009046618389372471,0.0007644499133471556
2021-10-20,4536.18994140625,0.32552162450900035,0.008886917081398221,0.0007644499133471556
2021-10-21,4549.77978515625,0.26050856309408,0.008548445504298563,0.0007644499133471556
2021-10-22,4544.89990234375,-0.22375822505219456,0.008212342306446489,0.0007644499133471556
2021-10-25,4566.47998046875,0.5036048487891603,0.007888147894242154,0.0007644499133471556
2021-10-26,4574.7900390625,0.1375341576140963,0.007661307832004071,0.0007644499133471556
2021-10-27,4551.68017578125,-0.7922030966370166,0.007357734789470812,0.0007644499133471556
2021-10-28,4596.419921875,1.2369892706943666,0.00728934253873956,0.0007644499133471556
2021-10-29,4605.3798828125,0.15710456010881113,0.0075299362256007075,0.0007644499133471556
2021-11-01,4613.669921875,0.14288747071365115,0.007236526949430044,0.0007644499133471556
2021-11-02,4630.64990234375,0.41800409017882817,0.006959638136068984,0.0007644499133471556
2021-11-03,4660.56982421875,0.8405814606105665,0.0067525218738707605,0.0007644499133471556
2021-11-04,4680.06005859375,0.5065626474018222,0.006729221838510192,0.0007644499133471556
2021-11-05,4697.52978515625,0.4513176552667458,0.006561675789499062,0.0007644499133471556
2021-11-08,4701.7001953125,0.019251820605061646,0.006386104975601095,0.0007644499133471556
2021-11-09,4685.25,-0.6934036425703552,0.006157107603186694,0.0007644499133471556
2021-11-10,4646.7099609375,-1.4827100198177778,0.006086349964989972,0.0007644499133471556
2021-11-11,4649.27001953125,-0.03287879358947626,0.006498461684026472,0.0007644499133471556
2021-11-12,4682.85009765625,1.0271456481971426,0.006262254688099204,0.0007644499133471556
2021-11-15,4682.7998046875,-0.1219544659296142,0.006356387078203079,0.0007644499133471556
2021-11-16,4700.89990234375,0.5043025374146639,0.006133875827073193,0.0007644499133471556
2021-11-17,4688.669921875,-0.5618163784740362,0.005997449567766117,0.0007644499133471556
2021-11-18,4704.5400390625,0.44418841244456736,0.005886274278150042,0.0007644499133471556
2021-11-19,4697.9599609375,-0.3765336889599258,0.0057474127330093315,0.0007644499133471556
2021-11-22,4682.93994140625,-0.7081652949754557,0.0056013874987270625,0.0007644499133471556
2021-11-23,4690.7001953125,0.1602729537334294,0.00556120948098642,0.0007644499133471556
2021-11-24,4701.4599609375,0.2829628215470017,0.005395669491041311,0.0007644499133471556
2021-11-26,4594.6201171875,-4.518904784048586,0.005256021582156211,0.0007644499133471556
2021-11-29,4655.27001953125,1.3866769879660314,0.008905741046147357,0.0007644499133471556
2021-11-30,4567.0,-2.1345666144008555,0.009326404229734278,0.0007644499133471556
2021-12-01,4513.0400390625,-1.1700064851564635,0.010811898508076572,0.0007644499133471556
2021-12-02,4577.10009765625,1.2092420315063708,0.011023590096438343,0.0007644499133471556
2021-12-03,4538.43017578125,-0.8195859226441803,0.011284851044350085,0.0007644499133471556
2021-12-06,4591.669921875,0.9790934715039893,0.011130856974869104,0.0007644499133471556
2021-12-07,4686.75,1.772444199117279,0.011132171767512902,0.0007644499133471556
2021-12-08,4701.2099609375,0.18943168589986203,0.012226495595161344,0.0007644499133471556
2021-12-09,4667.4501953125,-0.6829052742664022,0.011672831425169432,0.0007644499133471556
2021-12-10,4712.02001953125,0.7669712861354128,0.01139458459898536,0.0007644499133471556
2021-12-13,4668.97021484375,-0.8883323551584216,0.01119244188102081,0.0007644499133471556
2021-12-14,4634.08984375,-0.7442094539085283,0.011103289167549952,0.0007644499133471556
2021-12-15,4709.85009765625,1.4188038100488873,0.010890735793845452,0.0007644499133471556
2021-12-16,4668.669921875,-0.8356903744504166,0.011423265740900317,0.0007644499133471556
2021-12-17,4620.64013671875,-0.9844677745826274,0.011280627750470616,0.0007644499133471556
2021-12-20,4568.02001953125,-1.0825539733567542,0.011286133104956395,0.0007644499133471556
2021-12-21,4649.22998046875,1.4788391327783421,0.011399012305130156,0.0007644499133471556
2021-12-22,4696.56005859375,0.777730623827324,0.012040516123304344,0.0007644499133471556
2021-12-23,4725.7900390625,0.45982129020241175,0.011830602209631957,0.0007644499133471556
2021-12-27,4791.18994140625,1.1385191386115294,0.011400424656969634,0.0007644499133471556
2021-12-28,4786.35009765625,-0.15329922229541382,0.011579414987597327,0.0007644499133471556
2021-12-29,4793.06005859375,0.0575799115918087,0.011053568352492334,0.0007644499133471556
2021-12-30,4778.72998046875,-0.3564210993981623,0.010545626399778858,0.0007644499133471556
2021-12-31,4766.18017578125,-0.3350300004309715,0.010130687647242209,0.0007644499133471556
2022-01-03,4796.56005859375,0.574478249083558,0.009729479342268824,0.0007644499133471556
2022-01-04,4793.5400390625,-0.14750055314432395,0.00945264363982542,0.0007644499133471556
2022-01-05,4700.580078125,-2.2496681391990556,0.009044762586668706,0.0007644499133471556
2022-01-06,4696.0498046875,-0.16196891670691485,0.01067293458939546,0.0007644499133471556
2022-01-07,4677.02978515625,-0.47289890765237724,0.010198566580806994,0.0007644499133471556
2022-01-10,4670.2900390625,-0.22402331788522117,0.00984951241556278,0.0007644499133471556
2022-01-11,4713.06982421875,0.8856115397886768,0.009432845173907283,0.0007644499133471556
2022-01-12,4726.35009765625,0.2186165653557728,0.009374139137099929,0.0007644499133471556
2022-01-13,4659.02978515625,-1.6821602390860415,0.008982782256200264,0.0007644499133471556
2022-01-14,4662.85009765625,0.00565157750056184,0.009766185854820654,0.0007644499133471556
2022-01-18,4577.10986328125,-2.0711291980776756,0.009329961322205718,0.0007644499133471556
2022-01-19,4532.759765625,-0.9801265513081906,0.010714168329376626,0.0007644499133471556
2022-01-20,4482.72998046875,-1.106581440646743,0.010720577611300287,0.0007644499133471556
2022-01-21,4397.93994140625,-1.8288500097168887,0.010859526550817056,0.0007644499133471556
2022-01-24,4410.1298828125,0.16662299638557893,0.012023879586742075,0.0007644499133471556
2022-01-25,4356.4501953125,-1.133732805356788,0.01147628471958948,0.0007644499133471556
2022-01-26,4349.93017578125,-0.19418123637287907,0.011649976493551529,0.0007644499133471556
2022-01-27,4326.509765625,-0.553813740523524,0.011128443847370186,0.0007644499133471556
2022-01-28,4431.85009765625,2.160218408233861,0.010782019962709272,0.0007644499133471556
2022-01-31,4515.5498046875,1.432022304170374,0.012531492182332831,0.0007644499133471556
2022-02-01,4546.5400390625,0.46196176666325056,0.01315067798543249,0.0007644499133471556
2022-02-02,4589.3798828125,0.6802676251661519,0.012662590745625129,0.0007644499133471556
2022-02-03,4477.43994140625,-2.0613788372385193,0.012349948089877527,0.0007644499133471556
2022-02-04,4500.52978515625,0.3099290647721409,0.014129776856314103,0.0007644499133471556
2022-02-07,4483.8701171875,-0.3309196323474251,0.01351697029712492,0.0007644499133471556
2022-02-08,4521.5400390625,0.5872890446588048,0.012943649506868438,0.0007644499133471556
2022-02-09,4587.18017578125,1.0877044324410483,0.012547886869678034,0.0007644499133471556
2022-02-10,4504.080078125,-1.5034071946477015,0.012668739690890163,0.0007644499133471556
2022-02-11,4418.64013671875,-1.4848856372502257,0.013412569999879062,0.0007644499133471556
2022-02-14,4401.669921875,-0.3256956059923752,0.014161814234249913,0.0007644499133471556
2022-02-15,4471.06982421875,1.0977431458807747,0.01355441643024665,0.0007644499133471556
2022-02-16,4475.009765625,0.008499400125194154,0.013691531781366334,0.0007644499133471556
2022-02-17,4380.259765625,-1.700345745712391,0.013035557095476127,0.0007644499133471556
2022-02-18,4348.8701171875,-0.5618814679870555,0.014160302538037784,0.0007644499133471556
2022-02-22,4304.759765625,-0.8000244324385742,0.01369856332382026,0.0007644499133471556
2022-02-23,4225.5,-1.4364192428312936,0.013469734382003141,0.0007644499133471556
2022-02-24,4288.7001953125,0.996133577995417,0.014136312288271877,0.0007644499133471556
2022-02-25,4384.64990234375,1.5113250926733919,0.01413437171226471,0.0007644499133471556
2022-02-28,4373.93994140625,-0.21443934566726808,0.014969460788479029,0.0007644499133471556
2022-03-01,4306.259765625,-1.1457380340093517,0.014278061139957483,0.0007644499133471556
2022-03-02,4386.5400390625,1.222021253368489,0.014489598129735447,0.0007644499133471556
2022-03-03,4363.490234375,-0.4069659589849748,0.014824263613201969,0.0007644499133471556
2022-03-04,4328.8701171875,-0.6135941245197528,0.014227865143236094,0.0007644499133471556
2022-03-07,4201.08984375,-2.225688407132908,0.013805632733355371,0.0007644499133471556
2022-03-08,4170.7001953125,-0.49588595829340093,0.01618213574076925,0.0007644499133471556
2022-03-09,4277.8798828125,1.5787776488903107,0.015587469347625494,0.0007644499133471556
2022-03-10,4259.52001953125,-0.3043302094917337,0.016644748617149537,0.0007644499133471556
2022-03-11,4204.31005859375,-0.8683044551685545,0.015905399038755794,0.0007644499133471556
2022-03-14,4173.10986328125,-0.5226925476347234,0.015713109065829078,0.0007644499133471556
2022-03-15,4262.4501953125,1.3469389691537854,0.015158949498376704,0.0007644499133471556
2022-03-16,4357.85986328125,1.358858609594963,0.01572825280285549,0.0007644499133471556
2022-03-17,4411.669921875,0.7043044147060593,0.016339177939351496,0.0007644499133471556
2022-03-18,4463.1201171875,0.679574224939643,0.015936985396264643,0.0007644499133471556
2022-03-21,4461.18017578125,-0.07726752818345238,0.01552016475538604,0.0007644499133471556
2022-03-22,4511.60986328125,0.709315440702132,0.014769521484484958,0.0007644499133471556
2022-03-23,4456.240234375,-0.909452375344845,0.014418655139440548,0.0007644499133471556
2022-03-24,4520.16015625,0.9423466758105722,0.014302127565397268,0.0007644499133471556
2022-03-25,4543.06005859375,0.30143005969091197,0.014228610097109769,0.0007644499133471556
2022-03-28,4575.52001953125,0.4670378960449025,0.013607249348529128,0.0007644499133471556
2022-03-29,4631.60009765625,0.8714310297362066,0.013102120303772275,0.0007644499133471556
2022-03-30,4602.4501953125,-0.5460590064440336,0.012962040418541054,0.0007644499133471556
2022-03-31,4530.41015625,-1.3194565464070636,0.012536059020109592,0.0007644499133471556
2022-04-01,4545.85986328125,0.20339298208743134,0.012979656530042141,0.0007644499133471556
2022-04-04,4582.64013671875,0.5887310487978199,0.012389244008245521,0.0007644499133471556
2022-04-05,4525.1201171875,-1.114846782009298,0.012015650225234993,0.0007644499133471556
2022-04-06,4481.14990234375,-0.8652211375633088,0.012169009018294439,0.0007644499133471556
2022-04-07,4500.2099609375,0.2890414412769593,0.012039504173921047,0.0007644499133471556
2022-04-08,4488.27978515625,-0.2966792171338194,0.011524220071530611,0.0007644499133471556
2022-04-11,4412.52978515625,-1.6113093512331504,0.011038094258207868,0.0007644499133471556
2022-04-12,4397.4501953125,-0.3530212079818103,0.011862603008301892,0.0007644499133471556
2022-04-13,4446.58984375,0.9092936227382925,0.011380431025560071,0.0007644499133471556
2022-04-14,4392.58984375,-1.148082362964635,0.011308361416971996,0.0007644499133471556
2022-04-18,4391.68994140625,-0.0843033317023517,0.011498231044724203,0.0007644499133471556
2022-04-19,4462.2099609375,1.3827741125246873,0.010967514287890414,0.0007644499133471556
2022-04-20,4459.4501953125,-0.12076308404860735,0.011453138435691363,0.0007644499133471556
2022-04-21,4393.66015625,-1.4298712785584498,0.010929169428742684,0.0007644499133471556
2022-04-22,4271.77978515625,-2.517403879566418,0.011478700944757057,0.0007644499133471556
2022-04-25,4296.1201171875,0.34892508955235624,0.0140927533674153,0.0007644499133471556
2022-04-26,4175.2001953125,-2.1714999734417115,0.013499635827986247,0.0007644499133471556
2022-04-27,4183.9599609375,0.08482895662655444,0.015695101820934868,0.0007644499133471556
2022-04-28,4287.5,1.5855077220659768,0.014936039161403458,0.0007644499133471556
2022-04-29,4131.93017578125,-2.362707187061452,0.01596626526749552,0.0007644499133471556
2022-05-02,4155.3798828125,0.2562165609344444,0.019103953946692058,0.0007644499133471556
2022-05-03,4175.47998046875,0.22289464345316307,0.018219438112543552,0.0007644499133471556
2022-05-04,4300.169921875,1.650527996042257,0.017364607999805718,0.0007644499133471556
2022-05-05,4146.8701171875,-1.9808575862861961,0.01871165687733142,0.0007644499133471556
2022-05-06,4123.33984375,-0.3056445843377401,0.02111875903604192,0.0007644499133471556
2022-05-09,3991.239990234375,-1.6528000881111833,0.020163339591200168,0.0007644499133471556
2022-05-10,4001.050048828125,0.07781227325304332,0.021724488649301668,0.0007644499133471556
2022-05-11,3935.179931640625,-0.8410697889689431,0.020645946670290103,0.0007644499133471556
2022-05-12,3930.080078125,-0.1013891302906282,0.020330136983630148,0.0007644499133471556
2022-05-13,4023.889892578125,1.1808618337916554,0.01932894890017198,0.0007644499133471556
2022-05-16,4008.010009765625,-0.2399741416475894,0.019663195370437585,0.0007644499133471556
2022-05-17,4088.85009765625,1.0246188275156862,0.018743038047308844,0.0007644499133471556
2022-05-18,3923.679931640625,-2.2378715917028766,0.018767054982202103,0.0007644499133471556
2022-05-19,3900.7900390625,-0.30048402597359325,0.02201552867664361,0.0007644499133471556
2022-05-20,3901.360107421875,-0.029424621713121806,0.021013654054254562,0.0007644499133471556
2022-05-23,3973.75,0.8824866793513652,0.01996692517972605,0.0007644499133471556
2022-05-24,3941.47998046875,-0.451984218727227,0.019731664176282894,0.0007644499133471556
2022-05-25,3978.72998046875,0.45601831326418674,0.018950852376355916,0.0007644499133471556
2022-05-26,4057.840087890625,1.0393699683412414,0.018206910600442477,0.0007644499133471556
2022-05-27,4158.240234375,1.2967693168561034,0.018258205198652268,0.0007644499133471556
2022-05-31,4132.14990234375,-0.37507673621431453,0.018819042679791544,0.0007644499133471556
2022-06-01,4101.22998046875,-0.4592712949052398,0.01801844584301755,0.0007644499133471556
2022-06-02,4176.81982421875,1.0104926090272737,0.01731707421298482,0.0007644499133471556
2022-06-03,4108.5400390625,-0.9957271654123055,0.01732086471299869,0.0007644499133471556
2022-06-06,4121.43017578125,0.13687760997533835,0.01730041526963779,0.0007644499133471556
2022-06-07,4160.68017578125,0.5292121141973423,0.01646576369777373,0.0007644499133471556
2022-06-08,4115.77001953125,-0.7312372931682537,0.015886871555974444,0.0007644499133471556
2022-06-09,4017.820068359375,-1.6004328133148682,0.015527616886978644,0.0007644499133471556
2022-06-10,3900.860107421875,-1.8226084830813274,0.01662829126830323,0.0007644499133471556
2022-06-13,3749.6298828125,-2.196302662963557,0.01835101444943968,0.0007644499133471556
2022-06-14,3735.47998046875,-0.21247316323690874,0.021392197883215912,0.0007644499133471556
2022-06-15,3789.989990234375,0.6735838956724068,0.020372531189286662,0.0007644499133471556
2022-06-16,3666.77001953125,-1.7068371987722863,0.019812467792190057,0.0007644499133471556
2022-06-17,3674.840087890625,0.06668395876871942,0.021504383575063055,0.0007644499133471556
2022-06-21,3764.7900390625,1.145940104799896,0.020435644890370683,0.0007644499133471556
2022-06-22,3759.889892578125,-0.09980812109087538,0.02070843520661725,0.0007644499133471556
2022-06-23,3795.72998046875,0.4430618704018917,0.01968714338766562,0.0007644499133471556
2022-06-24,3911.739990234375,1.5523967349015306,0.018900509874117326,0.0007644499133471556
2022-06-27,3900.110107421875,-0.18617284532492978,0.020099331871718217,0.0007644499133471556
2022-06-28,3821.550048828125,-1.1034044592412502,0.019134527585071004,0.0007644499133471556
2022-06-29,3818.830078125,-0.07646688571746903,0.019308341377665825,0.0007644499133471556
2022-06-30,3785.3798828125,-0.5209245008592247,0.018356433886182175,0.0007644499133471556
2022-07-01,3825.330078125,0.5501021378049049,0.017695007371057017,0.0007644499133471556
2022-07-05,3831.389892578125,0.0478976665221627,0.017086953337646274,0.0007644499133471556
2022-07-06,3845.080078125,0.1724565946612717,0.01624957165148258,0.0007644499133471556
2022-07-07,3902.6201171875,0.9102151643543177,0.015479057940742825,0.0007644499133471556
2022-07-08,3899.3798828125,-0.10391980787238889,0.015349011339909423,0.0007644499133471556
2022-07-11,3854.429931640625,-0.8458475351150411,0.014611223726261507,0.0007644499133471556
2022-07-12,3818.800048828125,-0.6973206518486565,0.014414198667706117,0.0007644499133471556
2022-07-13,3801.780029296875,-0.37201660752533544,0.014062044326361338,0.0007644499133471556
2022-07-14,3790.3798828125,-0.2794544634645574,0.013481941492014487,0.0007644499133471556
2022-07-15,3863.159912109375,1.4162565857652973,0.012889459388054471,0.0007644499133471556
2022-07-18,3830.85009765625,-0.6788707537856572,0.013497697975771432,0.0007644499133471556
2022-07-19,3936.68994140625,2.0133102636654443,0.013156972478825751,0.0007644499133471556
2022-07-20,3959.89990234375,0.3422824723786225,0.014941004697585015,0.0007644499133471556
2022-07-21,3998.949951171875,0.6326113037566532,0.01430359641445523,0.0007644499133471556
2022-07-22,3961.6298828125,-0.729805040897843,0.013895131766540494,0.0007644499133471556
2022-07-25,3966.840087890625,0.04046038137249049,0.013589912929801606,0.0007644499133471556
2022-07-26,3921.050048828125,-0.9562804108337675,0.012940547952687963,0.0007644499133471556
2022-07-27,4023.610107421875,1.9424883485097433,0.012898712563452082,0.0007644499133471556
2022-07-28,4072.429931640625,0.7791122446040971,0.014498385767644562,0.0007644499133471556
2022-07-29,4130.2900390625,0.9378135684245811,0.014228122003845236,0.0007644499133471556
2022-08-01,4118.6298828125,-0.2538240449328524,0.014149669938535572,0.0007644499133471556
2022-08-02,4091.18994140625,-0.5512254021707846,0.013513779050970134,0.0007644499133471556
2022-08-03,4155.169921875,1.128820070403072,0.013069404720519933,0.0007644499133471556
2022-08-04,4151.93994140625,-0.11641080641701622,0.013246986344263613,0.0007644499133471556
2022-08-05,4145.18994140625,-0.18943924370989398,0.012624200167989645,0.0007644499133471556
2022-08-08,4140.06005859375,-0.16621535255574438,0.012049230138331493,0.0007644499133471556
2022-08-09,4122.47021484375,-0.43670572705117217,0.011500179269884328,0.0007644499133471556
2022-08-10,4210.240234375,1.8334782875770155,0.011073329138732723,0.0007644499133471556
2022-08-11,4207.27001953125,-0.11985116131078782,0.01226665490321488,0.0007644499133471556
2022-08-12,4280.14990234375,1.4027960627486304,0.011697778083289343,0.0007644499133471556
2022-08-15,4297.14013671875,0.2612454899822926,0.012238428089620682,0.0007644499133471556
2022-08-16,4305.2001953125,0.09479687869993411,0.011703686110938145,0.0007644499133471556
2022-08-17,4274.0400390625,-0.7192357589679526,0.011162632948778218,0.0007644499133471556
2022-08-18,4283.740234375,0.13748557768324832,0.01092870771143231,0.0007644499133471556
2022-08-19,4228.47998046875,-1.3173714562548855,0.01043622021800204,0.0007644499133471556
2022-08-22,4137.990234375,-2.0699527705025376,0.010819964928187362,0.0007644499133471556
2022-08-23,4128.72998046875,-0.24219992169785412,0.012406363828363047,0.0007644499133471556
2022-08-24,4140.77001953125,0.18111366361225173,0.011857011462009544,0.0007644499133471556
2022-08-25,4199.1201171875,1.1684732226907903,0.011321433530411838,0.0007644499133471556
2022-08-26,4057.659912109375,-3.0367917716995216,0.011536196375683889,0.0007644499133471556
2022-08-29,4030.610107421875,-0.48431229066830117,0.015389089342307243,0.0007644499133471556
2022-08-30,3986.159912109375,-0.7999159702553055,0.014818889541211211,0.0007644499133471556
2022-08-31,3955.0,-0.5913259883393722,0.014564196891947694,0.0007644499133471556
2022-09-01,3966.85009765625,0.1578423818409841,0.01411092716588361,0.0007644499133471556
2022-09-02,3924.260009765625,-0.8594409736085464,0.013449443113630716,0.0007644499133471556
2022-09-06,3908.18994140625,-0.3662868060698937,0.013289898854051048,0.0007644499133471556
2022-09-07,3979.8701171875,1.3661728604524863,0.012743920814717598,0.0007644499133471556
2022-09-08,4006.179931640625,0.43905485723689797,0.01326603469040452,0.0007644499133471556
2022-09-09,4067.360107421875,1.127917817851664,0.012759409276178827,0.0007644499133471556
2022-09-12,4110.41015625,0.7549398327086657,0.01293374802547546,0.0007644499133471556
2022-09-13,3932.68994140625,-3.546235840674313,0.012679250609787822,0.0007644499133471556
2022-09-14,3946.010009765625,0.14260810697474377,0.018349862578016046,0.0007644499133471556
2022-09-15,3901.35009765625,-0.6956194150151997,0.0174617352812547,0.0007644499133471556
2022-09-16,3873.330078125,-0.4685126543827357,0.01701661548398107,0.0007644499133471556
2022-09-19,3899.889892578125,0.37085908379641375,0.016365374549354113,0.0007644499133471556
2022-09-20,3855.929931640625,-0.7719178835035332,0.015675973971513994,0.0007644499133471556
2022-09-21,3789.929931640625,-1.17310402912889,0.015368734199337262,0.0007644499133471556
2022-09-22,3757.989990234375,-0.5901744616410309,0.015635620216677294,0.0007644499133471556
2022-09-23,3693.22998046875,-1.1984798046897671,0.015141914456685779,0.0007644499133471556
2022-09-26,3655.0400390625,-0.7223366297508941,0.015448213954587765,0.0007644499133471556
2022-09-27,3647.2900390625,-0.1913051043374663,0.015091394859381517,0.0007644499133471556
2022-09-28,3719.0400390625,1.300974793967561,0.014386669407118342,0.0007644499133471556
2022-09-29,3640.469970703125,-1.4892630884865534,0.014851133360809374,0.0007644499133471556
2022-09-30,3585.6201171875,-1.0169052495808277,0.015680715057896862,0.0007644499133471556
2022-10-03,3678.429931640625,1.5789227786577047,0.015700658672273975,0.0007644499133471556
2022-10-04,3790.929931640625,1.7512777855242028,0.016765410802412596,0.0007644499133471556
2022-10-05,3783.280029296875,-0.1520045338334648,0.018318121190621095,0.0007644499133471556
2022-10-06,3744.52001953125,-0.6345227001240543,0.017434164014273366,0.0007644499133471556
2022-10-07,3639.659912109375,-1.7237433183318582,0.016921107762756706,0.0007644499133471556
2022-10-10,3612.389892578125,-0.44984897846907634,0.018417565546543672,0.0007644499133471556
2022-10-11,3588.840087890625,-0.41291098670509074,0.0176913876377145,0.0007644499133471556
2022-10-12,3577.030029296875,-0.23930009629788668,0.01696885887776097,0.0007644499133471556
2022-10-13,3669.909912109375,1.5366912564367718,0.016183998763649673,0.0007644499133471556
2022-10-14,3583.070068359375,-1.4379754833553013,0.017184973557556635,0.0007644499133471556
2022-10-17,3677.949951171875,1.4081012467293101,0.018017933513762425,0.0007644499133471556
2022-10-18,3719.97998046875,0.5631707224327155,0.018819015036788483,0.0007644499133471556
2022-10-19,3695.159912109375,-0.41024968687562136,0.01818137927133362,0.0007644499133471556
2022-10-20,3665.780029296875,-0.5017014805329342,0.017434942872447127,0.0007644499133471556
2022-10-21,3752.75,1.3507247236761177,0.01679343655261263,0.0007644499133471556
2022-10-24,3797.340087890625,0.6340356499173684,0.017424083792771144,0.0007644499133471556
2022-10-25,3859.110107421875,0.9089624435983044,0.016910841818367595,0.0007644499133471556
2022-10-26,3830.60009765625,-0.4880426398828117,0.01675999112352379,0.0007644499133471556
2022-10-27,3807.300048828125,-0.4255107845319764,0.016135043378708226,0.0007644499133471556
2022-10-28,3901.06005859375,1.5211156553644922,0.015490989639353121,0.0007644499133471556
2022-10-31,3871.97998046875,-0.5022597111110639,0.016419347921497865,0.0007644499133471556
2022-11-01,3856.10009765625,-0.30809900355314923,0.01581995909592529,0.0007644499133471556
2022-11-02,3759.68994140625,-1.7248218252231775,0.015122891691989665,0.0007644499133471556
2022-11-03,3719.889892578125,-0.6925804107724153,0.016470105518263202,0.0007644499133471556
2022-11-04,3770.550048828125,0.7951123376971285,0.01605103174374109,0.0007644499133471556
2022-11-07,3806.800048828125,0.5585108370843056,0.015762651646960082,0.0007644499133471556
2022-11-08,3828.110107421875,0.31620696861299197,0.015236327448904984,0.0007644499133471556
2022-11-09,3748.570068359375,-1.493382938956767,0.014571771283829152,0.0007644499133471556
2022-11-10,3956.3701171875,3.454846399833625,0.015395204184478914,0.0007644499133471556
2022-11-11,3992.929931640625,0.384336617416415,0.021943947074613716,0.0007644499133471556
2022-11-14,3957.25,-0.4636575362754059,0.02100772595331981,0.0007644499133471556
2022-11-15,3991.72998046875,0.3919507206394469,0.020183472270227674,0.0007644499133471556
2022-11-16,3958.7900390625,-0.46814870950107407,0.019333029957225908,0.0007644499133471556
2022-11-17,3946.56005859375,-0.20763436122245738,0.01858341044737977,0.0007644499133471556
2022-11-18,3965.340087890625,0.22496759200255345,0.017704086616910794,0.0007644499133471556
2022-11-21,3949.93994140625,-0.2758731000024231,0.016876236623222348,0.0007644499133471556
2022-11-22,4003.580078125,0.789741814722928,0.016111792638136252,0.0007644499133471556
2022-11-23,4027.260009765625,0.3245446083980278,0.015815441069032245,0.0007644499133471556
2022-11-25,4026.1201171875,-0.06925059864785386,0.015126716533909677,0.0007644499133471556
2022-11-28,3963.93994140625,-1.1342590238666217,0.014396311921545819,0.0007644499133471556
2022-11-29,3957.6298828125,-0.1615736855336912,0.014591383536150908,0.0007644499133471556
2022-11-30,4080.110107421875,2.1369055495456495,0.013905244251092727,0.0007644499133471556
2022-12-01,4076.570068359375,-0.1015208192769783,0.016080048945427833,0.0007644499133471556
2022-12-02,4071.699951171875,-0.12806884500194352,0.015302898820387387,0.0007644499133471556
2022-12-05,3998.840087890625,-1.2915815185651445,0.014571824754219026,0.0007644499133471556
2022-12-06,3941.260009765625,-1.016194422333134,0.015024998170407073,0.0007644499133471556
2022-12-07,3933.919921875,-0.17469725759989618,0.015046356209832008,0.0007644499133471556
2022-12-08,3963.510009765625,0.4692775478239053,0.014339455471053529,0.0007644499133471556
2022-12-09,3934.3798828125,-0.5897771016637966,0.01380380715798162,0.0007644499133471556
2022-12-12,3990.56005859375,1.0027145874613093,0.013377542876148157,0.0007644499133471556
2022-12-13,4019.64990234375,0.48539237143933767,0.013388701027251817,0.0007644499133471556
2022-12-14,3995.320068359375,-0.5296985329636102,0.012904635583826913,0.0007644499133471556
2022-12-15,3895.75,-2.085178785177682,0.012469879321622562,0.0007644499133471556
2022-12-16,3852.360107421875,-0.8357072600895568,0.014316843266476665,0.0007644499133471556
2022-12-19,3817.659912109375,-0.6952611041925786,0.014113803857684149,0.0007644499133471556
2022-12-20,3821.6201171875,0.019780240093277026,0.013768831078859409,0.0007644499133471556
2022-12-21,3878.43994140625,1.067530507018401,0.013108851375866043,0.0007644499133471556
2022-12-22,3822.389892578125,-1.1603506531729764,0.013204277835838631,0.0007644499133471556
2022-12-23,3844.820068359375,0.37882460091001185,0.013427064521018774,0.0007644499133471556
2022-12-27,3829.25,-0.37438266896462336,0.012880654869369252,0.0007644499133471556
2022-12-28,3783.219970703125,-1.040432968191273,0.012358240030252448,0.0007644499133471556
2022-12-29,3849.280029296875,1.3321704756512687,0.012420470731088753,0.0007644499133471556
2022-12-30,3839.5,-0.2568672139580209,0.01287990595794244,0.0007644499133471556
2023-01-03,3824.139892578125,-0.38772146442013755,0.012310441470551872,0.0007644499133471556
2023-01-04,3852.969970703125,0.5706656928587911,0.011821710562266257,0.0007644499133471556
2023-01-05,3808.10009765625,-1.089060642173197,0.011457873479757838,0.0007644499133471556
2023-01-06,3895.080078125,1.8844839640014035,0.011578440619549619,0.0007644499133471556
2023-01-09,3892.090087890625,-0.11865042739337484,0.012915058740220755,0.0007644499133471556
2023-01-10,3919.25,0.5027807320393078,0.012310630982498894,0.0007644499133471556
2023-01-11,3969.610107421875,1.010047776795949,0.011883716349559774,0.0007644499133471556
2023-01-12,3983.169921875,0.22208820020001122,0.011912541937450673,0.0007644499133471556
2023-01-13,3999.090087890625,0.28325123362235555,0.011383682923718101,0.0007644499133471556
2023-01-17,3990.969970703125,-0.25659531445008216,0.010900453698220576,0.0007644499133471556
2023-01-18,3928.860107421875,-1.5764010491744427,0.010434791894934571,0.0007644499133471556
2023-01-19,3898.85009765625,-0.7549674498548035,0.011168854785436461,0.0007644499133471556
2023-01-20,3972.610107421875,1.6397997818544523,0.010963060147912896,0.0007644499133471556
2023-01-23,4019.81005859375,0.9340252700185625,0.011827159706034353,0.0007644499133471556
2023-01-24,4016.949951171875,-0.12538110303727543,0.011773754113489519,0.0007644499133471556
2023-01-25,4016.219970703125,-0.08423513538165243,0.011232741332055984,0.0007644499133471556
2023-01-26,4060.429931640625,0.9502115175778837,0.010716832965490213,0.0007644499133471556
2023-01-27,4070.56005859375,0.161519169056915,0.010693988326228024,0.0007644499133471556
2023-01-30,4017.77001953125,-1.352271636440137,0.010218375403492035,0.0007644499133471556
2023-01-31,4076.60009765625,1.2943846791473492,0.010639692144799113,0.0007644499133471556
2023-02-01,4119.2099609375,0.8758100203336927,0.01099965307529488,0.0007644499133471556
2023-02-02,4179.759765625,1.2683439915375163,0.010902353624701353,0.0007644499133471556
2023-02-03,4136.47998046875,-0.9944617983600058,0.011235265717655903,0.0007644499133471556
2023-02-06,4111.080078125,-0.6153622421471321,0.01125165412022621,0.0007644499133471556
2023-02-07,4164.0,1.0993072587036987,0.010939538540144688,0.0007644499133471556
2023-02-08,4117.85986328125,-1.0755239994691812,0.01107090397948828,0.0007644499133471556
2023-02-09,4081.5,-0.8619919226377977,0.011175812082907934,0.0007644499133471556
2023-02-10,4090.4599609375,0.12912242167887147,0.011062414856363436,0.0007644499133471556
2023-02-13,4137.2900390625,1.0054764392576792,0.01056128181944059,0.0007644499133471556
2023-02-14,4136.1298828125,-0.09862932613421858,0.010594250308665525,0.0007644499133471556
2023-02-15,4147.60009765625,0.19819735377564726,0.010115612451612238,0.0007644499133471556
2023-02-16,4090.409912109375,-1.5135205144335124,0.009678850718261795,0.0007644499133471556
2023-02-17,4079.090087890625,-0.34378339097501415,0.010284650679610232,0.0007644499133471556
2023-02-21,3997.340087890625,-2.126767052687887,0.009878483804921937,0.0007644499133471556
2023-02-22,3991.050048828125,-0.2046202381725215,0.011432131151261054,0.0007644499133471556
2023-02-23,4012.320068359375,0.4165616849321852,0.010924740595456905,0.0007644499133471556
2023-02-24,3970.0400390625,-1.0800992745903386,0.01051562092514985,0.0007644499133471556
2023-02-27,3982.239990234375,0.2168190079298508,0.010625648775915915,0.0007644499133471556
2023-02-28,3970.14990234375,-0.374337797200493,0.010164802413091338,0.0007644499133471556
2023-03-01,3951.389892578125,-0.5627104375891109,0.009775745657763568,0.0007644499133471556
2023-03-02,3981.35009765625,0.7153520523263629,0.009490633032742635,0.0007644499133471556
2023-03-03,4045.639892578125,1.6389934147355076,0.009307114431327696,0.0007644499133471556
2023-03-06,4048.419921875,-0.007708494831352484,0.010056325676390617,0.0007644499133471556
2023-03-07,3986.3701171875,-1.6879513382144584,0.009603381344960417,0.0007644499133471556
2023-03-08,3992.010009765625,0.06219287532677429,0.010440813659833657,0.0007644499133471556
2023-03-09,3918.320068359375,-1.9458930661598355,0.00996781796294057,0.0007644499133471556
2023-03-10,3861.590087890625,-1.3665964579391499,0.011231127711657811,0.0007644499133471556
2023-03-13,3855.760009765625,-0.19441919177609876,0.011703328942475562,0.0007644499133471556
2023-03-14,3919.2900390625,1.3935041901132779,0.011178967693488012,0.0007644499133471556
2023-03-15,3891.929931640625,-0.6648257961015406,0.01168699212374432,0.0007644499133471556
2023-03-16,3960.280029296875,1.4608030206160003,0.011394504324522515,0.0007644499133471556
2023-03-17,3916.639892578125,-0.9863682063793381,0.012008772292834298,0.0007644499133471556
2023-03-20,3951.570068359375,0.6756337699229452,0.012010086061149863,0.0007644499133471556
2023-03-21,4002.8701171875,1.0357780884546093,0.011715055319731937,0.0007644499133471556
2023-03-22,3936.969970703125,-1.4748459035060824,0.01177390703117509,0.0007644499133471556
2023-03-23,3948.719970703125,0.1782909495523858,0.012427069132773144,0.0007644499133471556
2023-03-24,3970.989990234375,0.4097352740620806,0.011860128913918619,0.0007644499133471556
2023-03-27,3977.530029296875,0.07727153054475272,0.011403289726603762,0.0007644499133471556
2023-03-28,3971.27001953125,-0.2150855228705557,0.010877223025108186,0.0007644499133471556
2023-03-29,4027.81005859375,1.2855259706151925,0.010402295377432345,0.0007644499133471556
2023-03-30,4050.830078125,0.45920572699509155,0.010745835681157006,0.0007644499133471556
2023-03-31,4109.31005859375,1.3091108486888343,0.010364957163313997,0.0007644499133471556
2023-04-03,4124.509765625,0.2726721678097393,0.010736602404167708,0.0007644499133471556
2023-04-04,4100.60009765625,-0.6396509040677526,0.010284187228808956,0.0007644499133471556
2023-04-05,4090.3798828125,-0.3252130373304979,0.010023987959485375,0.0007644499133471556
2023-04-06,4105.02001953125,0.29177017414381656,0.009625120962747343,0.0007644499133471556
2023-04-10,4109.10986328125,0.025045595651932283,0.009237436668633574,0.0007644499133471556
2023-04-11,4108.93994140625,-0.09123394419329797,0.008832274582181996,0.0007644499133471556
2023-04-12,4091.949951171875,-0.5805191111165973,0.008454340508047095,0.0007644499133471556
2023-04-13,4146.22021484375,1.5071931368221465,0.008234552215817936,0.0007644499133471556
2023-04-14,4137.64013671875,-0.32366930320570864,0.008761929135191235,0.0007644499133471556
2023-04-17,4151.31982421875,0.30087141558978947,0.00842969301120166,0.0007644499133471556
2023-04-18,4154.8701171875,0.011147772723486476,0.008109681849572692,0.0007644499133471556
2023-04-19,4154.52001953125,-0.10920818574899706,0.007771537046109917,0.0007644499133471556
2023-04-20,4129.7900390625,-0.9029567342189863,0.007458591144440103,0.0007644499133471556
2023-04-21,4133.52001953125,0.01855939322071633,0.007453441085526576,0.0007644499133471556
2023-04-24,4137.0400390625,0.012125393825353,0.007155797673452567,0.0007644499133471556
2023-04-25,4071.6298828125,-2.4286868536813704,0.006876816460140795,0.0007644499133471556
2023-04-26,4055.989990234375,-0.5509916702159187,0.008372238031991134,0.0007644499133471556
2023-04-27,4135.35009765625,2.28589066873572,0.008142446943730485,0.0007644499133471556
2023-04-28,4169.47998046875,0.7706634238275434,0.009673329717493562,0.0007644499133471556
2023-05-01,4167.8701171875,-0.12083908942749524,0.00952200953606435,0.0007644499133471556
2023-05-02,4119.580078125,-1.3636352087921373,0.009106802547962011,0.0007644499133471556
2023-05-03,4090.75,-0.8190292727525367,0.009508033750819328,0.0007644499133471556
2023-05-04,4061.219970703125,-0.8523818727286107,0.009396449671988737,0.0007644499133471556
2023-05-05,4136.25,1.8836416163874248,0.009312661344876915,0.0007644499133471556
2023-05-08,4138.1201171875,-0.030020848134322944,0.010406882146274044,0.0007644499133471556
2023-05-09,4119.169921875,-0.5389805251193716,0.009934290039924687,0.0007644499133471556
2023-05-10,4137.64013671875,0.3852065150243535,0.009629879516271306,0.0007644499133471556
2023-05-11,4130.6201171875,-0.26559062843656883,0.009271843730141395,0.0007644499133471556
2023-05-12,4124.080078125,-0.2640346189343357,0.008896604211474224,0.0007644499133471556
2023-05-15,4136.27978515625,0.2563106850403843,0.008541773303851245,0.0007644499133471556
2023-05-16,4109.89990234375,-0.872935838764969,0.008205136365346411,0.0007644499133471556
2023-05-17,4158.77001953125,1.354379856032409,0.008163321877152796,0.0007644499133471556
2023-05-18,4198.0498046875,1.0127486129727505,0.008527558606108277,0.0007644499133471556
2023-05-19,4191.97998046875,-0.25760044919597413,0.00858447180866623,0.0007644499133471556
2023-05-22,4192.6298828125,-0.07390848088906346,0.008245700983348765,0.0007644499133471556
2023-05-23,4145.580078125,-1.5250206621665723,0.007901478963906186,0.0007644499133471556
2023-05-24,4115.240234375,-0.9617963517924821,0.008432099556769974,0.0007644499133471556
2023-05-25,4151.27978515625,0.9414100740081703,0.00845009670631131,0.0007644499133471556
2023-05-26,4205.4501953125,1.4434086529131964,0.008452374865337134,0.0007644499133471556
2023-05-30,4205.52001953125,-0.08384629875667429,0.008919258139845527,0.0007644499133471556
2023-05-31,4179.830078125,-0.8074155694153871,0.008535639341895895,0.0007644499133471556
2023-06-01,4221.02001953125,1.0710965687120804,0.008441596618481146,0.0007644499133471556
2023-06-02,4282.3701171875,1.5987875736644919,0.008547328426776945,0.0007644499133471556
2023-06-05,4273.7900390625,-0.30119314777815215,0.009196893835198333,0.0007644499133471556
2023-06-06,4283.85009765625,0.1795922120986648,0.008834906046102525,0.0007644499133471556
2023-06-07,4267.52001953125,-0.541350799707258,0.008467233893893733,0.0007644499133471556
2023-06-08,4293.93017578125,0.6568509541052506,0.008228840439972936,0.0007644499133471556
2023-06-09,4298.85986328125,0.04753370189016443,0.008056412492093483,0.0007644499133471556
2023-06-12,4338.93017578125,1.1024518784783175,0.007722355265209377,0.0007644499133471556
2023-06-13,4369.009765625,0.7820864364408922,0.007856063634759247,0.0007644499133471556
2023-06-14,4372.58984375,0.00703558420958966,0.007766244444200238,0.0007644499133471556
2023-06-15,4425.83984375,1.522352243167935,0.007449084553943065,0.0007644499133471556
2023-06-16,4409.58984375,-0.5584909389952949,0.007955055437588171,0.0007644499133471556
2023-06-20,4388.7099609375,-0.7113037092915796,0.007747469437593218,0.0007644499133471556
2023-06-21,4365.68994140625,-0.7902972241341294,0.007621861872122736,0.0007644499133471556
2023-06-22,4381.89013671875,0.38963975160960046,0.007544098008081532,0.0007644499133471556
2023-06-23,4348.330078125,-1.1584212748175684,0.007296773767540202,0.0007644499133471556
2023-06-26,4328.81982421875,-0.7039160677136639,0.007474448329569216,0.0007644499133471556
2023-06-27,4378.41015625,1.4447349593296221,0.007355178569060413,0.0007644499133471556
2023-06-28,4376.85986328125,-0.1437499577861495,0.0077814930798174795,0.0007644499133471556
2023-06-29,4396.43994140625,0.49511153905651406,0.007471282548154492,0.0007644499133471556
2023-06-30,4450.3798828125,1.5739602625819589,0.0072618735175618634,0.0007644499133471556
2023-07-03,4455.58984375,0.051925743209361004,0.0078100601794251516,0.0007644499133471556
2023-07-05,4446.81982421875,-0.3650550941322255,0.007491219969031146,0.0007644499133471556
2023-07-06,4411.58984375,-1.2042135047420126,0.007240004413594205,0.0007644499133471556
2023-07-07,4398.9501953125,-0.48750789753251,0.007453546347602139,0.0007644499133471556
2023-07-10,4409.52978515625,0.22612752046224652,0.007242323685022582,0.0007644499133471556
2023-07-11,4439.259765625,0.8536624120064921,0.006975982544329748,0.0007644499133471556
2023-07-12,4472.16015625,0.9519718760606835,0.006953414789346745,0.0007644499133471556
2023-07-13,4510.0400390625,1.097338356318405,0.006989670079530521,0.0007644499133471556
2023-07-14,4505.419921875,-0.251235966811742,0.007122316652995279,0.0007644499133471556
2023-07-17,4522.7900390625,0.44900519957203316,0.006867447557427615,0.0007644499133471556
2023-07-18,4554.97998046875,0.9480403089037056,0.006674417710570039,0.0007644499133471556
2023-07-19,4565.72021484375,0.23692336048406443,0.006713921795793006,0.0007644499133471556
2023-07-20,4534.8701171875,-1.1639332029275984,0.006481709852961497,0.0007644499133471556
2023-07-21,4536.33984375,-0.06610331225027599,0.0066624180202441464,0.0007644499133471556
2023-07-24,4554.64013671875,0.5083096191431693,0.006416539173556433,0.0007644499133471556
2023-07-25,4567.4599609375,0.3265648688880832,0.006266043464683962,0.0007644499133471556
2023-07-26,4566.75,-0.15136062704239658,0.00607754414075866,0.0007644499133471556
2023-07-27,4537.41015625,-1.2270051721298498,0.005875967870640106,0.0007644499133471556
2023-07-28,4582.22998046875,1.4865591096250765,0.006097924958646917,0.0007644499133471556
2023-07-31,4588.9599609375,0.10795735957944404,0.006513548737769686,0.0007644499133471556
2023-08-01,4576.72998046875,-0.5466955604889959,0.006279720321780388,0.0007644499133471556
2023-08-02,4513.39013671875,-2.3908016788458757,0.006148837304974565,0.0007644499133471556
2023-08-03,4501.89013671875,-0.4445507306028495,0.007458485917101831,0.0007644499133471556
2023-08-04,4478.02978515625,-0.8404595656462323,0.007232494620501171,0.0007644499133471556
2023-08-07,4518.43994140625,1.1423160699508876,0.007195179397119738,0.0007644499133471556
2023-08-08,4499.3798828125,-0.6781821219292574,0.007360345918889781,0.0007644499133471556
2023-08-09,4467.7099609375,-1.0822938306637844,0.0072328500760197615,0.0007644499133471556
2023-08-10,4468.830078125,-0.06986863382833183,0.007353333879815449,0.0007644499133471556
2023-08-11,4464.0498046875,-0.2597422103037453,0.007063598983126799,0.0007644499133471556
2023-08-14,4489.72021484375,0.729338665642527,0.00681378240339672,0.0007644499133471556
2023-08-15,4437.85986328125,-1.839347392213457,0.006732055816026423,0.0007644499133471556
2023-08-16,4404.330078125,-1.1110159727681739,0.007514321945498887,0.0007644499133471556
2023-08-17,4370.35986328125,-1.1113036892370525,0.007655208358677148,0.0007644499133471556
2023-08-18,4369.7099609375,-0.11713218618982751,0.007796045024076086,0.0007644499133471556
2023-08-21,4399.77001953125,0.8140800642611835,0.0074822922386395384,0.0007644499133471556
2023-08-22,4387.5498046875,-0.4777076400849757,0.007422491629529115,0.0007644499133471556
2023-08-23,4436.009765625,1.417570967726746,0.007209431506510797,0.0007644499133471556
2023-08-24,4376.31005859375,-1.8820690788700893,0.007605355222109349,0.0007644499133471556
2023-08-25,4405.7099609375,0.6960838797196558,0.008520598335557922,0.0007644499133471556
2023-08-28,4433.31005859375,0.6556842374182759,0.008358640284581203,0.0007644499133471556
2023-08-29,4497.6298828125,1.6673251377346838,0.0081805392901596,0.0007644499133471556
2023-08-30,4514.8701171875,0.34444765555227796,0.008887865016637192,0.0007644499133471556
2023-08-31,4507.66015625,-0.2761775468688655,0.008554869555738549,0.0007644499133471556
2023-09-01,4515.77001953125,0.12564713667642108,0.008221937081079938,0.0007644499133471556
2023-09-05,4496.830078125,-0.6301208429297304,0.007883325540593678,0.0007644499133471556
2023-09-06,4465.47998046875,-1.0063539865083482,0.007711465854778566,0.0007644499133471556
2023-09-07,4451.14013671875,-0.5121838360938819,0.00777237145834184,0.0007644499133471556
2023-09-08,4457.490234375,0.0875185329131968,0.007554470200793425,0.0007644499133471556
2023-09-11,4487.4599609375,0.8184613003249573,0.007253246527882708,0.0007644499133471556
2023-09-12,4461.89990234375,-0.8991835560060905,0.007202777334050007,0.0007644499133471556
2023-09-13,4467.43994140625,0.06615806247833066,0.007201120866311527,0.0007644499133471556
2023-09-14,4505.10009765625,1.102498943389654,0.006920764564961938,0.0007644499133471556
2023-09-15,4450.31982421875,-1.8418358801176704,0.0070574126045425045,0.0007644499133471556
2023-09-18,4453.52978515625,-0.005515569583492442,0.007872662743952166,0.0007644499133471556
2023-09-19,4443.9501953125,-0.38651418945762595,0.00754895254679948,0.0007644499133471556
2023-09-20,4402.2001953125,-1.3976709347708876,0.007300469563896902,0.0007644499133471556
2023-09-21,4330.0,-2.252463917279472,0.007681085632098315,0.0007644499133471556
2023-09-22,4320.06005859375,-0.33707358218917266,0.00908610902170631,0.0007644499133471556
2023-09-25,4337.43994140625,0.37190113616489395,0.008740345146507516,0.0007644499133471556
2023-09-26,4273.52978515625,-1.8529516143476288,0.00842364974603368,0.0007644499133471556
2023-09-27,4274.509765625,-0.05702809314065158,0.009384184383168183,0.0007644499133471556
2023-09-28,4299.7001953125,0.5697306310589688,0.008971655991451326,0.0007644499133471556
2023-09-29,4288.0498046875,-0.3986216434541111,0.008724337021697169,0.0007644499133471556
2023-10-02,4288.39013671875,-0.08139042538572762,0.008417273947732638,0.0007644499133471556
2023-10-03,4229.4501953125,-1.8111641601841553,0.008063236948831555,0.0007644499133471556
2023-10-04,4263.75,0.818343206824786,0.008935856781722486,0.0007644499133471556
2023-10-05,4258.18994140625,-0.23412823655017098,0.008838451486388078,0.0007644499133471556
2023-10-06,4308.5,1.294892525697348,0.00848038888378028,0.0007644499133471556
2023-10-09,4335.66015625,0.6277447259438179,0.008792775116894011,0.0007644499133471556
2023-10-10,4358.240234375,0.5161548934020876,0.008582745689843112,0.0007644499133471556
2023-10-11,4376.9501953125,0.42259455173752725,0.008328005110992989,0.0007644499133471556
2023-10-12,4349.60986328125,-0.8734007414584566,0.008049540743762329,0.0007644499133471556
2023-10-13,4327.77978515625,-0.7234398294332418,0.008011648429846217,0.0007644499133471556
2023-10-16,4373.6298828125,1.2398826223051855,0.007883159432520059,0.0007644499133471556
2023-10-17,4373.2001953125,-0.10606864061298052,0.008133410476511232,0.0007644499133471556
2023-10-18,4314.60009765625,-1.82794907177437,0.0077982797139211435,0.0007644499133471556
2023-10-19,4278.0,-1.0711334962112553,0.008666970339590789,0.0007644499133471556
2023-10-20,4224.16015625,-1.5309882982557264,0.00877184961165515,0.0007644499133471556
2023-10-23,4217.0400390625,-0.26210041940383505,0.009353063930069407,0.0007644499133471556
2023-10-24,4247.68017578125,0.7216567834779987,0.008972511247071333,0.0007644499133471556
2023-10-25,4186.77001953125,-1.7261733680134077,0.00881017217180649,0.0007644499133471556
2023-10-26,4137.22998046875,-1.3143192380078392,0.009638093054266373,0.0007644499133471556
2023-10-27,4117.3701171875,-0.5577507415481849,0.009997814573028518,0.0007644499133471556
2023-10-30,4166.81982421875,1.151880863680465,0.009700677161382606,0.0007644499133471556
2023-10-31,4193.7998046875,0.57566633223066,0.009883563776075313,0.0007644499133471556
2023-11-01,4237.85986328125,1.0089307213811731,0.009601001210057384,0.0007644499133471556
2023-11-02,4317.77978515625,1.8578125039345363,0.009644939402006905,0.0007644499133471556
2023-11-03,4358.33984375,0.7997831499087178,0.010734701815341061,0.0007644499133471556
2023-11-06,4365.97998046875,0.09331518999847171,0.010577139807244626,0.0007644499133471556
2023-11-07,4378.3798828125,0.20513487058445704,0.01009893385001977,0.0007644499133471556
2023-11-08,4382.77978515625,0.024829152741866208,0.009664490833314492,0.0007644499133471556
2023-11-09,4347.35009765625,-0.961741476472346,0.009234436519252303,0.0007644499133471556
2023-11-10,4415.240234375,1.5941007141324848,0.00924114093094923,0.0007644499133471556
2023-11-13,4411.5498046875,-0.16123859127993076,0.009927141771775519,0.0007644499133471556
2023-11-14,4495.7001953125,1.9096539488644813,0.009494348738948806,0.0007644499133471556
2023-11-15,4502.8798828125,0.07807589564910365,0.010647182303691763,0.0007644499133471556
2023-11-16,4508.240234375,0.041842204334959804,0.010163649122358877,0.0007644499133471556
2023-11-17,4514.02001953125,0.05324649017754881,0.00970539132452958,0.0007644499133471556
2023-11-20,4547.3798828125,0.7115195213827851,0.009274030693668792,0.0007644499133471556
2023-11-21,4538.18994140625,-0.3064707543119523,0.009095242550510519,0.0007644499133471556
2023-11-22,4556.6201171875,0.3762448148201844,0.008740200665722911,0.0007644499133471556
2023-11-24,4559.33984375,-0.019911718020713714,0.008424903543110256,0.0007644499133471556
2023-11-27,4550.43017578125,-0.337206020380861,0.00806782520422617,0.0007644499133471556
2023-11-28,4554.89013671875,0.02766909921462242,0.007777217936658179,0.0007644499133471556
2023-11-29,4550.580078125,-0.22938678712158325,0.007459656024312003,0.0007644499133471556
2023-11-30,4567.7998046875,0.4195208331885839,0.007180766992549503,0.0007644499133471556
2023-12-01,4594.6298828125,0.7314208038306831,0.006961941762977604,0.0007644499133471556
2023-12-04,4569.77978515625,-0.8999406149148814,0.00687560698408899,0.0007644499133471556
2023-12-05,4567.18017578125,-0.19375726855257205,0.006882227011370906,0.0007644499133471556
2023-12-06,4549.33984375,-0.7052711688663506,0.006633337735626968,0.0007644499133471556
2023-12-07,4585.58984375,1.095383288217409,0.006547626614923537,0.0007644499133471556
2023-12-08,4604.3701171875,0.4972877260773734,0.006681613196782699,0.0007644499133471556
2023-12-11,4622.43994140625,0.48397069101030266,0.006513542437567216,0.0007644499133471556
2023-12-12,4643.7001953125,0.6022351442084743,0.006350281811221189,0.0007644499133471556
2023-12-13,4707.08984375,2.051865842504106,0.00623524939918047,0.0007644499133471556
2023-12-14,4719.5498046875,0.261482890897062,0.007186379442879222,0.0007644499133471556
2023-12-15,4719.18994140625,-0.12132225157037711,0.006929498116906216,0.0007644499133471556
2023-12-18,4740.56005859375,0.5627771378799563,0.006669909094377675,0.0007644499133471556
2023-12-19,4768.3701171875,0.7793023589760526,0.006524832728791985,0.0007644499133471556
2023-12-20,4698.35009765625,-2.40170530139436,0.00647772974878329,0.0007644499133471556
2023-12-21,4746.75,1.2063196288008027,0.0078621943699557,0.0007644499133471556
2023-12-22,4754.6298828125,0.11063676507296977,0.008082595679873095,0.0007644499133471556
2023-12-26,4774.75,0.44618080636921104,0.007750918650610172,0.0007644499133471556
2023-12-27,4781.580078125,0.08854413522968466,0.007510217377479167,0.0007644499133471556
2023-12-28,4783.35009765625,-0.054680367898845963,0.007211798643153604,0.0007644499133471556
2023-12-29,4769.830078125,-0.5187276661651518,0.00693027803328393,0.0007644499133471556
2024-01-02,4742.830078125,-0.9533185989155201,0.006756514265427761,0.0007644499133471556
2024-01-03,4704.81005859375,-1.2965168477297377,0.006797496118910373,0.0007644499133471556
2024-01-04,4688.68017578125,-0.5930720213515284,0.0070796149970053955,0.0007644499133471556
2024-01-05,4697.240234375,0.15297150764464407,0.006926595301317365,0.0007644499133471556
2024-01-08,4763.5400390625,1.9866898510459454,0.0066701380268436895,0.0007644499133471556
2024-01-09,4756.5,-0.295035690736874,0.0076039741499124005,0.0007644499133471556
2024-01-10,4783.4501953125,0.6665745350506048,0.007329308997346947,0.0007644499133471556
2024-01-11,4780.240234375,-0.19947472176690761,0.007197557352585335,0.0007644499133471556
2024-01-12,4783.830078125,-0.001985035859824362,0.006929930381415436,0.0007644499133471556
2024-01-16,4765.97998046875,-0.6755525852040228,0.0066653123151680545,0.0007644499133471556
2024-01-17,4739.2099609375,-0.9744056889473255,0.006565213295671548,0.0007644499133471556
2024-01-18,4780.93994140625,1.2083256981777217,0.006622610795222044,0.0007644499133471556
2024-01-19,4839.81005859375,1.6786110277708999,0.006835328810175868,0.0007644499133471556
2024-01-22,4850.43017578125,0.19130128409564015,0.007461901160950245,0.0007644499133471556
2024-01-23,4864.60009765625,0.29993885772135376,0.007177014154722089,0.0007644499133471556
2024-01-24,4868.5498046875,0.006805312449743876,0.006928273054014484,0.0007644499133471556
2024-01-25,4894.16015625,0.6726108955114369,0.006663775819781694,0.0007644499133471556
2024-01-26,4890.97021484375,-0.21584044129961152,0.006562475781854648,0.0007644499133471556
2024-01-29,4927.93017578125,1.0674239859091024,0.006336671914055186,0.0007644499133471556
2024-01-30,4924.97021484375,-0.21152365826323344,0.006454504056594606,0.0007644499133471556
2024-01-31,4845.64990234375,-2.7267609563680075,0.006234980596438582,0.0007644499133471556
2024-02-01,4906.18994140625,1.4625120643053795,0.007967001767084,0.0007644499133471556
2024-02-02,4958.60986328125,1.1693625159042322,0.008434784487391373,0.0007644499133471556
2024-02-05,4942.81005859375,-0.4585637911988368,0.008626661543182833,0.0007644499133471556
2024-02-06,4954.22998046875,0.18490795909817895,0.008346293074283091,0.0007644499133471556
2024-02-07,4995.06005859375,0.9294944509887006,0.008007829065299019,0.0007644499133471556
2024-02-08,4997.91015625,-0.024225763978495806,0.008009215867404313,0.0007644499133471556
2024-02-09,5026.60986328125,0.6462456108144403,0.007677370851611046,0.0007644499133471556
2024-02-12,5021.83984375,-0.2278533230604929,0.007521742641184061,0.0007644499133471556
2024-02-13,4953.169921875,-2.007637573104327,0.007238885906444125,0.0007644499133471556
2024-02-14,5000.6201171875,1.0611362010926273,0.00826446066192038,0.0007644499133471556
2024-02-15,5029.72998046875,0.6026615453366521,0.008362774760877666,0.0007644499133471556
2024-02-16,5005.56982421875,-0.6839657102780332,0.008157563172341087,0.0007644499133471556
2024-02-20,4975.509765625,-0.8482504848136961,0.008002207485510896,0.0007644499133471556
2024-02-21,4981.7998046875,0.06276926974476672,0.007948978597095148,0.0007644499133471556
2024-02-22,5087.02978515625,2.642103463192782,0.007622123445809531,0.0007644499133471556
2024-02-23,5088.7998046875,-0.04348390427554591,0.009579702967914853,0.0007644499133471556
2024-02-26,5069.52978515625,-0.497903189352325,0.009155171638778244,0.0007644499133471556
2024-02-27,5078.18017578125,0.10607500498993194,0.008865855113210417,0.0007644499133471556
2024-02-28,5069.759765625,-0.2856035285537656,0.008487224393668788,0.0007644499133471556
2024-02-29,5096.27001953125,0.5454487194483975,0.00816029148799551,0.0007644499133471556
2024-03-01,5137.080078125,0.9085111267747091,0.007937697522365195,0.0007644499133471556
2024-03-04,5130.9501953125,-0.24709059490276614,0.007925936999264728,0.0007644499133471556
2024-03-05,5078.64990234375,-1.4443451058907506,0.007622732368020313,0.0007644499133471556
2024-03-06,5104.759765625,0.541465895384282,0.008058647787147691,0.0007644499133471556
2024-03-07,5157.35986328125,1.2102198126302441,0.007839032440741406,0.0007644499133471556
2024-03-08,5123.68994140625,-0.9071962147752617,0.008062614003751627,0.0007644499133471556
2024-03-11,5117.93994140625,-0.23452552247194844,0.008047389305362267,0.0007644499133471556
2024-03-12,5175.27001953125,1.3413574139237736,0.007734748819087265,0.0007644499133471556
2024-03-13,5165.31005859375,-0.3332218712824264,0.00807520198213063,0.0007644499133471556
2024-03-14,5150.47998046875,-0.4676357947162371,0.007783131672054547,0.0007644499133471556
2024-03-15,5117.08984375,-0.9629418154048278,0.007548195183557485,0.0007644499133471556
2024-03-18,5149.419921875,0.7299613599107463,0.007580859246864682,0.0007644499133471556
2024-03-19,5178.509765625,0.6516805844236601,0.007471149589797717,0.0007644499133471556
2024-03-20,5224.6201171875,1.1056051751908498,0.007326589803285563,0.0007644499133471556
2024-03-21,5241.52978515625,0.33050717013962194,0.0074638598011039035,0.0007644499133471556
2024-03-22,5234.18017578125,-0.3008326695879419,0.007205406748684955,0.0007644499133471556
2024-03-25,5218.18994140625,-0.5498185836995942,0.006955185598943783,0.0007644499133471556
2024-03-26,5203.580078125,-0.525400606989121,0.006791335694491811,0.0007644499133471556
2024-03-27,5248.490234375,1.1814105450277785,0.006626947509745479,0.0007644499133471556
2024-03-28,5254.35009765625,0.051525502209469096,0.006820171999213797,0.0007644499133471556
2024-04-01,5243.77001953125,-0.4235636182629669,0.006563510935396,0.0007644499133471556
2024-04-02,5205.81005859375,-1.258574456665429,0.006380105741454897,0.0007644499133471556
2024-04-03,5211.490234375,0.04919979468687085,0.006627621356268737,0.0007644499133471556
2024-04-04,5147.2099609375,-2.06403129004487,0.006383374901415852,0.0007644499133471556
2024-04-05,5204.33984375,1.394684555420231,0.007366253668204473,0.0007644499133471556
2024-04-08,5202.39013671875,-0.14706050483853206,0.007746138942195835,0.0007644499133471556
2024-04-09,5209.91015625,0.09141699451156474,0.0074384370643616115,0.0007644499133471556
2024-04-10,5160.64013671875,-1.4369376917913614,0.007144660345544335,0.0007644499133471556
2024-04-11,5199.06005859375,0.8804506308055244,0.007556098930735796,0.0007644499133471556
2024-04-12,5123.41015625,-2.046870832924389,0.007534445978480254,0.0007644499133471556
2024-04-15,5061.81982421875,-1.487321959896111,0.008645502485355977,0.0007644499133471556
2024-04-16,5051.41015625,-0.3078715828262749,0.00916964928992537,0.0007644499133471556
2024-04-17,5022.2099609375,-0.7447335863788569,0.008810969599554552,0.0007644499133471556
2024-04-18,5011.1201171875,-0.3432086619654573,0.008668346529470426,0.0007644499133471556
2024-04-19,4967.22998046875,-1.1455482458103177,0.008346727955260085,0.0007644499133471556
2024-04-22,5010.60009765625,0.9309708201989904,0.00851680962653283,0.0007644499133471556
2024-04-23,5070.5498046875,1.3077495588569503,0.008510128394998224,0.0007644499133471556
2024-04-24,5071.6298828125,-0.062410286478891464,0.00883608402600061,0.0007644499133471556
2024-04-25,5048.419921875,-0.632850831060886,0.008455996138135297,0.0007644499133471556
2024-04-26,5099.9599609375,1.1368682309207065,0.008262110914447146,0.0007644499133471556
2024-04-29,5116.169921875,0.2859523508237957,0.008424334181384796,0.0007644499133471556
2024-04-30,5035.68994140625,-2.0515981875293288,0.008101002005802214,0.0007644499133471556
2024-05-01,5018.39013671875,-0.45262783565564324,0.009291968075464528,0.0007644499133471556
2024-05-02,5064.2001953125,0.9271200131890747,0.008976804182136033,0.0007644499133471556
2024-05-03,5127.7900390625,1.307482057833335,0.008959287568024164,0.0007644499133471556
2024-05-06,5180.740234375,1.022976045906413,0.009295157805455194,0.0007644499133471556
2024-05-07,5187.7001953125,0.06179893151182409,0.009354179778461915,0.0007644499133471556
2024-05-08,5187.669921875,-0.0861264222664449,0.008943661286168227,0.0007644499133471556
2024-05-09,5214.080078125,0.5039951067824107,0.008558778979617862,0.0007644499133471556
2024-05-10,5222.68017578125,0.10645679517125282,0.00829998841688007,0.0007644499133471556
2024-05-13,5221.419921875,-0.12643564838182944,0.007954901169763044,0.0007644499133471556
2024-05-14,5246.68017578125,0.5321653426134778,0.007632399724040236,0.0007644499133471556
2024-05-15,5308.14990234375,1.4649775911358722,0.0074290405121582945,0.0007644499133471556
2024-05-16,5297.10009765625,-0.36156834968000523,0.00787759047481891,0.0007644499133471556
2024-05-17,5303.27001953125,0.052556734501325815,0.007604083060687763,0.0007644499133471556
2024-05-20,5308.1298828125,0.020762005891029438,0.007297965135896518,0.0007644499133471556
2024-05-21,5321.41015625,0.24740006477130422,0.007010102665691031,0.0007644499133471556
2024-05-22,5307.009765625,-0.5138366422113017,0.0067613728513946925,0.0007644499133471556
2024-05-23,5267.83984375,-1.2392919952697443,0.006594581606282576,0.0007644499133471556
2024-05-24,5304.72021484375,0.9095515270949716,0.006829958477632739,0.0007644499133471556
2024-05-28,5306.0400390625,-0.07535536747030869,0.00684329496056703,0.0007644499133471556
2024-05-29,5266.9501953125,-1.2387748185911762,0.006586158361184986,0.0007644499133471556
2024-05-30,5235.47998046875,-0.9906660593171025,0.006821074958154353,0.0007644499133471556
2024-05-31,5277.509765625,1.0504668044819176,0.0068839627180301045,0.0007644499133471556
2024-06-03,5283.39990234375,0.050251887053021624,0.006985017494322684,0.0007644499133471556
2024-06-04,5291.33984375,0.10974404892505955,0.006717731828347499,0.0007644499133471556
2024-06-05,5354.02978515625,1.7020438972545178,0.006470788417605186,0.0007644499133471556
2024-06-06,5352.9599609375,-0.13591317483723817,0.0070948715320555324,0.0007644499133471556
2024-06-07,5346.990234375,-0.2754546160658855,0.006826140692361743,0.0007644499133471556
2024-06-10,5360.7900390625,0.27497743510014017,0.006593559446918022,0.0007644499133471556
2024-06-11,5375.31982421875,0.3046624433398332,0.006375137416251478,0.0007644499133471556
2024-06-12,5421.02978515625,1.2473622185036752,0.00617564827142268,0.0007644499133471556
2024-06-13,5433.740234375,0.2459688114497841,0.006413258308936505,0.0007644499133471556
2024-06-14,5431.60009765625,-0.18679739570531778,0.006201308053416681,0.0007644499133471556
2024-06-17,5473.22998046875,1.1460494850603062,0.005995128961304684,0.0007644499133471556
2024-06-18,5487.02978515625,0.2844615166244776,0.006164996548496418,0.0007644499133471556
2024-06-20,5473.169921875,-0.5512231349658975,0.005975034609101556,0.0007644499133471556
2024-06-21,5464.6201171875,-0.3971238491713792,0.005861651565448641,0.0007644499133471556
2024-06-24,5447.8701171875,-0.6711561835448736,0.0057130205505396105,0.0007644499133471556
2024-06-25,5469.2998046875,0.5591596526826854,0.005653883914310692,0.0007644499133471556
2024-06-26,5477.89990234375,0.1450901046429498,0.005560312423501297,0.0007644499133471556
2024-06-27,5482.8701171875,0.026412867874381196,0.0053935810427498,0.0007644499133471556
2024-06-28,5460.47998046875,-0.9279933061293215,0.00523329569689803,0.0007644499133471556
2024-07-01,5475.08984375,0.35998737099023326,0.005298911078005904,0.0007644499133471556
2024-07-02,5509.009765625,1.0450244606735186,0.005178592522465949,0.0007644499133471556
2024-07-03,5537.02001953125,0.8124604304745766,0.0053013195407813594,0.0007644499133471556
2024-07-05,5567.18994140625,0.8785701310863951,0.005314913724472158,0.0007644499133471556
2024-07-08,5572.85009765625,0.04700131579479758,0.005355862039188717,0.0007644499133471556
2024-07-09,5576.97998046875,-0.004549679827411594,0.005198703244825167,0.0007644499133471556
2024-07-10,5633.91015625,1.8588595900520468,0.00505248756550556,0.0007644499133471556
2024-07-11,5584.5400390625,-1.6779046406511529,0.005701217846862569,0.0007644499133471556
2024-07-12,5615.35009765625,0.7576745302573363,0.006252571417451436,0.0007644499133471556
2024-07-15,5631.22021484375,0.33160543249337454,0.006205466824029317,0.0007644499133471556
2024-07-16,5667.2001953125,0.9307319152402986,0.006021712553672461,0.0007644499133471556
2024-07-17,5588.27001953125,-2.437912692931546,0.006066620629965268,0.0007644499133471556
2024-07-18,5544.58984375,-1.1614629125288274,0.00741440984968471,0.0007644499133471556
2024-07-19,5505.0,-1.044180654649754,0.007594786500247205,0.0007644499133471556
2024-07-22,5564.41015625,1.2973607220875605,0.007684653283499255,0.0007644499133471556
2024-07-23,5555.740234375,-0.291073312686038,0.007983444397047297,0.0007644499133471556
2024-07-24,5427.1298828125,-3.146651593248744,0.00768616779440447,0.0007644499133471556
2024-07-25,5399.22021484375,-0.565550388800959,0.010468278424520775,0.0007644499133471556
2024-07-26,5459.10009765625,1.010737780239554,0.01015591847550299,0.0007644499133471556
2024-07-29,5463.5400390625,0.00475914959371697,0.010197128189743204,0.0007644499133471556
2024-07-30,5436.43994140625,-0.5892477030339557,0.009736082542496026,0.0007644499133471556
2024-07-31,5522.2998046875,1.5744562171728387,0.009467097672195435,0.0007644499133471556
2024-08-01,5446.68017578125,-1.4350210493992905,0.010141017590946926,0.0007644499133471556
2024-08-02,5346.56005859375,-1.8112037675360524,0.010665479427629288,0.0007644499133471556
2024-08-05,5186.330078125,-2.6474753629661882,0.01178159832648785,0.0007644499133471556
2024-08-06,5240.02978515625,0.6459418666629632,0.014763557020260807,0.0007644499133471556
2024-08-07,5199.5,-0.5943073176689764,0.014351439143590201,0.0007644499133471556
2024-08-08,5319.31005859375,1.5829647783429748,0.013908515198044069,0.0007644499133471556
2024-08-09,5344.16015625,0.2620575851895372,0.014868291326948042,0.0007644499133471556
2024-08-12,5344.39013671875,-0.05080823820044209,0.014198816711199824,0.0007644499133471556
2024-08-13,5434.43017578125,1.179466285299607,0.013516947202651968,0.0007644499133471556
2024-08-14,5455.2099609375,0.22162503955247517,0.013770946884043858,0.0007644499133471556
2024-08-15,5543.22021484375,1.15946123727428,0.013144070304397609,0.0007644499133471556
2024-08-16,5554.25,0.09153409743408376,0.013364991728136787,0.0007644499133471556
2024-08-19,5608.25,0.6998590555428349,0.01273238868920405,0.0007644499133471556
2024-08-20,5597.1201171875,-0.22124394866000205,0.012434135114739094,0.0007644499133471556
2024-08-21,5620.85009765625,0.2918379415077191,0.01187736176369637,0.0007644499133471556
2024-08-22,5570.64013671875,-0.8563067734302315,0.011371382864341828,0.0007644499133471556
2024-08-23,5634.60986328125,0.9470762244590943,0.011248817374126167,0.0007644499133471556
2024-08-26,5616.83984375,-0.3497755382438013,0.01121622198810953,0.0007644499133471556
2024-08-27,5625.7998046875,0.07705306940055605,0.010764985818592998,0.0007644499133471556
2024-08-28,5592.18017578125,-0.6577651765518494,0.010274716493066929,0.0007644499133471556
2024-08-29,5591.9599609375,-0.08017010885420986,0.010026551894116973,0.0007644499133471556
2024-08-30,5648.39990234375,0.9686309958084001,0.00957847436840876,0.0007644499133471556
2024-09-03,5528.93017578125,-2.30970710535786,0.009586675831918596,0.0007644499133471556
2024-09-04,5520.06982421875,-0.20755499473270536,0.011410368340102096,0.0007644499133471556
2024-09-05,5503.41015625,-0.3472799856466985,0.010904834958943031,0.0007644499133471556
2024-09-06,5408.419921875,-1.7362254082081325,0.010468338001993323,0.0007644499133471556
2024-09-09,5471.0498046875,0.939098030670619,0.01144617938852994,0.0007644499133471556
2024-09-10,5495.52001953125,0.32432280862315144,0.011402990989584043,0.0007644499133471556
2024-09-11,5554.1298828125,0.9004218891430341,0.010932770354866865,0.0007644499133471556
2024-09-12,5595.759765625,0.6172404877293551,0.010859466248096437,0.0007644499133471556
2024-09-13,5626.02001953125,0.43818418004877,0.010563348773782077,0.0007644499133471556
2024-09-16,5633.08984375,0.04826467190871577,0.01018117257468383,0.0007644499133471556
2024-09-17,5634.580078125,-0.05142197163782804,0.009722202465743901,0.0007644499133471556
2024-09-18,5618.259765625,-0.3945313210403505,0.00928977859602077,0.0007644499133471556
2024-09-19,5713.64013671875,1.7950473612680624,0.008952358208546556,0.0007644499133471556
2024-09-20,5702.5498046875,-0.273889433817206,0.009884877651650432,0.0007644499133471556
2024-09-23,5718.56982421875,0.21532077913929845,0.0094783444520496,0.0007644499133471556
2024-09-24,5732.93017578125,0.19201400543291233,0.009080489655257873,0.0007644499133471556
2024-09-25,5722.259765625,-0.30197716494875093,0.008700767556398478,0.0007644499133471556
2024-09-26,5745.3701171875,0.3903980848725376,0.008366056011566819,0.0007644499133471556
2024-09-27,5738.169921875,-0.249965099921527,0.008074938517628838,0.0007644499133471556
2024-09-30,5762.47998046875,0.4460721983886096,0.0077636619309713615,0.0007644499133471556
2024-10-01,5708.75,-1.3469743774265837,0.007522265291459754,0.0007644499133471556
2024-10-02,5709.5400390625,-0.0796257209863415,0.007862642606000015,0.0007644499133471556
2024-10-03,5699.93994140625,-0.3244871787769942,0.007541988490977489,0.0007644499133471556
2024-10-04,5751.06982421875,1.1220406603534754,0.007277638034317545,0.0007644499133471556
2024-10-07,5695.93994140625,-1.3997780113582483,0.007427401815411912,0.0007644499133471556
2024-10-08,5751.1298828125,1.1362131178845767,0.007813901064508863,0.0007644499133471556
2024-10-09,5792.0400390625,0.7929758574327617,0.00797474607123665,0.0007644499133471556
2024-10-10,5780.0498046875,-0.3596347084083106,0.007887777105509454,0.0007644499133471556
2024-10-11,5815.02978515625,0.6921106597254306,0.007613173876041599,0.0007644499133471556
2024-10-14,5859.85009765625,0.9239579458968724,0.007482661621072131,0.0007644499133471556
2024-10-15,5815.259765625,-1.1218198578342238,0.007490521666360383,0.0007644499133471556
2024-10-16,5842.47021484375,0.5109780188407737,0.0076398254435462755,0.0007644499133471556
2024-10-17,5841.47021484375,-0.12596057509415956,0.007427919737472715,0.0007644499133471556
2024-10-18,5864.669921875,0.4482270760355882,0.007137536307987827,0.0007644499133471556
2024-10-21,5853.97998046875,-0.37359130409797614,0.0069297187631734624,0.0007644499133471556
2024-10-22,5851.2001953125,-0.18464579396085354,0.006712400829480665,0.0007644499133471556
2024-10-23,5797.419921875,-1.5446006131848473,0.0064730481754834025,0.0007644499133471556
2024-10-24,5809.85986328125,0.19832309480987245,0.006953417192948249,0.0007644499133471556
2024-10-25,5808.1201171875,-0.1587807723951118,0.00670069751195001,0.0007644499133471556
2024-10-28,5823.52001953125,0.2915984307549495,0.0064591730089542665,0.0007644499133471556
2024-10-29,5832.919921875,0.13569562285244643,0.006252051567474485,0.0007644499133471556
2024-10-30,5813.669921875,-0.6741415505574435,0.006037517762359699,0.0007644499133471556
2024-10-31,5705.4501953125,-3.2785417370824517,0.005964415404848247,0.0007644499133471556
2024-11-01,5728.7998046875,0.398745693426794,0.00832537666463292,0.0007644499133471556
2024-11-04,5712.68994140625,-0.44538606304904454,0.008039081200758575,0.0007644499133471556
2024-11-05,5782.759765625,1.4680883161157312,0.0077833063520649625,0.0007644499133471556
2024-11-06,5929.0400390625,2.935624889658599,0.008249293405689789,0.0007644499133471556
2024-11-07,5973.10009765625,0.6117060327646887,0.010853749848830594,0.0007644499133471556
2024-11-08,5995.5400390625,0.28285662848597565,0.010554266090034046,0.0007644499133471556
2024-11-11,6001.35009765625,0.020183373681616726,0.010114477432269193,0.0007644499133471556
2024-11-12,5983.990234375,-0.3790808312782625,0.00965836594252927,0.0007644499133471556
2024-11-13,5985.3798828125,-0.057251583052137456,0.009296671302909947,0.0007644499133471556
2024-11-14,5949.169921875,-0.7686309821356712,0.008889257204551691,0.0007644499133471556
2024-11-15,5870.6201171875,-1.6046350966665819,0.008759549638008146,0.0007644499133471556
2024-11-18,5893.6201171875,0.3336125058674549,0.00942923235050781,0.0007644499133471556
2024-11-19,5916.97998046875,0.3520761008304291,0.009064235259712677,0.0007644499133471556
2024-11-20,5917.10986328125,-0.08510770168112959,0.008724231501322996,0.0007644499133471556
2024-11-21,5948.7099609375,0.5461792745896242,0.008352206213553011,0.0007644499133471556
2024-11-22,5969.33984375,0.33215741563789164,0.008121178547252597,0.0007644499133471556
2024-11-25,5987.3701171875,0.2876815051225177,0.007826286593635996,0.0007644499133471556
2024-11-26,6021.6298828125,0.6555796538687747,0.007537218723547793,0.0007644499133471556
2024-11-27,5998.740234375,-0.6186504711488869,0.007391784553938094,0.0007644499133471556
2024-11-29,6032.3798828125,0.6672130760968896,0.007235575345279077,0.0007644499133471556
2024-12-02,6047.14990234375,0.23649757120439832,0.007107954465127949,0.0007644499133471556
2024-12-03,6049.8798828125,-0.045698735099496866,0.0068514515914560046,0.0007644499133471556
2024-12-04,6086.490234375,0.7991905878734017,0.0065925847910806145,0.0007644499133471556
2024-12-05,6075.10986328125,-0.40226041237877813,0.006552908692012653,0.0007644499133471556
2024-12-06,6090.27001953125,0.27148935628140014,0.006364505326684645,0.0007644499133471556
2024-12-09,6052.85009765625,-1.1246596953380141,0.00615974523430622,0.0007644499133471556
2024-12-10,6034.91015625,-0.5910681150963978,0.006315235304170708,0.0007644499133471556
2024-12-11,6084.18994140625,1.1888260124454635,0.006197859418355459,0.0007644499133471556
2024-12-12,6051.25,-0.9683873862100819,0.0063953552710432114,0.0007644499133471556
2024-12-13,6051.08984375,-0.12257472171663777,0.0064525286424670205,0.0007644499133471556
2024-12-16,6074.080078125,0.48647550599917977,0.006223756505928542,0.0007644499133471556
2024-12-17,6050.60986328125,-0.7628517930927574,0.006077103620885053,0.0007644499133471556
2024-12-18,5872.16015625,-5.083691766829824,0.0060391063475137416,0.0007644499133471556
2024-12-19,5867.080078125,-0.1469724762670637,0.011090080981708376,0.0007644499133471556
2024-12-20,5930.85009765625,0.9486235598195114,0.010590111730897278,0.0007644499133471556
2024-12-23,5974.06982421875,0.6147606381181319,0.010567364384544208,0.0007644499133471556
2024-12-24,6040.0400390625,0.9938753416742468,0.010280749328750984,0.0007644499133471556
2024-12-26,6037.58984375,-0.11355922295921844,0.010304676019359655,0.0007644499133471556
2024-12-27,5970.83984375,-1.2070014038178571,0.009844027389426621,0.0007644499133471556
2024-12-30,5906.93994140625,-1.1424780681086912,0.010086954119088195,0.0007644499133471556
2024-12-31,5881.6298828125,-0.4929173062476624,0.010262281945093406,0.0007644499133471556
2025-01-02,5868.5498046875,-0.301493916419524,0.009919978148529136,0.0007644499133471556
2025-01-03,5942.47021484375,1.2346393598264913,0.009519303512347619,0.0007644499133471556
2025-01-06,5975.3798828125,0.48615052622078814,0.009787743356900119,0.0007644499133471556
2025-01-07,5909.02978515625,-1.2606372056704027,0.009463842076309006,0.0007644499133471556
2025-01-08,5918.25,0.0814271603528803,0.009759571340080217,0.0007644499133471556
2025-01-10,5827.0400390625,-1.7472118065754556,0.009326910167531977,0.0007644499133471556
2025-01-13,5836.22021484375,0.07918852596470466,0.01022565396745584,0.0007644499133471556
2025-01-14,5842.91015625,0.03903013525357942,0.009766131178911439,0.0007644499133471556
2025-01-15,5949.91015625,1.8629700152758781,0.009330629290131167,0.0007644499133471556
2025-01-16,5937.33984375,-0.2769647531004181,0.010396175765982585,0.0007644499133471556
2025-01-17,5996.66015625,0.9211035516567485,0.009963080023457254,0.0007644499133471556
2025-01-21,6049.240234375,0.8026264021978446,0.00992436768269356,0.0007644499133471556
2025-01-22,6086.3701171875,0.5469710099987004,0.009789789725162392,0.0007644499133471556
2025-01-23,6118.7099609375,0.4775778523326412,0.009495770216378317,0.0007644499133471556
2025-01-24,6101.240234375,-0.39466821117721385,0.009181549958143999,0.0007644499133471556
2025-01-27,6012.27978515625,-1.7461087785504499,0.00884968286929268,0.0007644499133471556
2025-01-28,6067.7001953125,0.8664947178100508,0.009707150074299137,0.0007644499133471556
2025-01-29,6039.31005859375,-0.5665301287043409,0.00962760088813078,0.0007644499133471556
2025-01-30,6071.169921875,0.4809339159064302,0.009350761279452021,0.0007644499133471556
2025-01-31,6040.52978515625,-0.6439102810655885,0.009044822042562036,0.0007644499133471556
2025-02-03,5994.56982421875,-0.9511354276272374,0.008833800528072928,0.0007644499133471556
2025-02-04,6037.8798828125,0.7280828802947795,0.008837534384927213,0.0007644499133471556
2025-02-05,6061.47998046875,0.3612075626039255,0.008683660939031432,0.0007644499133471556
2025-02-06,6083.56982421875,0.34341542995503593,0.008366614284906499,0.0007644499133471556
2025-02-07,6025.990234375,-1.2745127708620707,0.00806135163326602,0.0007644499133471556
2025-02-10,6066.43994140625,0.7099992768951465,0.008346011855140417,0.0007644499133471556
2025-02-11,6068.5,-0.051831477902311435,0.008198198987768988,0.0007644499133471556
2025-02-12,6051.97021484375,-0.44452117275889697,0.00785571828068754,0.0007644499133471556
2025-02-13,6115.06982421875,1.262689547392139,0.007609046357223695,0.0007644499133471556
2025-02-14,6114.6298828125,-0.10620024964554242,0.00787565294538606,0.0007644499133471556
2025-02-18,6129.580078125,0.2220126469760572,0.007556117928658217,0.0007644499133471556
2025-02-19,6144.14990234375,0.22140940632437414,0.007270237431190303,0.0007644499133471556
2025-02-20,6117.52001953125,-0.7295705206144198,0.007001454490424835,0.0007644499133471556
2025-02-21,6013.1298828125,-2.600395574354392,0.006912735417321731,0.0007644499133471556
2025-02-24,5983.25,-0.664767800507161,0.008643534592403307,0.0007644499133471556
2025-02-25,5955.25,-0.6448615787451881,0.008459435685961804,0.0007644499133471556
2025-02-26,5956.06005859375,-0.07597427049042793,0.0082716803953105,0.0007644499133471556
2025-02-27,5861.56982421875,-2.1140736198866894,0.007926021324068134,0.0007644499133471556
2025-02-28,5954.5,1.6304698234378863,0.009178538782006683,0.0007644499133471556
2025-03-03,5849.72021484375,-1.869001228572943,0.009907886778541682,0.0007644499133471556
2025-03-04,5778.14990234375,-1.1841070885439984,0.011041854466836771,0.0007644499133471556
2025-03-05,5842.6298828125,0.9166406269513767,0.011272708531100977,0.0007644499133471556
2025-03-06,5738.52001953125,-1.6721627141973308,0.011209511407985349,0.0007644499133471556
2025-03-07,5770.2001953125,0.39042207587949623,0.01214323017321033,0.0007644499133471556
2025-03-10,5614.56005859375,-2.409852221244489,0.01166378230747272,0.0007644499133471556
2025-03-11,5572.06982421875,-0.593870053084484,0.0140790005969442,0.0007644499133471556
2025-03-12,5599.2998046875,0.3012298596941881,0.013645785418871374,0.0007644499133471556
2025-03-13,5521.52001953125,-1.1301816846181274,0.013053491240035511,0.0007644499133471556
2025-03-14,5638.93994140625,1.532434566304355,0.013232836484988488,0.0007644499133471556
2025-03-17,5675.1201171875,0.4005743306212709,0.014057778122040903,0.0007644499133471556
2025-03-18,5614.66015625,-0.8504410192932912,0.01349313676944061,0.0007644499133471556
2025-03-19,5675.2900390625,0.748800049928624,0.01332286003527583,0.0007644499133471556
2025-03-20,5662.89013671875,-0.22615231862809895,0.013051970658696548,0.0007644499133471556
2025-03-21,5667.56005859375,0.004802913786954193,0.012464036861908476,0.0007644499133471556
2025-03-24,5767.56982421875,1.4085845582791288,0.01187551511691158,0.0007644499133471556
2025-03-25,5776.64990234375,0.06504751533870519,0.01243161361500148,0.0007644499133471556
2025-03-26,5712.2001953125,-1.011530973717764,0.011847477321331115,0.0007644499133471556
2025-03-27,5693.31005859375,-0.34322645518101524,0.011878195456492806,0.0007644499133471556
2025-03-28,5580.93994140625,-1.8170984725461075,0.01139126544484808,0.0007644499133471556
2025-03-31,5611.85009765625,0.3780712237566526,0.012587021030094543,0.0007644499133471556
2025-04-01,5633.06982421875,0.24913376369175913,0.012080476757813556,0.0007644499133471556
2025-04-02,5670.97021484375,0.5143779004725397,0.011550285326564349,0.0007644499133471556
2025-04-03,5396.52001953125,-4.5123226194017425,0.011162845831493769,0.0007644499133471556
2025-04-04,5074.080078125,-3.320621447878417,0.01878368636431871,0.0007644499133471556
2025-04-07,5062.25,-0.11830992481423966,0.026190909377856304,0.0007644499133471556
2025-04-08,4982.77001953125,-0.6665138794368308,0.024890004097768065,0.0007644499133471556
2025-04-09,5456.89990234375,3.727160901636491,0.0241820603666763,0.0007644499133471556
2025-04-10,5268.0498046875,-1.0002566517187115,0.035975823680479184,0.0007644499133471556
2025-04-11,5363.35986328125,0.47824951040501607,0.035893253519263556,0.0007644499133471556
2025-04-14,5405.97021484375,0.2073594786424955,0.03447573006933078,0.0007644499133471556
2025-04-15,5396.6298828125,-0.07602935735024066,0.03279950305459436,0.0007644499133471556
2025-04-16,5275.7001953125,-0.7521899315215206,0.03114599504258241,0.0007644499133471556
2025-04-17,5282.7001953125,0.018451094756139055,0.03043227070517288,0.0007644499133471556
2025-04-21,5158.2001953125,-0.8519121062658179,0.028892767301143332,0.0007644499133471556
